date,annee,jour,mois,heure,retours,prets,connexions_postes
2021-01-01,2021,1,1,11:00:00,5,0,0
2021-01-01,2021,1,1,12:00:00,1,0,0
2021-01-01,2021,1,1,13:00:00,3,0,0
2021-01-01,2021,1,1,16:00:00,3,0,0
2021-01-01,2021,1,1,18:00:00,2,0,0
2021-01-02,2021,2,1,09:00:00,10,9,4
2021-01-02,2021,2,1,10:00:00,76,39,4
2021-01-02,2021,2,1,11:00:00,103,104,8
2021-01-02,2021,2,1,12:00:00,70,19,6
2021-01-02,2021,2,1,13:00:00,108,190,16
2021-01-02,2021,2,1,14:00:00,158,301,28
2021-01-02,2021,2,1,15:00:00,182,264,37
2021-01-02,2021,2,1,16:00:00,202,366,24
2021-01-02,2021,2,1,17:00:00,109,264,4
2021-01-02,2021,2,1,18:00:00,9,4,0
2021-01-03,2021,3,1,06:00:00,1,0,0
2021-01-03,2021,3,1,10:00:00,1,0,0
2021-01-03,2021,3,1,11:00:00,7,0,0
2021-01-03,2021,3,1,13:00:00,9,0,0
2021-01-03,2021,3,1,16:00:00,10,0,0
2021-01-04,2021,4,1,07:00:00,3,0,0
2021-01-04,2021,4,1,08:00:00,6,0,0
2021-01-04,2021,4,1,09:00:00,4,0,0
2021-01-04,2021,4,1,11:00:00,59,0,0
2021-01-04,2021,4,1,15:00:00,2,0,0
2021-01-04,2021,4,1,17:00:00,7,0,0
2021-01-05,2021,5,1,08:00:00,13,0,0
2021-01-05,2021,5,1,09:00:00,77,11,12
2021-01-05,2021,5,1,10:00:00,115,125,20
2021-01-05,2021,5,1,11:00:00,100,129,13
2021-01-05,2021,5,1,12:00:00,108,86,13
2021-01-05,2021,5,1,13:00:00,113,129,14
2021-01-05,2021,5,1,14:00:00,183,143,34
2021-01-05,2021,5,1,15:00:00,149,165,19
2021-01-05,2021,5,1,16:00:00,142,175,12
2021-01-05,2021,5,1,17:00:00,154,186,9
2021-01-05,2021,5,1,18:00:00,26,38,2
2021-01-06,2021,6,1,06:00:00,1,0,0
2021-01-06,2021,6,1,08:00:00,38,0,0
2021-01-06,2021,6,1,09:00:00,34,8,4
2021-01-06,2021,6,1,10:00:00,169,179,9
2021-01-06,2021,6,1,11:00:00,169,135,11
2021-01-06,2021,6,1,12:00:00,174,65,5
2021-01-06,2021,6,1,13:00:00,186,270,12
2021-01-06,2021,6,1,14:00:00,331,171,29
2021-01-06,2021,6,1,15:00:00,268,357,24
2021-01-06,2021,6,1,16:00:00,257,289,20
2021-01-06,2021,6,1,17:00:00,143,164,7
2021-01-06,2021,6,1,18:00:00,14,76,2
2021-01-06,2021,6,1,19:00:00,20,0,0
2021-01-07,2021,7,1,08:00:00,8,0,0
2021-01-07,2021,7,1,09:00:00,36,30,8
2021-01-07,2021,7,1,10:00:00,62,43,6
2021-01-07,2021,7,1,11:00:00,78,66,7
2021-01-07,2021,7,1,12:00:00,61,60,7
2021-01-07,2021,7,1,13:00:00,55,70,8
2021-01-07,2021,7,1,14:00:00,76,52,16
2021-01-07,2021,7,1,15:00:00,35,92,22
2021-01-07,2021,7,1,16:00:00,105,107,13
2021-01-07,2021,7,1,17:00:00,144,89,26
2021-01-07,2021,7,1,18:00:00,33,61,2
2021-01-08,2021,8,1,08:00:00,9,0,0
2021-01-08,2021,8,1,09:00:00,22,6,3
2021-01-08,2021,8,1,10:00:00,124,105,13
2021-01-08,2021,8,1,11:00:00,125,92,18
2021-01-08,2021,8,1,12:00:00,40,79,11
2021-01-08,2021,8,1,13:00:00,63,55,8
2021-01-08,2021,8,1,14:00:00,63,50,26
2021-01-08,2021,8,1,15:00:00,115,95,17
2021-01-08,2021,8,1,16:00:00,183,66,13
2021-01-08,2021,8,1,17:00:00,148,106,9
2021-01-08,2021,8,1,18:00:00,15,36,2
2021-01-08,2021,8,1,19:00:00,8,0,0
2021-01-09,2021,9,1,08:00:00,20,0,0
2021-01-09,2021,9,1,09:00:00,90,36,4
2021-01-09,2021,9,1,10:00:00,174,192,5
2021-01-09,2021,9,1,11:00:00,341,335,16
2021-01-09,2021,9,1,12:00:00,105,270,9
2021-01-09,2021,9,1,13:00:00,181,106,10
2021-01-09,2021,9,1,14:00:00,247,375,34
2021-01-09,2021,9,1,15:00:00,473,430,34
2021-01-09,2021,9,1,16:00:00,289,480,21
2021-01-09,2021,9,1,17:00:00,230,264,13
2021-01-09,2021,9,1,18:00:00,77,180,4
2021-01-10,2021,10,1,10:00:00,6,0,0
2021-01-10,2021,10,1,11:00:00,8,0,0
2021-01-10,2021,10,1,15:00:00,1,0,0
2021-01-10,2021,10,1,18:00:00,1,0,0
2021-01-11,2021,11,1,07:00:00,3,0,0
2021-01-11,2021,11,1,09:00:00,11,0,0
2021-01-11,2021,11,1,11:00:00,5,0,0
2021-01-11,2021,11,1,12:00:00,6,0,0
2021-01-11,2021,11,1,14:00:00,2,0,0
2021-01-11,2021,11,1,15:00:00,5,0,0
2021-01-11,2021,11,1,16:00:00,1,0,0
2021-01-11,2021,11,1,17:00:00,1,0,0
2021-01-11,2021,11,1,18:00:00,13,0,0
2021-01-12,2021,12,1,08:00:00,11,0,0
2021-01-12,2021,12,1,09:00:00,52,17,5
2021-01-12,2021,12,1,10:00:00,65,86,12
2021-01-12,2021,12,1,11:00:00,53,83,7
2021-01-12,2021,12,1,12:00:00,149,77,5
2021-01-12,2021,12,1,13:00:00,139,116,13
2021-01-12,2021,12,1,14:00:00,159,110,29
2021-01-12,2021,12,1,15:00:00,88,134,22
2021-01-12,2021,12,1,16:00:00,79,88,18
2021-01-12,2021,12,1,17:00:00,80,131,14
2021-01-12,2021,12,1,18:00:00,60,51,14
2021-01-12,2021,12,1,19:00:00,3,0,0
2021-01-13,2021,13,1,07:00:00,1,0,0
2021-01-13,2021,13,1,08:00:00,4,0,0
2021-01-13,2021,13,1,09:00:00,34,89,4
2021-01-13,2021,13,1,10:00:00,174,122,8
2021-01-13,2021,13,1,11:00:00,120,169,14
2021-01-13,2021,13,1,12:00:00,74,61,14
2021-01-13,2021,13,1,13:00:00,151,140,11
2021-01-13,2021,13,1,14:00:00,230,156,32
2021-01-13,2021,13,1,15:00:00,232,284,26
2021-01-13,2021,13,1,16:00:00,215,102,18
2021-01-13,2021,13,1,17:00:00,105,141,17
2021-01-13,2021,13,1,18:00:00,118,126,2
2021-01-13,2021,13,1,19:00:00,2,0,0
2021-01-14,2021,14,1,06:00:00,1,0,0
2021-01-14,2021,14,1,08:00:00,32,0,0
2021-01-14,2021,14,1,09:00:00,11,1,6
2021-01-14,2021,14,1,10:00:00,102,24,11
2021-01-14,2021,14,1,11:00:00,87,81,8
2021-01-14,2021,14,1,12:00:00,31,39,11
2021-01-14,2021,14,1,13:00:00,62,64,5
2021-01-14,2021,14,1,14:00:00,118,55,21
2021-01-14,2021,14,1,15:00:00,102,59,9
2021-01-14,2021,14,1,16:00:00,36,69,13
2021-01-14,2021,14,1,17:00:00,64,89,12
2021-01-14,2021,14,1,18:00:00,24,36,1
2021-01-14,2021,14,1,19:00:00,8,0,0
2021-01-15,2021,15,1,08:00:00,3,0,0
2021-01-15,2021,15,1,09:00:00,15,19,4
2021-01-15,2021,15,1,10:00:00,64,103,4
2021-01-15,2021,15,1,11:00:00,47,57,7
2021-01-15,2021,15,1,12:00:00,51,39,10
2021-01-15,2021,15,1,13:00:00,82,82,11
2021-01-15,2021,15,1,14:00:00,121,73,16
2021-01-15,2021,15,1,15:00:00,161,102,18
2021-01-15,2021,15,1,16:00:00,95,67,14
2021-01-15,2021,15,1,17:00:00,178,140,15
2021-01-15,2021,15,1,18:00:00,28,98,6
2021-01-15,2021,15,1,20:00:00,1,0,0
2021-01-16,2021,16,1,07:00:00,5,0,0
2021-01-16,2021,16,1,08:00:00,4,0,0
2021-01-16,2021,16,1,09:00:00,63,42,4
2021-01-16,2021,16,1,10:00:00,188,157,19
2021-01-16,2021,16,1,11:00:00,435,389,7
2021-01-16,2021,16,1,12:00:00,159,283,6
2021-01-16,2021,16,1,13:00:00,223,191,8
2021-01-16,2021,16,1,14:00:00,179,165,31
2021-01-16,2021,16,1,15:00:00,193,256,21
2021-01-16,2021,16,1,16:00:00,123,178,13
2021-01-16,2021,16,1,17:00:00,74,80,7
2021-01-17,2021,17,1,09:00:00,3,0,0
2021-01-17,2021,17,1,13:00:00,5,0,0
2021-01-17,2021,17,1,14:00:00,5,0,0
2021-01-17,2021,17,1,16:00:00,12,0,0
2021-01-18,2021,18,1,08:00:00,8,0,0
2021-01-18,2021,18,1,10:00:00,3,0,0
2021-01-18,2021,18,1,12:00:00,9,0,0
2021-01-18,2021,18,1,13:00:00,11,0,0
2021-01-18,2021,18,1,14:00:00,1,0,0
2021-01-18,2021,18,1,15:00:00,5,0,0
2021-01-18,2021,18,1,16:00:00,9,0,0
2021-01-18,2021,18,1,17:00:00,3,0,0
2021-01-19,2021,19,1,06:00:00,1,0,0
2021-01-19,2021,19,1,07:00:00,3,0,0
2021-01-19,2021,19,1,08:00:00,17,0,0
2021-01-19,2021,19,1,09:00:00,100,19,7
2021-01-19,2021,19,1,10:00:00,136,102,10
2021-01-19,2021,19,1,11:00:00,66,102,5
2021-01-19,2021,19,1,12:00:00,100,81,7
2021-01-19,2021,19,1,13:00:00,187,177,15
2021-01-19,2021,19,1,14:00:00,145,95,43
2021-01-19,2021,19,1,15:00:00,254,299,18
2021-01-19,2021,19,1,16:00:00,174,179,13
2021-01-19,2021,19,1,17:00:00,59,96,5
2021-01-19,2021,19,1,18:00:00,1,0,0
2021-01-20,2021,20,1,06:00:00,1,0,0
2021-01-20,2021,20,1,07:00:00,7,0,0
2021-01-20,2021,20,1,08:00:00,35,0,0
2021-01-20,2021,20,1,09:00:00,128,51,5
2021-01-20,2021,20,1,10:00:00,174,196,4
2021-01-20,2021,20,1,11:00:00,237,80,4
2021-01-20,2021,20,1,12:00:00,72,87,9
2021-01-20,2021,20,1,13:00:00,186,208,12
2021-01-20,2021,20,1,14:00:00,316,259,29
2021-01-20,2021,20,1,15:00:00,284,289,39
2021-01-20,2021,20,1,16:00:00,124,225,19
2021-01-20,2021,20,1,17:00:00,111,154,3
2021-01-21,2021,21,1,08:00:00,4,0,0
2021-01-21,2021,21,1,09:00:00,25,94,6
2021-01-21,2021,21,1,10:00:00,68,62,4
2021-01-21,2021,21,1,11:00:00,123,85,14
2021-01-21,2021,21,1,12:00:00,127,54,13
2021-01-21,2021,21,1,13:00:00,59,95,11
2021-01-21,2021,21,1,14:00:00,127,156,13
2021-01-21,2021,21,1,15:00:00,75,86,15
2021-01-21,2021,21,1,16:00:00,90,87,20
2021-01-21,2021,21,1,17:00:00,40,78,9
2021-01-22,2021,22,1,07:00:00,3,0,0
2021-01-22,2021,22,1,08:00:00,16,0,0
2021-01-22,2021,22,1,09:00:00,51,10,4
2021-01-22,2021,22,1,10:00:00,91,85,9
2021-01-22,2021,22,1,11:00:00,110,101,8
2021-01-22,2021,22,1,12:00:00,105,64,8
2021-01-22,2021,22,1,13:00:00,61,50,5
2021-01-22,2021,22,1,14:00:00,54,61,16
2021-01-22,2021,22,1,15:00:00,150,128,16
2021-01-22,2021,22,1,16:00:00,86,66,15
2021-01-22,2021,22,1,17:00:00,85,29,7
2021-01-23,2021,23,1,08:00:00,2,0,0
2021-01-23,2021,23,1,09:00:00,43,13,1
2021-01-23,2021,23,1,10:00:00,185,203,9
2021-01-23,2021,23,1,11:00:00,268,245,10
2021-01-23,2021,23,1,12:00:00,195,203,9
2021-01-23,2021,23,1,13:00:00,197,259,17
2021-01-23,2021,23,1,14:00:00,334,269,30
2021-01-23,2021,23,1,15:00:00,419,361,27
2021-01-23,2021,23,1,16:00:00,353,461,16
2021-01-23,2021,23,1,17:00:00,133,167,5
2021-01-24,2021,24,1,08:00:00,1,0,0
2021-01-24,2021,24,1,10:00:00,10,0,0
2021-01-24,2021,24,1,11:00:00,2,0,0
2021-01-24,2021,24,1,12:00:00,1,0,0
2021-01-24,2021,24,1,14:00:00,7,0,0
2021-01-25,2021,25,1,07:00:00,11,0,0
2021-01-25,2021,25,1,08:00:00,4,0,0
2021-01-25,2021,25,1,09:00:00,10,0,0
2021-01-25,2021,25,1,10:00:00,3,0,0
2021-01-25,2021,25,1,11:00:00,41,0,0
2021-01-25,2021,25,1,12:00:00,11,0,0
2021-01-25,2021,25,1,13:00:00,16,0,0
2021-01-25,2021,25,1,14:00:00,14,0,0
2021-01-25,2021,25,1,15:00:00,16,0,0
2021-01-25,2021,25,1,17:00:00,15,0,0
2021-01-26,2021,26,1,07:00:00,1,0,0
2021-01-26,2021,26,1,08:00:00,16,0,0
2021-01-26,2021,26,1,09:00:00,101,28,10
2021-01-26,2021,26,1,10:00:00,149,86,15
2021-01-26,2021,26,1,11:00:00,114,188,9
2021-01-26,2021,26,1,12:00:00,108,121,4
2021-01-26,2021,26,1,13:00:00,173,156,22
2021-01-26,2021,26,1,14:00:00,220,157,29
2021-01-26,2021,26,1,15:00:00,153,171,30
2021-01-26,2021,26,1,16:00:00,119,151,19
2021-01-26,2021,26,1,17:00:00,89,95,12
2021-01-26,2021,26,1,18:00:00,9,0,0
2021-01-26,2021,26,1,20:00:00,4,0,0
2021-01-27,2021,27,1,08:00:00,17,0,0
2021-01-27,2021,27,1,09:00:00,52,5,5
2021-01-27,2021,27,1,10:00:00,192,264,13
2021-01-27,2021,27,1,11:00:00,207,240,10
2021-01-27,2021,27,1,12:00:00,133,184,15
2021-01-27,2021,27,1,13:00:00,218,258,21
2021-01-27,2021,27,1,14:00:00,356,300,28
2021-01-27,2021,27,1,15:00:00,268,308,35
2021-01-27,2021,27,1,16:00:00,388,432,27
2021-01-27,2021,27,1,17:00:00,85,213,6
2021-01-27,2021,27,1,18:00:00,1,0,0
2021-01-27,2021,27,1,19:00:00,1,0,0
2021-01-28,2021,28,1,08:00:00,9,0,0
2021-01-28,2021,28,1,09:00:00,72,6,18
2021-01-28,2021,28,1,10:00:00,98,61,12
2021-01-28,2021,28,1,11:00:00,141,62,11
2021-01-28,2021,28,1,12:00:00,50,51,8
2021-01-28,2021,28,1,13:00:00,114,108,10
2021-01-28,2021,28,1,14:00:00,113,64,23
2021-01-28,2021,28,1,15:00:00,80,103,28
2021-01-28,2021,28,1,16:00:00,119,192,16
2021-01-28,2021,28,1,17:00:00,40,62,8
2021-01-28,2021,28,1,18:00:00,8,0,0
2021-01-29,2021,29,1,07:00:00,6,0,0
2021-01-29,2021,29,1,08:00:00,10,0,0
2021-01-29,2021,29,1,09:00:00,28,4,12
2021-01-29,2021,29,1,10:00:00,108,123,7
2021-01-29,2021,29,1,11:00:00,27,42,15
2021-01-29,2021,29,1,12:00:00,139,60,13
2021-01-29,2021,29,1,13:00:00,133,77,16
2021-01-29,2021,29,1,14:00:00,88,66,17
2021-01-29,2021,29,1,15:00:00,97,121,22
2021-01-29,2021,29,1,16:00:00,91,164,21
2021-01-29,2021,29,1,17:00:00,115,185,19
2021-01-30,2021,30,1,08:00:00,14,0,0
2021-01-30,2021,30,1,09:00:00,97,30,9
2021-01-30,2021,30,1,10:00:00,220,193,15
2021-01-30,2021,30,1,11:00:00,306,441,15
2021-01-30,2021,30,1,12:00:00,105,219,5
2021-01-30,2021,30,1,13:00:00,189,144,18
2021-01-30,2021,30,1,14:00:00,296,390,25
2021-01-30,2021,30,1,15:00:00,413,414,14
2021-01-30,2021,30,1,16:00:00,272,350,16
2021-01-30,2021,30,1,17:00:00,173,163,5
2021-01-31,2021,31,1,10:00:00,7,0,0
2021-01-31,2021,31,1,13:00:00,12,0,0
2021-01-31,2021,31,1,14:00:00,7,0,0
2021-01-31,2021,31,1,15:00:00,2,0,0
2021-01-31,2021,31,1,16:00:00,12,0,0
2021-02-01,2021,1,2,06:00:00,1,0,0
2021-02-01,2021,1,2,07:00:00,5,0,0
2021-02-01,2021,1,2,08:00:00,20,0,0
2021-02-01,2021,1,2,09:00:00,1,0,0
2021-02-01,2021,1,2,10:00:00,2,0,0
2021-02-01,2021,1,2,11:00:00,42,0,0
2021-02-01,2021,1,2,12:00:00,3,0,0
2021-02-01,2021,1,2,13:00:00,6,0,0
2021-02-01,2021,1,2,14:00:00,7,0,0
2021-02-01,2021,1,2,15:00:00,22,0,0
2021-02-01,2021,1,2,16:00:00,11,0,0
2021-02-01,2021,1,2,17:00:00,1,0,0
2021-02-02,2021,2,2,08:00:00,10,0,0
2021-02-02,2021,2,2,09:00:00,46,15,15
2021-02-02,2021,2,2,10:00:00,67,78,18
2021-02-02,2021,2,2,11:00:00,71,48,15
2021-02-02,2021,2,2,12:00:00,65,132,9
2021-02-02,2021,2,2,13:00:00,104,135,15
2021-02-02,2021,2,2,14:00:00,71,116,28
2021-02-02,2021,2,2,15:00:00,126,107,22
2021-02-02,2021,2,2,16:00:00,96,130,21
2021-02-02,2021,2,2,17:00:00,70,111,6
2021-02-03,2021,3,2,06:00:00,1,0,0
2021-02-03,2021,3,2,07:00:00,1,0,0
2021-02-03,2021,3,2,08:00:00,18,0,1
2021-02-03,2021,3,2,09:00:00,70,11,9
2021-02-03,2021,3,2,10:00:00,265,229,19
2021-02-03,2021,3,2,11:00:00,219,247,11
2021-02-03,2021,3,2,12:00:00,76,92,9
2021-02-03,2021,3,2,13:00:00,143,131,19
2021-02-03,2021,3,2,14:00:00,290,362,41
2021-02-03,2021,3,2,15:00:00,213,299,33
2021-02-03,2021,3,2,16:00:00,237,301,26
2021-02-03,2021,3,2,17:00:00,108,108,9
2021-02-03,2021,3,2,18:00:00,2,0,0
2021-02-04,2021,4,2,07:00:00,2,0,0
2021-02-04,2021,4,2,08:00:00,3,0,0
2021-02-04,2021,4,2,09:00:00,33,42,13
2021-02-04,2021,4,2,10:00:00,75,76,16
2021-02-04,2021,4,2,11:00:00,32,54,5
2021-02-04,2021,4,2,12:00:00,96,91,12
2021-02-04,2021,4,2,13:00:00,64,73,10
2021-02-04,2021,4,2,14:00:00,93,66,24
2021-02-04,2021,4,2,15:00:00,108,90,26
2021-02-04,2021,4,2,16:00:00,54,94,21
2021-02-04,2021,4,2,17:00:00,86,77,7
2021-02-04,2021,4,2,19:00:00,3,0,0
2021-02-05,2021,5,2,08:00:00,7,0,0
2021-02-05,2021,5,2,09:00:00,23,20,14
2021-02-05,2021,5,2,10:00:00,43,35,15
2021-02-05,2021,5,2,11:00:00,62,67,13
2021-02-05,2021,5,2,12:00:00,66,77,11
2021-02-05,2021,5,2,13:00:00,66,67,18
2021-02-05,2021,5,2,14:00:00,75,60,25
2021-02-05,2021,5,2,15:00:00,121,123,18
2021-02-05,2021,5,2,16:00:00,80,208,20
2021-02-05,2021,5,2,17:00:00,104,195,10
2021-02-05,2021,5,2,18:00:00,1,0,0
2021-02-06,2021,6,2,07:00:00,4,0,0
2021-02-06,2021,6,2,08:00:00,12,0,1
2021-02-06,2021,6,2,09:00:00,34,25,7
2021-02-06,2021,6,2,10:00:00,289,242,11
2021-02-06,2021,6,2,11:00:00,386,577,13
2021-02-06,2021,6,2,12:00:00,140,135,13
2021-02-06,2021,6,2,13:00:00,206,99,11
2021-02-06,2021,6,2,14:00:00,281,255,27
2021-02-06,2021,6,2,15:00:00,386,382,35
2021-02-06,2021,6,2,16:00:00,213,327,13
2021-02-06,2021,6,2,17:00:00,59,231,6
2021-02-06,2021,6,2,18:00:00,1,0,0
2021-02-06,2021,6,2,23:00:00,1,0,0
2021-02-07,2021,7,2,09:00:00,1,0,0
2021-02-07,2021,7,2,14:00:00,30,0,0
2021-02-07,2021,7,2,15:00:00,1,0,0
2021-02-08,2021,8,2,06:00:00,2,0,0
2021-02-08,2021,8,2,08:00:00,3,0,0
2021-02-08,2021,8,2,10:00:00,5,0,0
2021-02-08,2021,8,2,15:00:00,3,0,0
2021-02-08,2021,8,2,17:00:00,2,0,0
2021-02-09,2021,9,2,08:00:00,21,0,1
2021-02-09,2021,9,2,09:00:00,69,6,6
2021-02-09,2021,9,2,10:00:00,113,116,13
2021-02-09,2021,9,2,11:00:00,104,128,4
2021-02-09,2021,9,2,12:00:00,81,114,14
2021-02-09,2021,9,2,13:00:00,111,85,16
2021-02-09,2021,9,2,14:00:00,94,110,26
2021-02-09,2021,9,2,15:00:00,83,128,29
2021-02-09,2021,9,2,16:00:00,155,81,19
2021-02-09,2021,9,2,17:00:00,56,153,10
2021-02-10,2021,10,2,07:00:00,2,0,0
2021-02-10,2021,10,2,08:00:00,3,0,0
2021-02-10,2021,10,2,09:00:00,125,45,11
2021-02-10,2021,10,2,10:00:00,160,198,16
2021-02-10,2021,10,2,11:00:00,115,142,10
2021-02-10,2021,10,2,12:00:00,196,93,11
2021-02-10,2021,10,2,13:00:00,232,233,14
2021-02-10,2021,10,2,14:00:00,196,156,29
2021-02-10,2021,10,2,15:00:00,141,177,29
2021-02-10,2021,10,2,16:00:00,242,262,23
2021-02-10,2021,10,2,17:00:00,170,240,5
2021-02-10,2021,10,2,18:00:00,7,0,0
2021-02-11,2021,11,2,07:00:00,1,0,0
2021-02-11,2021,11,2,08:00:00,3,0,1
2021-02-11,2021,11,2,09:00:00,64,9,11
2021-02-11,2021,11,2,10:00:00,100,77,6
2021-02-11,2021,11,2,11:00:00,101,57,16
2021-02-11,2021,11,2,12:00:00,51,19,7
2021-02-11,2021,11,2,13:00:00,101,85,11
2021-02-11,2021,11,2,14:00:00,133,103,20
2021-02-11,2021,11,2,15:00:00,103,119,19
2021-02-11,2021,11,2,16:00:00,65,81,18
2021-02-11,2021,11,2,17:00:00,51,92,5
2021-02-11,2021,11,2,18:00:00,9,0,0
2021-02-12,2021,12,2,07:00:00,8,0,0
2021-02-12,2021,12,2,08:00:00,6,0,0
2021-02-12,2021,12,2,09:00:00,5,11,14
2021-02-12,2021,12,2,10:00:00,110,87,9
2021-02-12,2021,12,2,11:00:00,40,33,15
2021-02-12,2021,12,2,12:00:00,56,31,17
2021-02-12,2021,12,2,13:00:00,97,88,14
2021-02-12,2021,12,2,14:00:00,70,86,17
2021-02-12,2021,12,2,15:00:00,82,62,14
2021-02-12,2021,12,2,16:00:00,198,88,15
2021-02-12,2021,12,2,17:00:00,106,98,3
2021-02-12,2021,12,2,18:00:00,5,0,0
2021-02-13,2021,13,2,08:00:00,42,0,0
2021-02-13,2021,13,2,09:00:00,48,18,8
2021-02-13,2021,13,2,10:00:00,234,262,10
2021-02-13,2021,13,2,11:00:00,325,322,10
2021-02-13,2021,13,2,12:00:00,119,197,15
2021-02-13,2021,13,2,13:00:00,129,145,12
2021-02-13,2021,13,2,14:00:00,297,251,32
2021-02-13,2021,13,2,15:00:00,309,437,31
2021-02-13,2021,13,2,16:00:00,217,380,26
2021-02-13,2021,13,2,17:00:00,146,187,8
2021-02-13,2021,13,2,18:00:00,1,0,0
2021-02-14,2021,14,2,11:00:00,5,0,0
2021-02-14,2021,14,2,12:00:00,1,0,0
2021-02-14,2021,14,2,15:00:00,4,0,0
2021-02-14,2021,14,2,16:00:00,22,0,0
2021-02-14,2021,14,2,17:00:00,1,0,0
2021-02-15,2021,15,2,09:00:00,9,0,0
2021-02-15,2021,15,2,10:00:00,1,0,0
2021-02-15,2021,15,2,11:00:00,1,0,0
2021-02-15,2021,15,2,13:00:00,9,0,0
2021-02-15,2021,15,2,14:00:00,15,0,0
2021-02-15,2021,15,2,15:00:00,20,0,0
2021-02-15,2021,15,2,17:00:00,3,0,0
2021-02-16,2021,16,2,07:00:00,4,0,0
2021-02-16,2021,16,2,08:00:00,20,0,0
2021-02-16,2021,16,2,09:00:00,89,18,18
2021-02-16,2021,16,2,10:00:00,170,104,23
2021-02-16,2021,16,2,11:00:00,214,211,16
2021-02-16,2021,16,2,12:00:00,237,212,16
2021-02-16,2021,16,2,13:00:00,235,147,21
2021-02-16,2021,16,2,14:00:00,174,133,19
2021-02-16,2021,16,2,15:00:00,142,129,24
2021-02-16,2021,16,2,16:00:00,523,439,20
2021-02-16,2021,16,2,17:00:00,131,207,9
2021-02-16,2021,16,2,18:00:00,1,1,0
2021-02-17,2021,17,2,07:00:00,3,0,0
2021-02-17,2021,17,2,08:00:00,24,0,1
2021-02-17,2021,17,2,09:00:00,175,85,14
2021-02-17,2021,17,2,10:00:00,358,279,15
2021-02-17,2021,17,2,11:00:00,308,293,9
2021-02-17,2021,17,2,12:00:00,116,153,20
2021-02-17,2021,17,2,13:00:00,205,209,13
2021-02-17,2021,17,2,14:00:00,440,280,36
2021-02-17,2021,17,2,15:00:00,255,290,30
2021-02-17,2021,17,2,16:00:00,328,283,29
2021-02-17,2021,17,2,17:00:00,79,208,12
2021-02-18,2021,18,2,08:00:00,12,0,0
2021-02-18,2021,18,2,09:00:00,52,103,13
2021-02-18,2021,18,2,10:00:00,137,122,12
2021-02-18,2021,18,2,11:00:00,149,84,14
2021-02-18,2021,18,2,12:00:00,140,129,11
2021-02-18,2021,18,2,13:00:00,138,138,9
2021-02-18,2021,18,2,14:00:00,80,95,16
2021-02-18,2021,18,2,15:00:00,80,80,14
2021-02-18,2021,18,2,16:00:00,397,149,26
2021-02-18,2021,18,2,17:00:00,144,194,3
2021-02-19,2021,19,2,08:00:00,5,0,0
2021-02-19,2021,19,2,09:00:00,59,18,9
2021-02-19,2021,19,2,10:00:00,67,92,15
2021-02-19,2021,19,2,11:00:00,140,127,8
2021-02-19,2021,19,2,12:00:00,83,130,7
2021-02-19,2021,19,2,13:00:00,206,224,14
2021-02-19,2021,19,2,14:00:00,96,93,21
2021-02-19,2021,19,2,15:00:00,90,170,26
2021-02-19,2021,19,2,16:00:00,370,267,17
2021-02-19,2021,19,2,17:00:00,139,178,7
2021-02-19,2021,19,2,18:00:00,0,1,0
2021-02-20,2021,20,2,09:00:00,406,328,19
2021-02-20,2021,20,2,10:00:00,517,380,22
2021-02-20,2021,20,2,11:00:00,488,469,7
2021-02-20,2021,20,2,12:00:00,229,195,12
2021-02-20,2021,20,2,13:00:00,442,244,12
2021-02-20,2021,20,2,14:00:00,465,408,19
2021-02-20,2021,20,2,15:00:00,562,470,16
2021-02-20,2021,20,2,16:00:00,233,252,19
2021-02-20,2021,20,2,17:00:00,84,246,8
2021-02-20,2021,20,2,18:00:00,0,7,0
2021-02-21,2021,21,2,11:00:00,13,0,0
2021-02-21,2021,21,2,12:00:00,5,0,0
2021-02-21,2021,21,2,14:00:00,2,0,0
2021-02-22,2021,22,2,08:00:00,1,0,0
2021-02-22,2021,22,2,10:00:00,15,0,0
2021-02-22,2021,22,2,11:00:00,19,0,0
2021-02-22,2021,22,2,12:00:00,1,0,0
2021-02-22,2021,22,2,13:00:00,5,0,0
2021-02-22,2021,22,2,14:00:00,3,0,0
2021-02-22,2021,22,2,15:00:00,17,0,0
2021-02-22,2021,22,2,16:00:00,8,0,0
2021-02-22,2021,22,2,17:00:00,19,0,0
2021-02-22,2021,22,2,18:00:00,15,0,0
2021-02-23,2021,23,2,07:00:00,2,0,0
2021-02-23,2021,23,2,08:00:00,12,0,0
2021-02-23,2021,23,2,09:00:00,39,23,12
2021-02-23,2021,23,2,10:00:00,196,158,12
2021-02-23,2021,23,2,11:00:00,207,140,16
2021-02-23,2021,23,2,12:00:00,119,171,9
2021-02-23,2021,23,2,13:00:00,206,162,17
2021-02-23,2021,23,2,14:00:00,258,217,26
2021-02-23,2021,23,2,15:00:00,222,321,25
2021-02-23,2021,23,2,16:00:00,131,161,25
2021-02-23,2021,23,2,17:00:00,78,242,13
2021-02-24,2021,24,2,08:00:00,12,0,0
2021-02-24,2021,24,2,09:00:00,53,8,11
2021-02-24,2021,24,2,10:00:00,123,150,11
2021-02-24,2021,24,2,11:00:00,120,128,12
2021-02-24,2021,24,2,12:00:00,74,76,12
2021-02-24,2021,24,2,13:00:00,159,164,16
2021-02-24,2021,24,2,14:00:00,220,131,30
2021-02-24,2021,24,2,15:00:00,121,152,26
2021-02-24,2021,24,2,16:00:00,96,126,9
2021-02-24,2021,24,2,17:00:00,46,84,8
2021-02-24,2021,24,2,19:00:00,1,0,0
2021-02-25,2021,25,2,08:00:00,5,0,1
2021-02-25,2021,25,2,09:00:00,39,12,12
2021-02-25,2021,25,2,10:00:00,37,62,12
2021-02-25,2021,25,2,11:00:00,59,57,16
2021-02-25,2021,25,2,12:00:00,87,88,17
2021-02-25,2021,25,2,13:00:00,82,118,15
2021-02-25,2021,25,2,14:00:00,191,128,31
2021-02-25,2021,25,2,15:00:00,183,232,27
2021-02-25,2021,25,2,16:00:00,157,216,17
2021-02-25,2021,25,2,17:00:00,59,122,7
2021-02-25,2021,25,2,18:00:00,6,0,0
2021-02-26,2021,26,2,07:00:00,1,0,0
2021-02-26,2021,26,2,08:00:00,6,0,0
2021-02-26,2021,26,2,09:00:00,60,24,14
2021-02-26,2021,26,2,10:00:00,101,97,15
2021-02-26,2021,26,2,11:00:00,88,86,11
2021-02-26,2021,26,2,12:00:00,69,57,10
2021-02-26,2021,26,2,13:00:00,112,108,12
2021-02-26,2021,26,2,14:00:00,199,248,29
2021-02-26,2021,26,2,15:00:00,247,243,19
2021-02-26,2021,26,2,16:00:00,165,219,27
2021-02-26,2021,26,2,17:00:00,65,94,14
2021-02-26,2021,26,2,18:00:00,1,0,0
2021-02-27,2021,27,2,08:00:00,10,0,0
2021-02-27,2021,27,2,09:00:00,51,23,11
2021-02-27,2021,27,2,10:00:00,210,180,11
2021-02-27,2021,27,2,11:00:00,129,131,10
2021-02-27,2021,27,2,12:00:00,59,67,6
2021-02-27,2021,27,2,13:00:00,173,128,14
2021-02-27,2021,27,2,14:00:00,258,229,17
2021-02-27,2021,27,2,15:00:00,138,227,25
2021-02-27,2021,27,2,16:00:00,235,200,16
2021-02-27,2021,27,2,17:00:00,84,203,10
2021-02-28,2021,28,2,08:00:00,1,0,0
2021-02-28,2021,28,2,09:00:00,2,0,0
2021-02-28,2021,28,2,16:00:00,7,0,0
2021-02-28,2021,28,2,17:00:00,1,0,0
2021-03-01,2021,1,3,11:00:00,9,0,0
2021-03-01,2021,1,3,12:00:00,11,0,0
2021-03-01,2021,1,3,13:00:00,3,0,0
2021-03-01,2021,1,3,14:00:00,3,0,0
2021-03-01,2021,1,3,15:00:00,12,0,0
2021-03-01,2021,1,3,16:00:00,2,0,0
2021-03-01,2021,1,3,18:00:00,1,0,0
2021-03-02,2021,2,3,07:00:00,3,0,0
2021-03-02,2021,2,3,08:00:00,16,0,0
2021-03-02,2021,2,3,09:00:00,86,7,0
2021-03-02,2021,2,3,10:00:00,173,143,0
2021-03-02,2021,2,3,11:00:00,86,146,3
2021-03-02,2021,2,3,12:00:00,127,102,0
2021-03-02,2021,2,3,13:00:00,124,106,1
2021-03-02,2021,2,3,14:00:00,157,227,0
2021-03-02,2021,2,3,15:00:00,192,225,0
2021-03-02,2021,2,3,16:00:00,151,192,0
2021-03-02,2021,2,3,17:00:00,101,136,0
2021-03-02,2021,2,3,18:00:00,1,1,0
2021-03-02,2021,2,3,19:00:00,4,0,0
2021-03-03,2021,3,3,06:00:00,6,0,0
2021-03-03,2021,3,3,08:00:00,12,0,0
2021-03-03,2021,3,3,09:00:00,34,68,1
2021-03-03,2021,3,3,10:00:00,132,163,7
2021-03-03,2021,3,3,11:00:00,140,133,11
2021-03-03,2021,3,3,12:00:00,98,134,14
2021-03-03,2021,3,3,13:00:00,70,66,14
2021-03-03,2021,3,3,14:00:00,216,286,25
2021-03-03,2021,3,3,15:00:00,112,226,36
2021-03-03,2021,3,3,16:00:00,103,159,21
2021-03-03,2021,3,3,17:00:00,33,59,22
2021-03-04,2021,4,3,08:00:00,14,0,0
2021-03-04,2021,4,3,09:00:00,52,18,2
2021-03-04,2021,4,3,10:00:00,44,47,0
2021-03-04,2021,4,3,11:00:00,86,97,0
2021-03-04,2021,4,3,12:00:00,60,72,0
2021-03-04,2021,4,3,13:00:00,70,106,0
2021-03-04,2021,4,3,14:00:00,224,172,0
2021-03-04,2021,4,3,15:00:00,233,296,1
2021-03-04,2021,4,3,16:00:00,127,252,2
2021-03-04,2021,4,3,17:00:00,80,91,0
2021-03-05,2021,5,3,07:00:00,3,0,0
2021-03-05,2021,5,3,08:00:00,8,0,3
2021-03-05,2021,5,3,09:00:00,32,0,13
2021-03-05,2021,5,3,10:00:00,112,0,16
2021-03-05,2021,5,3,11:00:00,80,0,10
2021-03-05,2021,5,3,12:00:00,42,0,11
2021-03-05,2021,5,3,13:00:00,40,0,15
2021-03-05,2021,5,3,14:00:00,80,0,19
2021-03-05,2021,5,3,15:00:00,161,0,33
2021-03-05,2021,5,3,16:00:00,114,0,18
2021-03-05,2021,5,3,17:00:00,29,0,9
2021-03-05,2021,5,3,19:00:00,2,0,0
2021-03-06,2021,6,3,07:00:00,1,0,0
2021-03-06,2021,6,3,08:00:00,3,0,2
2021-03-06,2021,6,3,09:00:00,40,0,2
2021-03-06,2021,6,3,10:00:00,152,0,10
2021-03-06,2021,6,3,11:00:00,135,0,9
2021-03-06,2021,6,3,12:00:00,89,0,9
2021-03-06,2021,6,3,13:00:00,68,0,8
2021-03-06,2021,6,3,14:00:00,142,0,22
2021-03-06,2021,6,3,15:00:00,225,0,25
2021-03-06,2021,6,3,16:00:00,117,0,28
2021-03-06,2021,6,3,17:00:00,88,0,9
2021-03-07,2021,7,3,10:00:00,6,0,0
2021-03-07,2021,7,3,14:00:00,8,0,0
2021-03-07,2021,7,3,16:00:00,8,0,0
2021-03-07,2021,7,3,17:00:00,2,0,0
2021-03-07,2021,7,3,18:00:00,2,0,0
2021-03-08,2021,8,3,07:00:00,3,0,0
2021-03-08,2021,8,3,09:00:00,1,0,0
2021-03-08,2021,8,3,10:00:00,6,0,0
2021-03-08,2021,8,3,11:00:00,1,0,0
2021-03-08,2021,8,3,12:00:00,2,0,0
2021-03-08,2021,8,3,13:00:00,14,0,0
2021-03-08,2021,8,3,15:00:00,21,0,0
2021-03-08,2021,8,3,16:00:00,5,0,0
2021-03-08,2021,8,3,17:00:00,2,0,0
2021-03-08,2021,8,3,18:00:00,3,0,0
2021-03-09,2021,9,3,07:00:00,5,0,0
2021-03-09,2021,9,3,08:00:00,4,0,0
2021-03-09,2021,9,3,09:00:00,80,94,10
2021-03-09,2021,9,3,10:00:00,101,88,13
2021-03-09,2021,9,3,11:00:00,93,119,15
2021-03-09,2021,9,3,12:00:00,119,90,13
2021-03-09,2021,9,3,13:00:00,127,128,15
2021-03-09,2021,9,3,14:00:00,83,61,35
2021-03-09,2021,9,3,15:00:00,121,93,28
2021-03-09,2021,9,3,16:00:00,198,150,22
2021-03-09,2021,9,3,17:00:00,166,212,5
2021-03-09,2021,9,3,18:00:00,1,0,0
2021-03-10,2021,10,3,07:00:00,7,0,0
2021-03-10,2021,10,3,08:00:00,20,0,0
2021-03-10,2021,10,3,09:00:00,38,17,12
2021-03-10,2021,10,3,10:00:00,249,210,14
2021-03-10,2021,10,3,11:00:00,254,238,12
2021-03-10,2021,10,3,12:00:00,94,127,7
2021-03-10,2021,10,3,13:00:00,117,177,13
2021-03-10,2021,10,3,14:00:00,389,256,31
2021-03-10,2021,10,3,15:00:00,399,414,27
2021-03-10,2021,10,3,16:00:00,320,404,33
2021-03-10,2021,10,3,17:00:00,61,128,8
2021-03-11,2021,11,3,07:00:00,6,0,0
2021-03-11,2021,11,3,08:00:00,25,0,0
2021-03-11,2021,11,3,09:00:00,53,10,15
2021-03-11,2021,11,3,10:00:00,110,124,18
2021-03-11,2021,11,3,11:00:00,69,43,10
2021-03-11,2021,11,3,12:00:00,32,52,15
2021-03-11,2021,11,3,13:00:00,84,78,14
2021-03-11,2021,11,3,14:00:00,67,32,19
2021-03-11,2021,11,3,15:00:00,106,67,23
2021-03-11,2021,11,3,16:00:00,64,90,21
2021-03-11,2021,11,3,17:00:00,68,81,9
2021-03-11,2021,11,3,18:00:00,4,0,0
2021-03-12,2021,12,3,07:00:00,2,0,0
2021-03-12,2021,12,3,08:00:00,17,0,0
2021-03-12,2021,12,3,09:00:00,63,69,15
2021-03-12,2021,12,3,10:00:00,95,67,11
2021-03-12,2021,12,3,11:00:00,63,49,13
2021-03-12,2021,12,3,12:00:00,49,78,10
2021-03-12,2021,12,3,13:00:00,99,70,8
2021-03-12,2021,12,3,14:00:00,83,90,17
2021-03-12,2021,12,3,15:00:00,126,137,24
2021-03-12,2021,12,3,16:00:00,83,117,30
2021-03-12,2021,12,3,17:00:00,49,90,7
2021-03-12,2021,12,3,18:00:00,1,0,0
2021-03-13,2021,13,3,08:00:00,18,0,0
2021-03-13,2021,13,3,09:00:00,75,49,15
2021-03-13,2021,13,3,10:00:00,315,296,12
2021-03-13,2021,13,3,11:00:00,191,232,12
2021-03-13,2021,13,3,12:00:00,133,152,13
2021-03-13,2021,13,3,13:00:00,113,135,5
2021-03-13,2021,13,3,14:00:00,263,349,25
2021-03-13,2021,13,3,15:00:00,619,509,23
2021-03-13,2021,13,3,16:00:00,172,430,18
2021-03-13,2021,13,3,17:00:00,141,195,8
2021-03-14,2021,14,3,09:00:00,2,0,0
2021-03-14,2021,14,3,10:00:00,11,0,0
2021-03-14,2021,14,3,11:00:00,1,0,0
2021-03-14,2021,14,3,12:00:00,4,0,0
2021-03-14,2021,14,3,13:00:00,6,0,0
2021-03-14,2021,14,3,14:00:00,12,0,0
2021-03-14,2021,14,3,17:00:00,8,0,0
2021-03-15,2021,15,3,06:00:00,3,0,0
2021-03-15,2021,15,3,10:00:00,5,0,0
2021-03-15,2021,15,3,11:00:00,9,0,0
2021-03-15,2021,15,3,12:00:00,31,0,0
2021-03-15,2021,15,3,13:00:00,30,0,0
2021-03-15,2021,15,3,14:00:00,20,0,0
2021-03-15,2021,15,3,15:00:00,3,0,0
2021-03-15,2021,15,3,17:00:00,2,0,0
2021-03-16,2021,16,3,06:00:00,1,0,0
2021-03-16,2021,16,3,07:00:00,2,0,0
2021-03-16,2021,16,3,08:00:00,15,0,0
2021-03-16,2021,16,3,09:00:00,111,18,19
2021-03-16,2021,16,3,10:00:00,166,94,16
2021-03-16,2021,16,3,11:00:00,107,143,9
2021-03-16,2021,16,3,12:00:00,94,89,11
2021-03-16,2021,16,3,13:00:00,169,109,10
2021-03-16,2021,16,3,14:00:00,135,58,28
2021-03-16,2021,16,3,15:00:00,164,149,22
2021-03-16,2021,16,3,16:00:00,73,37,20
2021-03-16,2021,16,3,17:00:00,77,136,2
2021-03-16,2021,16,3,18:00:00,5,0,0
2021-03-17,2021,17,3,06:00:00,1,0,0
2021-03-17,2021,17,3,08:00:00,26,0,0
2021-03-17,2021,17,3,09:00:00,26,9,7
2021-03-17,2021,17,3,10:00:00,361,280,11
2021-03-17,2021,17,3,11:00:00,231,195,12
2021-03-17,2021,17,3,12:00:00,132,203,11
2021-03-17,2021,17,3,13:00:00,171,184,12
2021-03-17,2021,17,3,14:00:00,296,325,29
2021-03-17,2021,17,3,15:00:00,252,343,31
2021-03-17,2021,17,3,16:00:00,110,185,28
2021-03-17,2021,17,3,17:00:00,93,100,14
2021-03-17,2021,17,3,19:00:00,6,0,0
2021-03-18,2021,18,3,07:00:00,13,0,0
2021-03-18,2021,18,3,08:00:00,12,0,0
2021-03-18,2021,18,3,09:00:00,39,7,12
2021-03-18,2021,18,3,10:00:00,121,121,11
2021-03-18,2021,18,3,11:00:00,48,41,15
2021-03-18,2021,18,3,12:00:00,83,56,15
2021-03-18,2021,18,3,13:00:00,70,132,22
2021-03-18,2021,18,3,14:00:00,135,96,18
2021-03-18,2021,18,3,15:00:00,70,78,35
2021-03-18,2021,18,3,16:00:00,118,140,16
2021-03-18,2021,18,3,17:00:00,76,68,6
2021-03-19,2021,19,3,06:00:00,6,0,0
2021-03-19,2021,19,3,07:00:00,2,0,0
2021-03-19,2021,19,3,08:00:00,11,0,0
2021-03-19,2021,19,3,09:00:00,118,23,11
2021-03-19,2021,19,3,10:00:00,174,257,19
2021-03-19,2021,19,3,11:00:00,67,126,18
2021-03-19,2021,19,3,12:00:00,108,183,14
2021-03-19,2021,19,3,13:00:00,177,251,13
2021-03-19,2021,19,3,14:00:00,195,267,16
2021-03-19,2021,19,3,15:00:00,186,229,29
2021-03-19,2021,19,3,16:00:00,203,240,19
2021-03-19,2021,19,3,17:00:00,151,314,7
2021-03-19,2021,19,3,18:00:00,6,0,0
2021-03-20,2021,20,3,08:00:00,10,0,0
2021-03-20,2021,20,3,09:00:00,31,24,0
2021-03-20,2021,20,3,10:00:00,178,233,0
2021-03-20,2021,20,3,11:00:00,177,233,0
2021-03-20,2021,20,3,12:00:00,20,83,0
2021-03-20,2021,20,3,13:00:00,40,58,2
2021-03-20,2021,20,3,14:00:00,163,293,0
2021-03-20,2021,20,3,15:00:00,239,264,0
2021-03-20,2021,20,3,16:00:00,193,244,0
2021-03-20,2021,20,3,17:00:00,77,132,0
2021-03-20,2021,20,3,18:00:00,17,0,0
2021-03-21,2021,21,3,10:00:00,3,0,0
2021-03-21,2021,21,3,11:00:00,3,0,0
2021-03-21,2021,21,3,12:00:00,6,0,0
2021-03-21,2021,21,3,15:00:00,3,0,0
2021-03-21,2021,21,3,16:00:00,5,0,0
2021-03-21,2021,21,3,20:00:00,2,0,0
2021-03-22,2021,22,3,07:00:00,1,0,0
2021-03-22,2021,22,3,08:00:00,11,0,0
2021-03-22,2021,22,3,09:00:00,3,0,0
2021-03-22,2021,22,3,10:00:00,2,0,0
2021-03-22,2021,22,3,11:00:00,8,0,0
2021-03-22,2021,22,3,12:00:00,1,0,0
2021-03-22,2021,22,3,13:00:00,10,0,0
2021-03-22,2021,22,3,15:00:00,2,0,0
2021-03-22,2021,22,3,17:00:00,6,0,0
2021-03-22,2021,22,3,18:00:00,2,0,0
2021-03-23,2021,23,3,08:00:00,13,0,1
2021-03-23,2021,23,3,09:00:00,101,17,12
2021-03-23,2021,23,3,10:00:00,105,70,11
2021-03-23,2021,23,3,11:00:00,88,102,17
2021-03-23,2021,23,3,12:00:00,84,61,10
2021-03-23,2021,23,3,13:00:00,131,62,12
2021-03-23,2021,23,3,14:00:00,92,108,24
2021-03-23,2021,23,3,15:00:00,99,104,24
2021-03-23,2021,23,3,16:00:00,81,72,15
2021-03-23,2021,23,3,17:00:00,92,143,11
2021-03-24,2021,24,3,08:00:00,4,0,0
2021-03-24,2021,24,3,09:00:00,57,29,7
2021-03-24,2021,24,3,10:00:00,170,206,8
2021-03-24,2021,24,3,11:00:00,77,165,7
2021-03-24,2021,24,3,12:00:00,64,124,9
2021-03-24,2021,24,3,13:00:00,132,189,14
2021-03-24,2021,24,3,14:00:00,126,244,32
2021-03-24,2021,24,3,15:00:00,221,258,26
2021-03-24,2021,24,3,16:00:00,127,185,26
2021-03-24,2021,24,3,17:00:00,69,177,19
2021-03-24,2021,24,3,18:00:00,10,0,0
2021-03-25,2021,25,3,08:00:00,13,0,0
2021-03-25,2021,25,3,09:00:00,46,9,9
2021-03-25,2021,25,3,10:00:00,64,104,12
2021-03-25,2021,25,3,11:00:00,18,47,15
2021-03-25,2021,25,3,12:00:00,43,57,12
2021-03-25,2021,25,3,13:00:00,59,59,12
2021-03-25,2021,25,3,14:00:00,69,71,19
2021-03-25,2021,25,3,15:00:00,67,69,15
2021-03-25,2021,25,3,16:00:00,82,58,12
2021-03-25,2021,25,3,17:00:00,50,69,6
2021-03-25,2021,25,3,18:00:00,15,0,0
2021-03-25,2021,25,3,19:00:00,5,0,0
2021-03-26,2021,26,3,06:00:00,3,0,0
2021-03-26,2021,26,3,08:00:00,14,0,0
2021-03-26,2021,26,3,09:00:00,14,13,12
2021-03-26,2021,26,3,10:00:00,59,49,13
2021-03-26,2021,26,3,11:00:00,42,56,12
2021-03-26,2021,26,3,12:00:00,40,24,10
2021-03-26,2021,26,3,13:00:00,44,60,10
2021-03-26,2021,26,3,14:00:00,87,75,23
2021-03-26,2021,26,3,15:00:00,64,100,30
2021-03-26,2021,26,3,16:00:00,139,121,17
2021-03-26,2021,26,3,17:00:00,59,188,9
2021-03-26,2021,26,3,18:00:00,1,0,0
2021-03-27,2021,27,3,07:00:00,3,0,0
2021-03-27,2021,27,3,08:00:00,10,0,0
2021-03-27,2021,27,3,09:00:00,68,22,8
2021-03-27,2021,27,3,10:00:00,310,267,21
2021-03-27,2021,27,3,11:00:00,135,194,7
2021-03-27,2021,27,3,12:00:00,80,89,11
2021-03-27,2021,27,3,13:00:00,114,147,11
2021-03-27,2021,27,3,14:00:00,192,264,19
2021-03-27,2021,27,3,15:00:00,335,419,12
2021-03-27,2021,27,3,16:00:00,227,464,13
2021-03-27,2021,27,3,17:00:00,208,296,11
2021-03-27,2021,27,3,18:00:00,16,0,0
2021-03-28,2021,28,3,10:00:00,1,0,0
2021-03-28,2021,28,3,11:00:00,1,0,0
2021-03-28,2021,28,3,15:00:00,5,0,0
2021-03-28,2021,28,3,16:00:00,1,0,0
2021-03-28,2021,28,3,17:00:00,6,0,0
2021-03-29,2021,29,3,08:00:00,1,0,0
2021-03-29,2021,29,3,09:00:00,8,0,0
2021-03-29,2021,29,3,10:00:00,1,0,0
2021-03-29,2021,29,3,11:00:00,2,0,0
2021-03-29,2021,29,3,12:00:00,5,0,0
2021-03-29,2021,29,3,13:00:00,37,0,0
2021-03-29,2021,29,3,17:00:00,4,0,0
2021-03-30,2021,30,3,07:00:00,3,0,0
2021-03-30,2021,30,3,08:00:00,26,0,0
2021-03-30,2021,30,3,09:00:00,95,28,16
2021-03-30,2021,30,3,10:00:00,113,121,16
2021-03-30,2021,30,3,11:00:00,96,134,9
2021-03-30,2021,30,3,12:00:00,77,50,12
2021-03-30,2021,30,3,13:00:00,143,89,18
2021-03-30,2021,30,3,14:00:00,87,91,23
2021-03-30,2021,30,3,15:00:00,112,111,22
2021-03-30,2021,30,3,16:00:00,123,111,19
2021-03-30,2021,30,3,17:00:00,83,93,24
2021-03-30,2021,30,3,18:00:00,5,0,0
2021-03-31,2021,31,3,08:00:00,9,0,0
2021-03-31,2021,31,3,09:00:00,52,13,12
2021-03-31,2021,31,3,10:00:00,225,323,12
2021-03-31,2021,31,3,11:00:00,133,158,13
2021-03-31,2021,31,3,12:00:00,114,99,12
2021-03-31,2021,31,3,13:00:00,132,168,15
2021-03-31,2021,31,3,14:00:00,241,230,27
2021-03-31,2021,31,3,15:00:00,198,320,25
2021-03-31,2021,31,3,16:00:00,190,166,21
2021-03-31,2021,31,3,17:00:00,130,217,17
2021-03-31,2021,31,3,18:00:00,7,0,0
2021-03-31,2021,31,3,19:00:00,1,0,0
2021-04-01,2021,1,4,08:00:00,14,0,0
2021-04-01,2021,1,4,09:00:00,69,12,19
2021-04-01,2021,1,4,10:00:00,173,120,17
2021-04-01,2021,1,4,11:00:00,67,96,21
2021-04-01,2021,1,4,12:00:00,114,102,10
2021-04-01,2021,1,4,13:00:00,55,79,11
2021-04-01,2021,1,4,14:00:00,99,90,20
2021-04-01,2021,1,4,15:00:00,104,101,17
2021-04-01,2021,1,4,16:00:00,88,98,10
2021-04-01,2021,1,4,17:00:00,89,160,12
2021-04-01,2021,1,4,18:00:00,17,0,0
2021-04-02,2021,2,4,08:00:00,15,0,0
2021-04-02,2021,2,4,09:00:00,43,13,10
2021-04-02,2021,2,4,10:00:00,106,126,17
2021-04-02,2021,2,4,11:00:00,70,72,10
2021-04-02,2021,2,4,12:00:00,70,119,6
2021-04-02,2021,2,4,13:00:00,97,90,11
2021-04-02,2021,2,4,14:00:00,91,115,26
2021-04-02,2021,2,4,15:00:00,89,167,26
2021-04-02,2021,2,4,16:00:00,64,121,18
2021-04-02,2021,2,4,17:00:00,71,113,17
2021-04-02,2021,2,4,18:00:00,4,2,0
2021-04-03,2021,3,4,08:00:00,43,0,0
2021-04-03,2021,3,4,09:00:00,53,21,11
2021-04-03,2021,3,4,10:00:00,309,291,13
2021-04-03,2021,3,4,11:00:00,262,488,10
2021-04-03,2021,3,4,12:00:00,117,190,7
2021-04-03,2021,3,4,13:00:00,115,123,6
2021-04-03,2021,3,4,14:00:00,228,236,15
2021-04-03,2021,3,4,15:00:00,346,283,15
2021-04-03,2021,3,4,16:00:00,348,586,19
2021-04-03,2021,3,4,17:00:00,184,307,17
2021-04-03,2021,3,4,18:00:00,4,0,0
2021-04-04,2021,4,4,08:00:00,1,0,0
2021-04-04,2021,4,4,09:00:00,3,0,0
2021-04-04,2021,4,4,11:00:00,37,0,0
2021-04-04,2021,4,4,15:00:00,12,0,0
2021-04-04,2021,4,4,16:00:00,1,0,0
2021-04-04,2021,4,4,17:00:00,5,0,0
2021-04-04,2021,4,4,18:00:00,1,0,0
2021-04-05,2021,5,4,14:00:00,8,0,0
2021-04-05,2021,5,4,18:00:00,2,0,0
2021-04-06,2021,6,4,07:00:00,7,0,0
2021-04-06,2021,6,4,08:00:00,23,0,0
2021-04-06,2021,6,4,09:00:00,9,0,0
2021-04-06,2021,6,4,10:00:00,28,3,0
2021-04-06,2021,6,4,11:00:00,36,2,0
2021-04-06,2021,6,4,12:00:00,21,8,0
2021-04-06,2021,6,4,13:00:00,200,227,21
2021-04-06,2021,6,4,14:00:00,144,150,38
2021-04-06,2021,6,4,15:00:00,275,266,39
2021-04-06,2021,6,4,16:00:00,169,266,31
2021-04-06,2021,6,4,17:00:00,137,192,11
2021-04-06,2021,6,4,18:00:00,14,0,0
2021-04-07,2021,7,4,08:00:00,11,0,0
2021-04-07,2021,7,4,09:00:00,33,4,0
2021-04-07,2021,7,4,10:00:00,48,7,0
2021-04-07,2021,7,4,11:00:00,78,8,0
2021-04-07,2021,7,4,12:00:00,24,4,0
2021-04-07,2021,7,4,13:00:00,159,174,13
2021-04-07,2021,7,4,14:00:00,277,288,26
2021-04-07,2021,7,4,15:00:00,287,362,32
2021-04-07,2021,7,4,16:00:00,262,332,23
2021-04-07,2021,7,4,17:00:00,207,268,18
2021-04-07,2021,7,4,18:00:00,21,0,0
2021-04-07,2021,7,4,21:00:00,2,0,0
2021-04-08,2021,8,4,07:00:00,3,0,0
2021-04-08,2021,8,4,08:00:00,4,0,0
2021-04-08,2021,8,4,09:00:00,15,0,0
2021-04-08,2021,8,4,10:00:00,14,5,0
2021-04-08,2021,8,4,11:00:00,12,19,0
2021-04-08,2021,8,4,12:00:00,6,5,0
2021-04-08,2021,8,4,13:00:00,143,184,30
2021-04-08,2021,8,4,14:00:00,186,147,34
2021-04-08,2021,8,4,15:00:00,255,258,25
2021-04-08,2021,8,4,16:00:00,127,137,15
2021-04-08,2021,8,4,17:00:00,90,133,16
2021-04-09,2021,9,4,08:00:00,9,0,0
2021-04-09,2021,9,4,09:00:00,15,1,0
2021-04-09,2021,9,4,10:00:00,25,11,0
2021-04-09,2021,9,4,11:00:00,1,1,0
2021-04-09,2021,9,4,12:00:00,8,6,0
2021-04-09,2021,9,4,13:00:00,147,117,19
2021-04-09,2021,9,4,14:00:00,129,97,21
2021-04-09,2021,9,4,15:00:00,266,209,24
2021-04-09,2021,9,4,16:00:00,188,210,35
2021-04-09,2021,9,4,17:00:00,92,170,18
2021-04-09,2021,9,4,18:00:00,4,9,0
2021-04-10,2021,10,4,08:00:00,4,0,0
2021-04-10,2021,10,4,09:00:00,4,2,0
2021-04-10,2021,10,4,10:00:00,38,0,0
2021-04-10,2021,10,4,11:00:00,34,1,0
2021-04-10,2021,10,4,12:00:00,23,9,0
2021-04-10,2021,10,4,13:00:00,313,283,24
2021-04-10,2021,10,4,14:00:00,370,500,21
2021-04-10,2021,10,4,15:00:00,593,634,32
2021-04-10,2021,10,4,16:00:00,333,441,26
2021-04-10,2021,10,4,17:00:00,298,442,7
2021-04-10,2021,10,4,18:00:00,13,0,0
2021-04-11,2021,11,4,10:00:00,9,0,0
2021-04-11,2021,11,4,15:00:00,22,0,0
2021-04-11,2021,11,4,16:00:00,10,0,0
2021-04-11,2021,11,4,18:00:00,25,0,0
2021-04-12,2021,12,4,07:00:00,1,0,0
2021-04-12,2021,12,4,09:00:00,3,0,0
2021-04-12,2021,12,4,11:00:00,8,0,0
2021-04-12,2021,12,4,12:00:00,2,0,0
2021-04-12,2021,12,4,13:00:00,2,0,0
2021-04-12,2021,12,4,14:00:00,47,0,0
2021-04-12,2021,12,4,15:00:00,19,0,0
2021-04-12,2021,12,4,16:00:00,2,0,0
2021-04-12,2021,12,4,20:00:00,9,0,0
2021-04-13,2021,13,4,07:00:00,3,0,0
2021-04-13,2021,13,4,08:00:00,8,0,0
2021-04-13,2021,13,4,09:00:00,27,0,0
2021-04-13,2021,13,4,10:00:00,35,3,0
2021-04-13,2021,13,4,11:00:00,41,15,0
2021-04-13,2021,13,4,12:00:00,57,18,2
2021-04-13,2021,13,4,13:00:00,243,269,25
2021-04-13,2021,13,4,14:00:00,199,245,23
2021-04-13,2021,13,4,15:00:00,396,365,35
2021-04-13,2021,13,4,16:00:00,211,323,26
2021-04-13,2021,13,4,17:00:00,102,154,14
2021-04-13,2021,13,4,18:00:00,8,0,0
2021-04-14,2021,14,4,08:00:00,3,0,0
2021-04-14,2021,14,4,09:00:00,13,2,0
2021-04-14,2021,14,4,10:00:00,6,0,0
2021-04-14,2021,14,4,11:00:00,41,0,0
2021-04-14,2021,14,4,12:00:00,9,2,0
2021-04-14,2021,14,4,13:00:00,236,226,17
2021-04-14,2021,14,4,14:00:00,344,271,32
2021-04-14,2021,14,4,15:00:00,266,335,32
2021-04-14,2021,14,4,16:00:00,216,340,24
2021-04-14,2021,14,4,17:00:00,162,217,22
2021-04-14,2021,14,4,18:00:00,4,0,0
2021-04-14,2021,14,4,20:00:00,6,0,0
2021-04-14,2021,14,4,21:00:00,2,0,0
2021-04-14,2021,14,4,22:00:00,6,0,0
2021-04-15,2021,15,4,08:00:00,13,0,0
2021-04-15,2021,15,4,09:00:00,35,10,1
2021-04-15,2021,15,4,10:00:00,24,0,0
2021-04-15,2021,15,4,11:00:00,32,10,1
2021-04-15,2021,15,4,12:00:00,31,10,0
2021-04-15,2021,15,4,13:00:00,218,206,14
2021-04-15,2021,15,4,14:00:00,169,210,30
2021-04-15,2021,15,4,15:00:00,182,255,28
2021-04-15,2021,15,4,16:00:00,85,180,19
2021-04-15,2021,15,4,17:00:00,121,192,12
2021-04-15,2021,15,4,18:00:00,1,0,0
2021-04-16,2021,16,4,07:00:00,5,0,0
2021-04-16,2021,16,4,08:00:00,3,0,0
2021-04-16,2021,16,4,09:00:00,8,11,0
2021-04-16,2021,16,4,10:00:00,20,4,0
2021-04-16,2021,16,4,11:00:00,11,0,0
2021-04-16,2021,16,4,12:00:00,12,6,0
2021-04-16,2021,16,4,13:00:00,150,121,21
2021-04-16,2021,16,4,14:00:00,175,176,22
2021-04-16,2021,16,4,15:00:00,161,250,31
2021-04-16,2021,16,4,16:00:00,154,165,21
2021-04-16,2021,16,4,17:00:00,59,81,13
2021-04-16,2021,16,4,18:00:00,12,0,0
2021-04-17,2021,17,4,08:00:00,61,0,0
2021-04-17,2021,17,4,09:00:00,5,10,0
2021-04-17,2021,17,4,10:00:00,42,10,0
2021-04-17,2021,17,4,11:00:00,46,3,0
2021-04-17,2021,17,4,12:00:00,44,13,0
2021-04-17,2021,17,4,13:00:00,233,214,24
2021-04-17,2021,17,4,14:00:00,338,341,16
2021-04-17,2021,17,4,15:00:00,335,406,24
2021-04-17,2021,17,4,16:00:00,231,408,22
2021-04-17,2021,17,4,17:00:00,169,288,4
2021-04-17,2021,17,4,18:00:00,11,0,0
2021-04-18,2021,18,4,10:00:00,4,0,0
2021-04-18,2021,18,4,12:00:00,1,0,0
2021-04-18,2021,18,4,16:00:00,1,0,0
2021-04-18,2021,18,4,18:00:00,9,0,0
2021-04-19,2021,19,4,07:00:00,6,0,0
2021-04-19,2021,19,4,11:00:00,24,0,0
2021-04-19,2021,19,4,12:00:00,47,0,0
2021-04-19,2021,19,4,13:00:00,4,0,0
2021-04-19,2021,19,4,14:00:00,5,0,0
2021-04-19,2021,19,4,15:00:00,4,0,0
2021-04-19,2021,19,4,16:00:00,2,0,0
2021-04-19,2021,19,4,17:00:00,3,0,0
2021-04-20,2021,20,4,09:00:00,1,0,0
2021-04-20,2021,20,4,10:00:00,15,0,1
2021-04-20,2021,20,4,11:00:00,16,3,1
2021-04-20,2021,20,4,12:00:00,42,6,2
2021-04-20,2021,20,4,13:00:00,251,238,27
2021-04-20,2021,20,4,14:00:00,340,396,24
2021-04-20,2021,20,4,15:00:00,397,409,34
2021-04-20,2021,20,4,16:00:00,215,235,30
2021-04-20,2021,20,4,17:00:00,181,246,16
2021-04-20,2021,20,4,18:00:00,10,0,1
2021-04-21,2021,21,4,08:00:00,17,0,0
2021-04-21,2021,21,4,09:00:00,36,3,0
2021-04-21,2021,21,4,10:00:00,27,7,1
2021-04-21,2021,21,4,11:00:00,24,3,0
2021-04-21,2021,21,4,12:00:00,36,1,0
2021-04-21,2021,21,4,13:00:00,129,117,33
2021-04-21,2021,21,4,14:00:00,285,272,24
2021-04-21,2021,21,4,15:00:00,229,304,38
2021-04-21,2021,21,4,16:00:00,201,208,22
2021-04-21,2021,21,4,17:00:00,170,188,10
2021-04-21,2021,21,4,18:00:00,11,0,0
2021-04-21,2021,21,4,19:00:00,6,0,0
2021-04-22,2021,22,4,08:00:00,13,0,0
2021-04-22,2021,22,4,09:00:00,11,4,0
2021-04-22,2021,22,4,10:00:00,11,12,0
2021-04-22,2021,22,4,11:00:00,22,4,0
2021-04-22,2021,22,4,12:00:00,0,3,0
2021-04-22,2021,22,4,13:00:00,220,130,18
2021-04-22,2021,22,4,14:00:00,140,176,38
2021-04-22,2021,22,4,15:00:00,181,146,35
2021-04-22,2021,22,4,16:00:00,205,172,24
2021-04-22,2021,22,4,17:00:00,190,180,21
2021-04-22,2021,22,4,18:00:00,4,0,0
2021-04-23,2021,23,4,07:00:00,2,0,0
2021-04-23,2021,23,4,08:00:00,13,0,0
2021-04-23,2021,23,4,09:00:00,5,15,1
2021-04-23,2021,23,4,10:00:00,1,0,0
2021-04-23,2021,23,4,11:00:00,9,3,0
2021-04-23,2021,23,4,12:00:00,23,5,0
2021-04-23,2021,23,4,13:00:00,186,157,21
2021-04-23,2021,23,4,14:00:00,142,195,21
2021-04-23,2021,23,4,15:00:00,165,97,22
2021-04-23,2021,23,4,16:00:00,280,331,30
2021-04-23,2021,23,4,17:00:00,183,232,14
2021-04-23,2021,23,4,18:00:00,19,0,0
2021-04-24,2021,24,4,08:00:00,8,0,0
2021-04-24,2021,24,4,09:00:00,16,4,3
2021-04-24,2021,24,4,10:00:00,34,2,3
2021-04-24,2021,24,4,11:00:00,104,2,1
2021-04-24,2021,24,4,12:00:00,13,1,0
2021-04-24,2021,24,4,13:00:00,271,207,19
2021-04-24,2021,24,4,14:00:00,316,246,19
2021-04-24,2021,24,4,15:00:00,393,398,26
2021-04-24,2021,24,4,16:00:00,250,375,24
2021-04-24,2021,24,4,17:00:00,219,252,14
2021-04-24,2021,24,4,18:00:00,19,0,0
2021-04-24,2021,24,4,19:00:00,1,0,0
2021-04-25,2021,25,4,09:00:00,1,0,0
2021-04-25,2021,25,4,12:00:00,1,0,0
2021-04-25,2021,25,4,13:00:00,9,0,0
2021-04-25,2021,25,4,14:00:00,3,0,0
2021-04-25,2021,25,4,16:00:00,17,0,0
2021-04-26,2021,26,4,07:00:00,2,0,0
2021-04-26,2021,26,4,10:00:00,15,0,0
2021-04-26,2021,26,4,11:00:00,34,0,0
2021-04-26,2021,26,4,12:00:00,7,0,0
2021-04-26,2021,26,4,13:00:00,14,0,0
2021-04-26,2021,26,4,14:00:00,4,0,0
2021-04-26,2021,26,4,15:00:00,4,0,0
2021-04-26,2021,26,4,16:00:00,6,0,0
2021-04-26,2021,26,4,17:00:00,42,0,0
2021-04-26,2021,26,4,18:00:00,9,0,0
2021-04-27,2021,27,4,08:00:00,6,0,0
2021-04-27,2021,27,4,09:00:00,14,2,0
2021-04-27,2021,27,4,10:00:00,54,15,0
2021-04-27,2021,27,4,11:00:00,31,3,0
2021-04-27,2021,27,4,12:00:00,37,6,0
2021-04-27,2021,27,4,13:00:00,263,229,28
2021-04-27,2021,27,4,14:00:00,241,261,36
2021-04-27,2021,27,4,15:00:00,196,172,27
2021-04-27,2021,27,4,16:00:00,218,146,40
2021-04-27,2021,27,4,17:00:00,145,190,13
2021-04-27,2021,27,4,18:00:00,10,0,0
2021-04-28,2021,28,4,08:00:00,11,0,0
2021-04-28,2021,28,4,09:00:00,30,5,0
2021-04-28,2021,28,4,10:00:00,9,5,0
2021-04-28,2021,28,4,11:00:00,45,10,0
2021-04-28,2021,28,4,12:00:00,27,15,0
2021-04-28,2021,28,4,13:00:00,358,238,26
2021-04-28,2021,28,4,14:00:00,404,388,28
2021-04-28,2021,28,4,15:00:00,422,434,33
2021-04-28,2021,28,4,16:00:00,205,251,35
2021-04-28,2021,28,4,17:00:00,228,247,15
2021-04-28,2021,28,4,18:00:00,28,0,0
2021-04-29,2021,29,4,06:00:00,5,0,0
2021-04-29,2021,29,4,07:00:00,1,0,0
2021-04-29,2021,29,4,08:00:00,9,0,0
2021-04-29,2021,29,4,09:00:00,24,2,0
2021-04-29,2021,29,4,10:00:00,17,8,0
2021-04-29,2021,29,4,11:00:00,28,8,0
2021-04-29,2021,29,4,12:00:00,50,0,0
2021-04-29,2021,29,4,13:00:00,198,117,23
2021-04-29,2021,29,4,14:00:00,113,114,32
2021-04-29,2021,29,4,15:00:00,188,211,36
2021-04-29,2021,29,4,16:00:00,134,127,28
2021-04-29,2021,29,4,17:00:00,120,103,23
2021-04-29,2021,29,4,18:00:00,4,0,0
2021-04-29,2021,29,4,21:00:00,2,0,0
2021-04-30,2021,30,4,07:00:00,1,0,0
2021-04-30,2021,30,4,08:00:00,19,0,0
2021-04-30,2021,30,4,09:00:00,16,0,0
2021-04-30,2021,30,4,10:00:00,29,1,0
2021-04-30,2021,30,4,11:00:00,2,19,0
2021-04-30,2021,30,4,12:00:00,23,25,0
2021-04-30,2021,30,4,13:00:00,193,423,28
2021-04-30,2021,30,4,14:00:00,246,296,25
2021-04-30,2021,30,4,15:00:00,217,246,33
2021-04-30,2021,30,4,16:00:00,164,235,21
2021-04-30,2021,30,4,17:00:00,158,186,19
2021-04-30,2021,30,4,18:00:00,4,0,0
2021-04-30,2021,30,4,19:00:00,3,0,0
2021-05-01,2021,1,5,09:00:00,2,0,0
2021-05-01,2021,1,5,10:00:00,11,0,0
2021-05-01,2021,1,5,11:00:00,1,0,0
2021-05-01,2021,1,5,12:00:00,1,0,0
2021-05-01,2021,1,5,13:00:00,1,0,0
2021-05-01,2021,1,5,14:00:00,20,0,0
2021-05-01,2021,1,5,15:00:00,5,0,0
2021-05-01,2021,1,5,16:00:00,8,0,0
2021-05-02,2021,2,5,09:00:00,5,0,0
2021-05-02,2021,2,5,10:00:00,1,0,0
2021-05-02,2021,2,5,11:00:00,13,0,0
2021-05-02,2021,2,5,12:00:00,3,0,0
2021-05-02,2021,2,5,13:00:00,8,0,0
2021-05-02,2021,2,5,15:00:00,1,0,0
2021-05-02,2021,2,5,16:00:00,2,0,0
2021-05-02,2021,2,5,17:00:00,9,0,0
2021-05-03,2021,3,5,06:00:00,2,0,0
2021-05-03,2021,3,5,09:00:00,11,0,0
2021-05-03,2021,3,5,10:00:00,10,0,0
2021-05-03,2021,3,5,11:00:00,4,0,0
2021-05-03,2021,3,5,12:00:00,31,0,0
2021-05-03,2021,3,5,13:00:00,30,0,0
2021-05-03,2021,3,5,15:00:00,6,0,0
2021-05-03,2021,3,5,16:00:00,26,0,0
2021-05-03,2021,3,5,17:00:00,9,0,0
2021-05-04,2021,4,5,08:00:00,38,0,0
2021-05-04,2021,4,5,09:00:00,61,24,5
2021-05-04,2021,4,5,10:00:00,116,60,9
2021-05-04,2021,4,5,11:00:00,240,132,17
2021-05-04,2021,4,5,12:00:00,200,231,11
2021-05-04,2021,4,5,13:00:00,299,243,17
2021-05-04,2021,4,5,14:00:00,103,69,29
2021-05-04,2021,4,5,15:00:00,215,162,25
2021-05-04,2021,4,5,16:00:00,490,515,21
2021-05-04,2021,4,5,17:00:00,341,323,12
2021-05-04,2021,4,5,18:00:00,1,0,0
2021-05-05,2021,5,5,07:00:00,1,0,0
2021-05-05,2021,5,5,08:00:00,12,0,0
2021-05-05,2021,5,5,09:00:00,171,137,10
2021-05-05,2021,5,5,10:00:00,371,371,8
2021-05-05,2021,5,5,11:00:00,421,347,15
2021-05-05,2021,5,5,12:00:00,155,159,10
2021-05-05,2021,5,5,13:00:00,151,182,13
2021-05-05,2021,5,5,14:00:00,229,249,30
2021-05-05,2021,5,5,15:00:00,382,388,27
2021-05-05,2021,5,5,16:00:00,281,279,22
2021-05-05,2021,5,5,17:00:00,162,236,14
2021-05-05,2021,5,5,18:00:00,31,0,0
2021-05-06,2021,6,5,07:00:00,4,0,0
2021-05-06,2021,6,5,08:00:00,16,0,0
2021-05-06,2021,6,5,09:00:00,69,8,8
2021-05-06,2021,6,5,10:00:00,87,66,17
2021-05-06,2021,6,5,11:00:00,245,59,3
2021-05-06,2021,6,5,12:00:00,178,144,15
2021-05-06,2021,6,5,13:00:00,159,107,27
2021-05-06,2021,6,5,14:00:00,43,47,29
2021-05-06,2021,6,5,15:00:00,83,111,21
2021-05-06,2021,6,5,16:00:00,318,237,17
2021-05-06,2021,6,5,17:00:00,258,229,7
2021-05-06,2021,6,5,18:00:00,10,0,0
2021-05-06,2021,6,5,19:00:00,2,0,0
2021-05-07,2021,7,5,06:00:00,5,0,0
2021-05-07,2021,7,5,07:00:00,1,0,0
2021-05-07,2021,7,5,08:00:00,55,0,2
2021-05-07,2021,7,5,09:00:00,25,19,6
2021-05-07,2021,7,5,10:00:00,98,162,14
2021-05-07,2021,7,5,11:00:00,156,92,13
2021-05-07,2021,7,5,12:00:00,62,98,6
2021-05-07,2021,7,5,13:00:00,294,288,6
2021-05-07,2021,7,5,14:00:00,91,67,33
2021-05-07,2021,7,5,15:00:00,203,172,22
2021-05-07,2021,7,5,16:00:00,349,277,27
2021-05-07,2021,7,5,17:00:00,140,201,14
2021-05-07,2021,7,5,18:00:00,22,0,0
2021-05-07,2021,7,5,19:00:00,9,0,0
2021-05-08,2021,8,5,09:00:00,1,0,0
2021-05-08,2021,8,5,10:00:00,30,0,0
2021-05-08,2021,8,5,11:00:00,3,0,0
2021-05-08,2021,8,5,12:00:00,6,0,0
2021-05-08,2021,8,5,13:00:00,7,0,0
2021-05-08,2021,8,5,14:00:00,52,0,0
2021-05-08,2021,8,5,15:00:00,15,0,0
2021-05-08,2021,8,5,16:00:00,8,0,0
2021-05-08,2021,8,5,17:00:00,18,0,0
2021-05-08,2021,8,5,18:00:00,34,0,0
2021-05-09,2021,9,5,07:00:00,28,0,0
2021-05-09,2021,9,5,08:00:00,2,0,0
2021-05-09,2021,9,5,10:00:00,16,0,0
2021-05-09,2021,9,5,11:00:00,36,0,0
2021-05-09,2021,9,5,12:00:00,4,0,0
2021-05-09,2021,9,5,13:00:00,1,0,0
2021-05-09,2021,9,5,14:00:00,9,0,0
2021-05-09,2021,9,5,15:00:00,8,0,0
2021-05-09,2021,9,5,17:00:00,1,0,0
2021-05-10,2021,10,5,07:00:00,2,0,0
2021-05-10,2021,10,5,08:00:00,15,0,0
2021-05-10,2021,10,5,10:00:00,2,0,0
2021-05-10,2021,10,5,11:00:00,1,0,0
2021-05-10,2021,10,5,12:00:00,2,0,0
2021-05-10,2021,10,5,13:00:00,13,0,0
2021-05-10,2021,10,5,15:00:00,20,0,0
2021-05-10,2021,10,5,16:00:00,7,0,0
2021-05-11,2021,11,5,08:00:00,16,0,0
2021-05-11,2021,11,5,09:00:00,114,11,12
2021-05-11,2021,11,5,10:00:00,375,365,14
2021-05-11,2021,11,5,11:00:00,321,270,11
2021-05-11,2021,11,5,12:00:00,159,173,11
2021-05-11,2021,11,5,13:00:00,377,157,19
2021-05-11,2021,11,5,14:00:00,203,191,20
2021-05-11,2021,11,5,15:00:00,192,235,18
2021-05-11,2021,11,5,16:00:00,274,180,26
2021-05-11,2021,11,5,17:00:00,175,236,6
2021-05-11,2021,11,5,18:00:00,41,0,0
2021-05-12,2021,12,5,08:00:00,29,0,0
2021-05-12,2021,12,5,09:00:00,66,91,4
2021-05-12,2021,12,5,10:00:00,228,344,9
2021-05-12,2021,12,5,11:00:00,298,285,6
2021-05-12,2021,12,5,12:00:00,57,68,10
2021-05-12,2021,12,5,13:00:00,137,92,14
2021-05-12,2021,12,5,14:00:00,362,278,28
2021-05-12,2021,12,5,15:00:00,199,239,29
2021-05-12,2021,12,5,16:00:00,291,318,22
2021-05-12,2021,12,5,17:00:00,224,300,11
2021-05-12,2021,12,5,18:00:00,10,3,0
2021-05-13,2021,13,5,10:00:00,20,0,0
2021-05-13,2021,13,5,11:00:00,4,0,0
2021-05-13,2021,13,5,12:00:00,4,0,0
2021-05-13,2021,13,5,14:00:00,7,0,0
2021-05-13,2021,13,5,15:00:00,12,0,0
2021-05-13,2021,13,5,16:00:00,1,0,0
2021-05-13,2021,13,5,17:00:00,1,0,0
2021-05-14,2021,14,5,08:00:00,8,0,0
2021-05-14,2021,14,5,09:00:00,50,16,6
2021-05-14,2021,14,5,10:00:00,165,122,7
2021-05-14,2021,14,5,11:00:00,207,313,10
2021-05-14,2021,14,5,12:00:00,64,51,8
2021-05-14,2021,14,5,13:00:00,113,129,21
2021-05-14,2021,14,5,14:00:00,150,174,16
2021-05-14,2021,14,5,15:00:00,223,245,16
2021-05-14,2021,14,5,16:00:00,175,223,22
2021-05-14,2021,14,5,17:00:00,104,227,12
2021-05-14,2021,14,5,18:00:00,9,0,0
2021-05-15,2021,15,5,07:00:00,2,0,0
2021-05-15,2021,15,5,08:00:00,10,0,0
2021-05-15,2021,15,5,09:00:00,33,7,9
2021-05-15,2021,15,5,10:00:00,153,196,11
2021-05-15,2021,15,5,11:00:00,158,317,3
2021-05-15,2021,15,5,12:00:00,183,179,4
2021-05-15,2021,15,5,13:00:00,148,121,10
2021-05-15,2021,15,5,14:00:00,308,274,9
2021-05-15,2021,15,5,15:00:00,322,331,17
2021-05-15,2021,15,5,16:00:00,218,307,27
2021-05-15,2021,15,5,17:00:00,188,259,13
2021-05-15,2021,15,5,18:00:00,18,0,0
2021-05-15,2021,15,5,19:00:00,7,0,0
2021-05-16,2021,16,5,10:00:00,6,0,0
2021-05-16,2021,16,5,11:00:00,9,0,0
2021-05-16,2021,16,5,15:00:00,33,0,0
2021-05-16,2021,16,5,16:00:00,3,0,0
2021-05-16,2021,16,5,17:00:00,32,0,0
2021-05-17,2021,17,5,07:00:00,5,0,0
2021-05-17,2021,17,5,08:00:00,3,0,0
2021-05-17,2021,17,5,09:00:00,19,0,0
2021-05-17,2021,17,5,12:00:00,3,0,0
2021-05-17,2021,17,5,13:00:00,2,0,0
2021-05-17,2021,17,5,14:00:00,5,0,0
2021-05-17,2021,17,5,18:00:00,5,0,0
2021-05-18,2021,18,5,07:00:00,5,0,0
2021-05-18,2021,18,5,08:00:00,8,0,0
2021-05-18,2021,18,5,09:00:00,69,7,13
2021-05-18,2021,18,5,10:00:00,66,82,18
2021-05-18,2021,18,5,11:00:00,55,75,22
2021-05-18,2021,18,5,12:00:00,153,140,11
2021-05-18,2021,18,5,13:00:00,189,118,16
2021-05-18,2021,18,5,14:00:00,136,116,16
2021-05-18,2021,18,5,15:00:00,248,155,26
2021-05-18,2021,18,5,16:00:00,153,160,19
2021-05-18,2021,18,5,17:00:00,164,248,5
2021-05-18,2021,18,5,18:00:00,22,0,0
2021-05-18,2021,18,5,19:00:00,3,0,0
2021-05-19,2021,19,5,08:00:00,9,0,0
2021-05-19,2021,19,5,09:00:00,34,16,13
2021-05-19,2021,19,5,10:00:00,208,199,8
2021-05-19,2021,19,5,11:00:00,107,193,11
2021-05-19,2021,19,5,12:00:00,114,125,6
2021-05-19,2021,19,5,13:00:00,274,211,7
2021-05-19,2021,19,5,14:00:00,316,289,27
2021-05-19,2021,19,5,15:00:00,284,238,34
2021-05-19,2021,19,5,16:00:00,313,330,20
2021-05-19,2021,19,5,17:00:00,246,281,19
2021-05-19,2021,19,5,18:00:00,36,0,0
2021-05-19,2021,19,5,20:00:00,5,0,0
2021-05-20,2021,20,5,08:00:00,3,0,0
2021-05-20,2021,20,5,09:00:00,25,6,13
2021-05-20,2021,20,5,10:00:00,41,45,9
2021-05-20,2021,20,5,11:00:00,68,64,9
2021-05-20,2021,20,5,12:00:00,83,72,8
2021-05-20,2021,20,5,13:00:00,109,85,16
2021-05-20,2021,20,5,14:00:00,77,65,22
2021-05-20,2021,20,5,15:00:00,82,83,28
2021-05-20,2021,20,5,16:00:00,64,59,21
2021-05-20,2021,20,5,17:00:00,51,83,16
2021-05-20,2021,20,5,18:00:00,43,0,0
2021-05-20,2021,20,5,19:00:00,7,0,0
2021-05-20,2021,20,5,20:00:00,2,0,0
2021-05-21,2021,21,5,07:00:00,21,0,0
2021-05-21,2021,21,5,08:00:00,19,0,0
2021-05-21,2021,21,5,09:00:00,45,50,9
2021-05-21,2021,21,5,10:00:00,161,136,16
2021-05-21,2021,21,5,11:00:00,30,42,11
2021-05-21,2021,21,5,12:00:00,140,87,11
2021-05-21,2021,21,5,13:00:00,134,106,5
2021-05-21,2021,21,5,14:00:00,79,179,8
2021-05-21,2021,21,5,15:00:00,100,69,16
2021-05-21,2021,21,5,16:00:00,104,113,15
2021-05-21,2021,21,5,17:00:00,162,171,10
2021-05-21,2021,21,5,18:00:00,17,8,0
2021-05-22,2021,22,5,07:00:00,1,0,0
2021-05-22,2021,22,5,08:00:00,6,0,0
2021-05-22,2021,22,5,09:00:00,82,13,9
2021-05-22,2021,22,5,10:00:00,176,133,8
2021-05-22,2021,22,5,11:00:00,281,347,6
2021-05-22,2021,22,5,12:00:00,141,171,10
2021-05-22,2021,22,5,13:00:00,172,184,6
2021-05-22,2021,22,5,14:00:00,162,284,12
2021-05-22,2021,22,5,15:00:00,421,380,23
2021-05-22,2021,22,5,16:00:00,252,386,21
2021-05-22,2021,22,5,17:00:00,185,293,10
2021-05-22,2021,22,5,18:00:00,32,0,0
2021-05-23,2021,23,5,11:00:00,10,0,0
2021-05-23,2021,23,5,12:00:00,2,0,0
2021-05-23,2021,23,5,17:00:00,6,0,0
2021-05-23,2021,23,5,18:00:00,5,0,0
2021-05-23,2021,23,5,20:00:00,2,0,0
2021-05-24,2021,24,5,10:00:00,1,0,0
2021-05-24,2021,24,5,12:00:00,4,0,0
2021-05-24,2021,24,5,13:00:00,5,0,0
2021-05-24,2021,24,5,14:00:00,21,0,0
2021-05-24,2021,24,5,15:00:00,5,0,0
2021-05-24,2021,24,5,16:00:00,3,0,0
2021-05-24,2021,24,5,17:00:00,9,0,0
2021-05-24,2021,24,5,18:00:00,4,0,0
2021-05-24,2021,24,5,19:00:00,2,0,0
2021-05-25,2021,25,5,07:00:00,2,0,0
2021-05-25,2021,25,5,08:00:00,11,0,0
2021-05-25,2021,25,5,09:00:00,81,23,7
2021-05-25,2021,25,5,10:00:00,100,169,10
2021-05-25,2021,25,5,11:00:00,69,83,11
2021-05-25,2021,25,5,12:00:00,166,119,9
2021-05-25,2021,25,5,13:00:00,167,142,13
2021-05-25,2021,25,5,14:00:00,96,62,19
2021-05-25,2021,25,5,15:00:00,187,118,20
2021-05-25,2021,25,5,16:00:00,97,82,16
2021-05-25,2021,25,5,17:00:00,286,206,12
2021-05-25,2021,25,5,18:00:00,6,0,0
2021-05-25,2021,25,5,19:00:00,29,0,0
2021-05-26,2021,26,5,08:00:00,24,0,0
2021-05-26,2021,26,5,09:00:00,59,27,10
2021-05-26,2021,26,5,10:00:00,150,199,5
2021-05-26,2021,26,5,11:00:00,162,172,11
2021-05-26,2021,26,5,12:00:00,98,83,8
2021-05-26,2021,26,5,13:00:00,124,124,13
2021-05-26,2021,26,5,14:00:00,235,187,24
2021-05-26,2021,26,5,15:00:00,370,299,26
2021-05-26,2021,26,5,16:00:00,245,338,21
2021-05-26,2021,26,5,17:00:00,127,204,16
2021-05-26,2021,26,5,18:00:00,35,0,0
2021-05-26,2021,26,5,19:00:00,1,0,0
2021-05-27,2021,27,5,08:00:00,17,0,0
2021-05-27,2021,27,5,09:00:00,87,8,10
2021-05-27,2021,27,5,10:00:00,87,88,15
2021-05-27,2021,27,5,11:00:00,68,73,22
2021-05-27,2021,27,5,12:00:00,45,65,5
2021-05-27,2021,27,5,13:00:00,45,10,6
2021-05-27,2021,27,5,14:00:00,30,41,22
2021-05-27,2021,27,5,15:00:00,53,35,29
2021-05-27,2021,27,5,16:00:00,20,50,20
2021-05-27,2021,27,5,17:00:00,124,122,11
2021-05-27,2021,27,5,18:00:00,8,0,0
2021-05-27,2021,27,5,19:00:00,9,0,0
2021-05-28,2021,28,5,07:00:00,8,0,0
2021-05-28,2021,28,5,08:00:00,10,0,0
2021-05-28,2021,28,5,09:00:00,25,8,8
2021-05-28,2021,28,5,10:00:00,71,69,10
2021-05-28,2021,28,5,11:00:00,40,30,8
2021-05-28,2021,28,5,12:00:00,89,64,8
2021-05-28,2021,28,5,13:00:00,60,52,10
2021-05-28,2021,28,5,14:00:00,149,144,14
2021-05-28,2021,28,5,15:00:00,434,122,17
2021-05-28,2021,28,5,16:00:00,82,101,23
2021-05-28,2021,28,5,17:00:00,80,105,13
2021-05-28,2021,28,5,18:00:00,24,0,0
2021-05-28,2021,28,5,19:00:00,1,0,0
2021-05-28,2021,28,5,20:00:00,2,0,0
2021-05-29,2021,29,5,08:00:00,3,0,0
2021-05-29,2021,29,5,09:00:00,39,33,15
2021-05-29,2021,29,5,10:00:00,168,236,9
2021-05-29,2021,29,5,11:00:00,182,150,7
2021-05-29,2021,29,5,12:00:00,195,278,6
2021-05-29,2021,29,5,13:00:00,104,47,7
2021-05-29,2021,29,5,14:00:00,164,135,16
2021-05-29,2021,29,5,15:00:00,235,255,20
2021-05-29,2021,29,5,16:00:00,159,268,11
2021-05-29,2021,29,5,17:00:00,80,219,7
2021-05-29,2021,29,5,18:00:00,21,0,0
2021-05-30,2021,30,5,09:00:00,16,0,0
2021-05-30,2021,30,5,10:00:00,4,0,0
2021-06-01,2021,1,6,08:00:00,3,0,0
2021-06-01,2021,1,6,09:00:00,82,24,14
2021-06-01,2021,1,6,10:00:00,566,85,21
2021-06-01,2021,1,6,11:00:00,137,45,12
2021-06-01,2021,1,6,12:00:00,84,69,7
2021-06-01,2021,1,6,13:00:00,129,115,18
2021-06-01,2021,1,6,14:00:00,103,76,26
2021-06-01,2021,1,6,15:00:00,358,136,19
2021-06-01,2021,1,6,16:00:00,342,88,13
2021-06-01,2021,1,6,17:00:00,167,178,14
2021-06-01,2021,1,6,18:00:00,16,0,0
2021-06-02,2021,2,6,08:00:00,7,0,1
2021-06-02,2021,2,6,09:00:00,17,14,7
2021-06-02,2021,2,6,10:00:00,245,259,16
2021-06-02,2021,2,6,11:00:00,156,213,21
2021-06-02,2021,2,6,12:00:00,165,132,11
2021-06-02,2021,2,6,13:00:00,140,112,18
2021-06-02,2021,2,6,14:00:00,204,135,11
2021-06-02,2021,2,6,15:00:00,237,193,0
2021-06-02,2021,2,6,16:00:00,138,109,0
2021-06-02,2021,2,6,17:00:00,88,152,0
2021-06-02,2021,2,6,18:00:00,26,0,0
2021-06-03,2021,3,6,08:00:00,4,0,1
2021-06-03,2021,3,6,09:00:00,1492,28,16
2021-06-03,2021,3,6,10:00:00,547,52,15
2021-06-03,2021,3,6,11:00:00,47,49,12
2021-06-03,2021,3,6,12:00:00,53,45,11
2021-06-03,2021,3,6,13:00:00,58,116,6
2021-06-03,2021,3,6,14:00:00,104,62,20
2021-06-03,2021,3,6,15:00:00,472,89,16
2021-06-03,2021,3,6,16:00:00,79,110,12
2021-06-03,2021,3,6,17:00:00,79,93,14
2021-06-03,2021,3,6,18:00:00,25,0,0
2021-06-03,2021,3,6,19:00:00,5,0,0
2021-06-04,2021,4,6,08:00:00,41,0,0
2021-06-04,2021,4,6,09:00:00,54,8,12
2021-06-04,2021,4,6,10:00:00,347,60,12
2021-06-04,2021,4,6,11:00:00,75,74,6
2021-06-04,2021,4,6,12:00:00,73,78,7
2021-06-04,2021,4,6,13:00:00,86,53,8
2021-06-04,2021,4,6,14:00:00,91,79,11
2021-06-04,2021,4,6,15:00:00,93,63,20
2021-06-04,2021,4,6,16:00:00,86,85,18
2021-06-04,2021,4,6,17:00:00,67,95,6
2021-06-04,2021,4,6,18:00:00,15,0,0
2021-06-05,2021,5,6,08:00:00,9,0,0
2021-06-05,2021,5,6,09:00:00,66,23,10
2021-06-05,2021,5,6,10:00:00,238,159,9
2021-06-05,2021,5,6,11:00:00,214,247,15
2021-06-05,2021,5,6,12:00:00,124,230,15
2021-06-05,2021,5,6,13:00:00,76,88,17
2021-06-05,2021,5,6,14:00:00,266,213,31
2021-06-05,2021,5,6,15:00:00,412,351,21
2021-06-05,2021,5,6,16:00:00,271,326,22
2021-06-05,2021,5,6,17:00:00,276,397,11
2021-06-05,2021,5,6,18:00:00,37,0,0
2021-06-05,2021,5,6,19:00:00,17,0,0
2021-06-06,2021,6,6,09:00:00,2,0,0
2021-06-06,2021,6,6,10:00:00,2,0,0
2021-06-06,2021,6,6,11:00:00,13,0,0
2021-06-06,2021,6,6,15:00:00,1,0,0
2021-06-06,2021,6,6,20:00:00,1,0,0
2021-06-06,2021,6,6,21:00:00,2,0,0
2021-06-07,2021,7,6,07:00:00,6,0,0
2021-06-07,2021,7,6,08:00:00,2,0,0
2021-06-07,2021,7,6,09:00:00,6,0,0
2021-06-07,2021,7,6,10:00:00,15,0,0
2021-06-07,2021,7,6,11:00:00,27,0,0
2021-06-07,2021,7,6,12:00:00,3,0,0
2021-06-07,2021,7,6,13:00:00,16,0,0
2021-06-07,2021,7,6,14:00:00,1,0,0
2021-06-07,2021,7,6,15:00:00,9,0,0
2021-06-07,2021,7,6,18:00:00,4,0,0
2021-06-07,2021,7,6,19:00:00,8,0,0
2021-06-08,2021,8,6,07:00:00,1,0,0
2021-06-08,2021,8,6,08:00:00,12,0,0
2021-06-08,2021,8,6,09:00:00,50,20,14
2021-06-08,2021,8,6,10:00:00,549,94,12
2021-06-08,2021,8,6,11:00:00,309,60,11
2021-06-08,2021,8,6,12:00:00,73,63,11
2021-06-08,2021,8,6,13:00:00,113,106,14
2021-06-08,2021,8,6,14:00:00,103,93,19
2021-06-08,2021,8,6,15:00:00,120,96,25
2021-06-08,2021,8,6,16:00:00,72,101,22
2021-06-08,2021,8,6,17:00:00,123,128,17
2021-06-08,2021,8,6,18:00:00,10,0,0
2021-06-08,2021,8,6,19:00:00,7,0,0
2021-06-09,2021,9,6,07:00:00,4,0,0
2021-06-09,2021,9,6,08:00:00,14,0,0
2021-06-09,2021,9,6,09:00:00,42,20,7
2021-06-09,2021,9,6,10:00:00,245,235,16
2021-06-09,2021,9,6,11:00:00,135,154,15
2021-06-09,2021,9,6,12:00:00,145,85,16
2021-06-09,2021,9,6,13:00:00,157,213,13
2021-06-09,2021,9,6,14:00:00,300,260,23
2021-06-09,2021,9,6,15:00:00,164,178,22
2021-06-09,2021,9,6,16:00:00,187,221,19
2021-06-09,2021,9,6,17:00:00,139,131,13
2021-06-09,2021,9,6,18:00:00,45,0,0
2021-06-09,2021,9,6,19:00:00,1,0,0
2021-06-09,2021,9,6,22:00:00,2,0,0
2021-06-10,2021,10,6,07:00:00,8,0,0
2021-06-10,2021,10,6,08:00:00,51,0,0
2021-06-10,2021,10,6,09:00:00,42,7,11
2021-06-10,2021,10,6,10:00:00,528,81,9
2021-06-10,2021,10,6,11:00:00,68,40,13
2021-06-10,2021,10,6,12:00:00,43,46,13
2021-06-10,2021,10,6,13:00:00,58,47,16
2021-06-10,2021,10,6,14:00:00,89,73,16
2021-06-10,2021,10,6,15:00:00,410,135,16
2021-06-10,2021,10,6,16:00:00,121,116,15
2021-06-10,2021,10,6,17:00:00,37,68,17
2021-06-10,2021,10,6,18:00:00,7,0,0
2021-06-10,2021,10,6,19:00:00,2,0,0
2021-06-11,2021,11,6,07:00:00,5,0,0
2021-06-11,2021,11,6,08:00:00,31,0,0
2021-06-11,2021,11,6,09:00:00,47,7,5
2021-06-11,2021,11,6,10:00:00,577,67,9
2021-06-11,2021,11,6,11:00:00,80,48,3
2021-06-11,2021,11,6,12:00:00,186,83,10
2021-06-11,2021,11,6,13:00:00,49,35,11
2021-06-11,2021,11,6,14:00:00,72,97,14
2021-06-11,2021,11,6,15:00:00,251,73,18
2021-06-11,2021,11,6,16:00:00,301,123,17
2021-06-11,2021,11,6,17:00:00,125,121,14
2021-06-11,2021,11,6,18:00:00,2,1,0
2021-06-12,2021,12,6,07:00:00,8,0,0
2021-06-12,2021,12,6,08:00:00,5,0,0
2021-06-12,2021,12,6,09:00:00,43,10,4
2021-06-12,2021,12,6,10:00:00,159,140,6
2021-06-12,2021,12,6,11:00:00,226,176,6
2021-06-12,2021,12,6,12:00:00,171,140,9
2021-06-12,2021,12,6,13:00:00,107,100,17
2021-06-12,2021,12,6,14:00:00,277,216,15
2021-06-12,2021,12,6,15:00:00,197,192,14
2021-06-12,2021,12,6,16:00:00,146,194,17
2021-06-12,2021,12,6,17:00:00,247,329,17
2021-06-12,2021,12,6,18:00:00,29,0,0
2021-06-12,2021,12,6,20:00:00,3,0,0
2021-06-13,2021,13,6,11:00:00,20,0,0
2021-06-13,2021,13,6,12:00:00,3,0,0
2021-06-13,2021,13,6,14:00:00,17,0,0
2021-06-13,2021,13,6,15:00:00,10,0,0
2021-06-13,2021,13,6,17:00:00,8,0,0
2021-06-13,2021,13,6,18:00:00,2,0,0
2021-06-13,2021,13,6,21:00:00,5,0,0
2021-06-13,2021,13,6,22:00:00,13,0,0
2021-06-14,2021,14,6,07:00:00,20,0,0
2021-06-14,2021,14,6,08:00:00,2,0,0
2021-06-14,2021,14,6,09:00:00,11,0,0
2021-06-14,2021,14,6,10:00:00,5,0,0
2021-06-14,2021,14,6,11:00:00,3,0,0
2021-06-14,2021,14,6,13:00:00,12,0,0
2021-06-14,2021,14,6,16:00:00,1,0,0
2021-06-14,2021,14,6,17:00:00,33,0,0
2021-06-15,2021,15,6,08:00:00,23,0,0
2021-06-15,2021,15,6,09:00:00,27,18,12
2021-06-15,2021,15,6,10:00:00,666,121,11
2021-06-15,2021,15,6,11:00:00,119,84,15
2021-06-15,2021,15,6,12:00:00,125,44,12
2021-06-15,2021,15,6,13:00:00,131,113,15
2021-06-15,2021,15,6,14:00:00,50,44,34
2021-06-15,2021,15,6,15:00:00,428,85,21
2021-06-15,2021,15,6,16:00:00,302,93,14
2021-06-15,2021,15,6,17:00:00,50,48,12
2021-06-15,2021,15,6,18:00:00,6,0,0
2021-06-15,2021,15,6,19:00:00,7,0,0
2021-06-16,2021,16,6,08:00:00,45,0,0
2021-06-16,2021,16,6,09:00:00,49,18,8
2021-06-16,2021,16,6,10:00:00,141,181,12
2021-06-16,2021,16,6,11:00:00,197,234,12
2021-06-16,2021,16,6,12:00:00,46,100,5
2021-06-16,2021,16,6,13:00:00,88,154,16
2021-06-16,2021,16,6,14:00:00,162,128,15
2021-06-16,2021,16,6,15:00:00,228,212,26
2021-06-16,2021,16,6,16:00:00,187,231,20
2021-06-16,2021,16,6,17:00:00,205,184,6
2021-06-16,2021,16,6,18:00:00,2,0,0
2021-06-17,2021,17,6,08:00:00,3,0,0
2021-06-17,2021,17,6,09:00:00,29,13,9
2021-06-17,2021,17,6,10:00:00,597,68,8
2021-06-17,2021,17,6,11:00:00,27,27,4
2021-06-17,2021,17,6,12:00:00,30,27,11
2021-06-17,2021,17,6,13:00:00,74,52,12
2021-06-17,2021,17,6,14:00:00,87,45,14
2021-06-17,2021,17,6,15:00:00,70,74,21
2021-06-17,2021,17,6,16:00:00,36,69,11
2021-06-17,2021,17,6,17:00:00,63,100,11
2021-06-17,2021,17,6,18:00:00,6,0,0
2021-06-17,2021,17,6,19:00:00,8,0,0
2021-06-18,2021,18,6,08:00:00,12,0,0
2021-06-18,2021,18,6,09:00:00,63,5,10
2021-06-18,2021,18,6,10:00:00,568,64,13
2021-06-18,2021,18,6,11:00:00,54,40,9
2021-06-18,2021,18,6,12:00:00,71,74,4
2021-06-18,2021,18,6,13:00:00,40,98,13
2021-06-18,2021,18,6,14:00:00,108,119,15
2021-06-18,2021,18,6,15:00:00,81,49,13
2021-06-18,2021,18,6,16:00:00,496,65,14
2021-06-18,2021,18,6,17:00:00,158,202,4
2021-06-18,2021,18,6,18:00:00,1,0,0
2021-06-19,2021,19,6,08:00:00,16,0,0
2021-06-19,2021,19,6,09:00:00,67,21,7
2021-06-19,2021,19,6,10:00:00,236,239,9
2021-06-19,2021,19,6,11:00:00,202,217,14
2021-06-19,2021,19,6,12:00:00,133,104,15
2021-06-19,2021,19,6,13:00:00,122,143,14
2021-06-19,2021,19,6,14:00:00,158,194,12
2021-06-19,2021,19,6,15:00:00,164,203,20
2021-06-19,2021,19,6,16:00:00,84,94,18
2021-06-19,2021,19,6,17:00:00,292,310,7
2021-06-19,2021,19,6,18:00:00,3,0,0
2021-06-20,2021,20,6,08:00:00,6,0,0
2021-06-20,2021,20,6,10:00:00,7,0,0
2021-06-20,2021,20,6,14:00:00,3,0,0
2021-06-20,2021,20,6,15:00:00,2,0,0
2021-06-20,2021,20,6,16:00:00,1,0,0
2021-06-20,2021,20,6,18:00:00,5,0,0
2021-06-21,2021,21,6,08:00:00,2,0,0
2021-06-21,2021,21,6,10:00:00,2,0,0
2021-06-21,2021,21,6,11:00:00,4,0,0
2021-06-21,2021,21,6,12:00:00,5,0,0
2021-06-21,2021,21,6,13:00:00,3,0,0
2021-06-21,2021,21,6,14:00:00,2,0,0
2021-06-21,2021,21,6,15:00:00,18,0,0
2021-06-21,2021,21,6,16:00:00,2,0,0
2021-06-21,2021,21,6,18:00:00,1,0,0
2021-06-21,2021,21,6,19:00:00,1,0,0
2021-06-22,2021,22,6,08:00:00,13,0,0
2021-06-22,2021,22,6,09:00:00,19,6,8
2021-06-22,2021,22,6,10:00:00,352,222,19
2021-06-22,2021,22,6,11:00:00,129,66,19
2021-06-22,2021,22,6,12:00:00,155,70,16
2021-06-22,2021,22,6,13:00:00,109,117,12
2021-06-22,2021,22,6,14:00:00,130,73,27
2021-06-22,2021,22,6,15:00:00,80,89,29
2021-06-22,2021,22,6,16:00:00,106,132,14
2021-06-22,2021,22,6,17:00:00,195,208,12
2021-06-22,2021,22,6,18:00:00,2,0,0
2021-06-22,2021,22,6,19:00:00,1,0,0
2021-06-22,2021,22,6,20:00:00,2,0,0
2021-06-23,2021,23,6,07:00:00,9,0,0
2021-06-23,2021,23,6,08:00:00,7,0,0
2021-06-23,2021,23,6,09:00:00,56,12,13
2021-06-23,2021,23,6,10:00:00,151,183,17
2021-06-23,2021,23,6,11:00:00,201,111,14
2021-06-23,2021,23,6,12:00:00,120,118,15
2021-06-23,2021,23,6,13:00:00,124,159,15
2021-06-23,2021,23,6,14:00:00,403,236,18
2021-06-23,2021,23,6,15:00:00,219,218,18
2021-06-23,2021,23,6,16:00:00,149,284,26
2021-06-23,2021,23,6,17:00:00,302,253,26
2021-06-23,2021,23,6,18:00:00,20,0,0
2021-06-23,2021,23,6,19:00:00,4,0,0
2021-06-23,2021,23,6,20:00:00,10,0,0
2021-06-24,2021,24,6,07:00:00,1,0,0
2021-06-24,2021,24,6,09:00:00,82,21,13
2021-06-24,2021,24,6,10:00:00,230,82,9
2021-06-24,2021,24,6,11:00:00,516,100,8
2021-06-24,2021,24,6,12:00:00,28,56,7
2021-06-24,2021,24,6,13:00:00,118,75,19
2021-06-24,2021,24,6,14:00:00,65,81,20
2021-06-24,2021,24,6,15:00:00,92,56,15
2021-06-24,2021,24,6,16:00:00,214,72,30
2021-06-24,2021,24,6,17:00:00,103,106,23
2021-06-24,2021,24,6,18:00:00,3,0,0
2021-06-24,2021,24,6,20:00:00,1,0,0
2021-06-25,2021,25,6,08:00:00,11,0,0
2021-06-25,2021,25,6,09:00:00,47,8,9
2021-06-25,2021,25,6,10:00:00,95,74,17
2021-06-25,2021,25,6,11:00:00,89,73,14
2021-06-25,2021,25,6,12:00:00,171,95,12
2021-06-25,2021,25,6,13:00:00,67,73,16
2021-06-25,2021,25,6,14:00:00,85,53,13
2021-06-25,2021,25,6,15:00:00,95,44,20
2021-06-25,2021,25,6,16:00:00,131,191,14
2021-06-25,2021,25,6,17:00:00,60,124,10
2021-06-25,2021,25,6,18:00:00,27,0,0
2021-06-26,2021,26,6,08:00:00,8,0,0
2021-06-26,2021,26,6,09:00:00,79,10,6
2021-06-26,2021,26,6,10:00:00,217,199,10
2021-06-26,2021,26,6,11:00:00,144,253,8
2021-06-26,2021,26,6,12:00:00,136,250,9
2021-06-26,2021,26,6,13:00:00,207,212,15
2021-06-26,2021,26,6,14:00:00,201,188,26
2021-06-26,2021,26,6,15:00:00,238,349,26
2021-06-26,2021,26,6,16:00:00,327,322,21
2021-06-26,2021,26,6,17:00:00,194,347,12
2021-06-26,2021,26,6,18:00:00,25,0,0
2021-06-26,2021,26,6,19:00:00,1,0,0
2021-06-27,2021,27,6,07:00:00,1,0,0
2021-06-27,2021,27,6,10:00:00,3,0,0
2021-06-27,2021,27,6,11:00:00,3,0,0
2021-06-27,2021,27,6,14:00:00,6,0,0
2021-06-27,2021,27,6,16:00:00,1,0,0
2021-06-27,2021,27,6,17:00:00,1,0,0
2021-06-27,2021,27,6,19:00:00,2,0,0
2021-06-27,2021,27,6,20:00:00,12,0,0
2021-06-28,2021,28,6,05:00:00,1,0,0
2021-06-28,2021,28,6,07:00:00,2,0,0
2021-06-28,2021,28,6,08:00:00,1,0,0
2021-06-28,2021,28,6,12:00:00,8,0,0
2021-06-28,2021,28,6,15:00:00,7,0,0
2021-06-28,2021,28,6,16:00:00,2,0,0
2021-06-28,2021,28,6,17:00:00,8,0,0
2021-06-28,2021,28,6,18:00:00,2,0,0
2021-06-29,2021,29,6,07:00:00,11,0,0
2021-06-29,2021,29,6,08:00:00,10,0,0
2021-06-29,2021,29,6,09:00:00,59,13,8
2021-06-29,2021,29,6,10:00:00,97,86,22
2021-06-29,2021,29,6,11:00:00,114,124,15
2021-06-29,2021,29,6,12:00:00,379,170,6
2021-06-29,2021,29,6,13:00:00,90,99,21
2021-06-29,2021,29,6,14:00:00,153,139,31
2021-06-29,2021,29,6,15:00:00,96,141,19
2021-06-29,2021,29,6,16:00:00,368,145,10
2021-06-29,2021,29,6,17:00:00,398,175,14
2021-06-29,2021,29,6,18:00:00,4,0,0
2021-06-30,2021,30,6,07:00:00,7,0,0
2021-06-30,2021,30,6,08:00:00,17,0,0
2021-06-30,2021,30,6,09:00:00,357,20,11
2021-06-30,2021,30,6,10:00:00,224,269,13
2021-06-30,2021,30,6,11:00:00,176,157,8
2021-06-30,2021,30,6,12:00:00,74,61,11
2021-06-30,2021,30,6,13:00:00,64,118,10
2021-06-30,2021,30,6,14:00:00,290,178,15
2021-06-30,2021,30,6,15:00:00,186,269,23
2021-06-30,2021,30,6,16:00:00,200,253,29
2021-06-30,2021,30,6,17:00:00,284,378,10
2021-06-30,2021,30,6,18:00:00,37,0,0
2021-06-30,2021,30,6,19:00:00,8,0,0
2021-06-30,2021,30,6,20:00:00,1,0,0
2021-07-01,2021,1,7,09:00:00,40,5,11
2021-07-01,2021,1,7,10:00:00,107,78,16
2021-07-01,2021,1,7,11:00:00,70,46,8
2021-07-01,2021,1,7,12:00:00,500,89,8
2021-07-01,2021,1,7,13:00:00,90,99,16
2021-07-01,2021,1,7,14:00:00,127,121,17
2021-07-01,2021,1,7,15:00:00,214,84,18
2021-07-01,2021,1,7,16:00:00,243,70,25
2021-07-01,2021,1,7,17:00:00,90,76,18
2021-07-01,2021,1,7,18:00:00,11,0,0
2021-07-01,2021,1,7,19:00:00,11,0,0
2021-07-02,2021,2,7,08:00:00,10,0,0
2021-07-02,2021,2,7,09:00:00,26,12,9
2021-07-02,2021,2,7,10:00:00,99,118,28
2021-07-02,2021,2,7,11:00:00,128,100,7
2021-07-02,2021,2,7,12:00:00,119,47,14
2021-07-02,2021,2,7,13:00:00,189,109,11
2021-07-02,2021,2,7,14:00:00,99,51,19
2021-07-02,2021,2,7,15:00:00,133,169,22
2021-07-02,2021,2,7,16:00:00,108,101,19
2021-07-02,2021,2,7,17:00:00,152,194,14
2021-07-02,2021,2,7,18:00:00,6,1,0
2021-07-02,2021,2,7,20:00:00,1,0,0
2021-07-03,2021,3,7,08:00:00,43,0,0
2021-07-03,2021,3,7,09:00:00,155,47,2
2021-07-03,2021,3,7,10:00:00,507,131,12
2021-07-03,2021,3,7,11:00:00,546,200,10
2021-07-03,2021,3,7,12:00:00,62,115,6
2021-07-03,2021,3,7,13:00:00,173,151,7
2021-07-03,2021,3,7,14:00:00,197,245,11
2021-07-03,2021,3,7,15:00:00,242,259,19
2021-07-03,2021,3,7,16:00:00,154,182,7
2021-07-03,2021,3,7,17:00:00,188,310,7
2021-07-03,2021,3,7,18:00:00,36,12,0
2021-07-03,2021,3,7,19:00:00,17,0,0
2021-07-04,2021,4,7,08:00:00,8,0,0
2021-07-04,2021,4,7,09:00:00,1,0,0
2021-07-04,2021,4,7,11:00:00,1,0,0
2021-07-04,2021,4,7,12:00:00,2,0,0
2021-07-04,2021,4,7,17:00:00,1,0,0
2021-07-04,2021,4,7,19:00:00,4,0,0
2021-07-05,2021,5,7,08:00:00,10,0,0
2021-07-05,2021,5,7,09:00:00,21,0,0
2021-07-05,2021,5,7,10:00:00,18,0,0
2021-07-05,2021,5,7,11:00:00,5,0,0
2021-07-05,2021,5,7,12:00:00,13,0,0
2021-07-05,2021,5,7,13:00:00,31,0,0
2021-07-05,2021,5,7,14:00:00,6,0,0
2021-07-05,2021,5,7,15:00:00,24,0,0
2021-07-05,2021,5,7,16:00:00,2,0,0
2021-07-05,2021,5,7,17:00:00,7,0,0
2021-07-05,2021,5,7,18:00:00,24,0,0
2021-07-05,2021,5,7,19:00:00,4,0,0
2021-07-06,2021,6,7,07:00:00,4,0,0
2021-07-06,2021,6,7,08:00:00,43,0,0
2021-07-06,2021,6,7,09:00:00,48,37,10
2021-07-06,2021,6,7,10:00:00,104,58,19
2021-07-06,2021,6,7,11:00:00,96,167,23
2021-07-06,2021,6,7,12:00:00,50,64,12
2021-07-06,2021,6,7,13:00:00,171,217,16
2021-07-06,2021,6,7,14:00:00,173,138,10
2021-07-06,2021,6,7,15:00:00,261,311,18
2021-07-06,2021,6,7,16:00:00,156,206,25
2021-07-06,2021,6,7,17:00:00,69,144,11
2021-07-06,2021,6,7,18:00:00,7,0,0
2021-07-06,2021,6,7,19:00:00,2,0,0
2021-07-06,2021,6,7,21:00:00,1,0,0
2021-07-07,2021,7,7,07:00:00,1,0,0
2021-07-07,2021,7,7,08:00:00,4,0,0
2021-07-07,2021,7,7,09:00:00,61,19,26
2021-07-07,2021,7,7,10:00:00,118,147,25
2021-07-07,2021,7,7,11:00:00,99,53,14
2021-07-07,2021,7,7,12:00:00,57,54,7
2021-07-07,2021,7,7,13:00:00,198,182,15
2021-07-07,2021,7,7,14:00:00,230,237,24
2021-07-07,2021,7,7,15:00:00,160,161,14
2021-07-07,2021,7,7,16:00:00,239,292,16
2021-07-07,2021,7,7,17:00:00,142,144,17
2021-07-07,2021,7,7,18:00:00,16,0,0
2021-07-07,2021,7,7,20:00:00,2,0,0
2021-07-08,2021,8,7,07:00:00,4,0,0
2021-07-08,2021,8,7,08:00:00,8,0,0
2021-07-08,2021,8,7,09:00:00,21,67,3
2021-07-08,2021,8,7,10:00:00,43,24,9
2021-07-08,2021,8,7,11:00:00,32,42,13
2021-07-08,2021,8,7,12:00:00,110,51,13
2021-07-08,2021,8,7,13:00:00,218,205,13
2021-07-08,2021,8,7,14:00:00,92,237,14
2021-07-08,2021,8,7,15:00:00,97,195,19
2021-07-08,2021,8,7,16:00:00,124,156,18
2021-07-08,2021,8,7,17:00:00,141,174,14
2021-07-08,2021,8,7,18:00:00,1,0,0
2021-07-09,2021,9,7,07:00:00,4,0,0
2021-07-09,2021,9,7,08:00:00,22,0,0
2021-07-09,2021,9,7,09:00:00,65,6,8
2021-07-09,2021,9,7,10:00:00,32,18,9
2021-07-09,2021,9,7,11:00:00,48,18,16
2021-07-09,2021,9,7,12:00:00,63,24,9
2021-07-09,2021,9,7,13:00:00,130,117,9
2021-07-09,2021,9,7,14:00:00,30,103,11
2021-07-09,2021,9,7,15:00:00,172,168,24
2021-07-09,2021,9,7,16:00:00,132,225,18
2021-07-09,2021,9,7,17:00:00,87,122,6
2021-07-09,2021,9,7,19:00:00,1,0,0
2021-07-09,2021,9,7,20:00:00,13,0,0
2021-07-09,2021,9,7,22:00:00,1,0,0
2021-07-10,2021,10,7,02:00:00,1,0,0
2021-07-10,2021,10,7,08:00:00,3,0,9
2021-07-10,2021,10,7,09:00:00,83,12,10
2021-07-10,2021,10,7,10:00:00,55,15,5
2021-07-10,2021,10,7,11:00:00,75,44,16
2021-07-10,2021,10,7,12:00:00,99,37,11
2021-07-10,2021,10,7,13:00:00,71,132,9
2021-07-10,2021,10,7,14:00:00,222,306,7
2021-07-10,2021,10,7,15:00:00,405,472,15
2021-07-10,2021,10,7,16:00:00,198,356,9
2021-07-10,2021,10,7,17:00:00,153,330,11
2021-07-10,2021,10,7,18:00:00,38,0,0
2021-07-10,2021,10,7,19:00:00,3,0,0
2021-07-11,2021,11,7,10:00:00,6,0,0
2021-07-11,2021,11,7,12:00:00,1,0,0
2021-07-11,2021,11,7,13:00:00,7,0,0
2021-07-11,2021,11,7,14:00:00,8,0,0
2021-07-11,2021,11,7,15:00:00,26,0,0
2021-07-11,2021,11,7,17:00:00,1,0,0
2021-07-11,2021,11,7,18:00:00,3,0,0
2021-07-11,2021,11,7,19:00:00,7,0,0
2021-07-11,2021,11,7,20:00:00,1,0,0
2021-07-12,2021,12,7,02:00:00,2,0,0
2021-07-12,2021,12,7,08:00:00,4,0,0
2021-07-12,2021,12,7,11:00:00,13,0,0
2021-07-12,2021,12,7,12:00:00,1,0,0
2021-07-12,2021,12,7,13:00:00,6,0,0
2021-07-12,2021,12,7,14:00:00,1,0,0
2021-07-12,2021,12,7,15:00:00,4,0,0
2021-07-12,2021,12,7,16:00:00,11,0,0
2021-07-12,2021,12,7,17:00:00,14,0,0
2021-07-12,2021,12,7,18:00:00,6,0,0
2021-07-13,2021,13,7,05:00:00,1,0,0
2021-07-13,2021,13,7,08:00:00,6,0,0
2021-07-13,2021,13,7,09:00:00,72,2,16
2021-07-13,2021,13,7,10:00:00,82,22,16
2021-07-13,2021,13,7,11:00:00,67,69,12
2021-07-13,2021,13,7,12:00:00,92,45,10
2021-07-13,2021,13,7,13:00:00,158,204,13
2021-07-13,2021,13,7,14:00:00,215,203,28
2021-07-13,2021,13,7,15:00:00,204,217,24
2021-07-13,2021,13,7,16:00:00,182,246,15
2021-07-13,2021,13,7,17:00:00,82,278,17
2021-07-13,2021,13,7,18:00:00,8,0,0
2021-07-13,2021,13,7,19:00:00,7,0,0
2021-07-14,2021,14,7,08:00:00,1,0,0
2021-07-14,2021,14,7,11:00:00,2,0,0
2021-07-14,2021,14,7,14:00:00,1,0,0
2021-07-15,2021,15,7,08:00:00,5,0,0
2021-07-15,2021,15,7,09:00:00,39,4,20
2021-07-15,2021,15,7,10:00:00,80,33,17
2021-07-15,2021,15,7,11:00:00,29,35,14
2021-07-15,2021,15,7,12:00:00,96,16,8
2021-07-15,2021,15,7,13:00:00,171,138,11
2021-07-15,2021,15,7,14:00:00,220,231,13
2021-07-15,2021,15,7,15:00:00,184,188,31
2021-07-15,2021,15,7,16:00:00,230,261,17
2021-07-15,2021,15,7,17:00:00,239,210,16
2021-07-15,2021,15,7,18:00:00,31,0,0
2021-07-16,2021,16,7,08:00:00,8,0,0
2021-07-16,2021,16,7,09:00:00,75,8,10
2021-07-16,2021,16,7,10:00:00,93,23,14
2021-07-16,2021,16,7,11:00:00,39,36,12
2021-07-16,2021,16,7,12:00:00,112,37,9
2021-07-16,2021,16,7,13:00:00,136,174,11
2021-07-16,2021,16,7,14:00:00,162,139,17
2021-07-16,2021,16,7,15:00:00,100,171,18
2021-07-16,2021,16,7,16:00:00,261,168,15
2021-07-16,2021,16,7,17:00:00,109,194,12
2021-07-16,2021,16,7,18:00:00,6,0,0
2021-07-16,2021,16,7,19:00:00,10,0,0
2021-07-16,2021,16,7,21:00:00,1,0,0
2021-07-17,2021,17,7,07:00:00,3,0,0
2021-07-17,2021,17,7,08:00:00,1,0,0
2021-07-17,2021,17,7,09:00:00,23,13,10
2021-07-17,2021,17,7,10:00:00,97,38,11
2021-07-17,2021,17,7,11:00:00,156,64,7
2021-07-17,2021,17,7,12:00:00,105,18,15
2021-07-17,2021,17,7,13:00:00,97,163,13
2021-07-17,2021,17,7,14:00:00,137,222,12
2021-07-17,2021,17,7,15:00:00,245,293,13
2021-07-17,2021,17,7,16:00:00,104,230,10
2021-07-17,2021,17,7,17:00:00,172,269,16
2021-07-17,2021,17,7,18:00:00,7,0,0
2021-07-17,2021,17,7,21:00:00,4,0,0
2021-07-18,2021,18,7,11:00:00,2,0,0
2021-07-18,2021,18,7,17:00:00,16,0,0
2021-07-19,2021,19,7,07:00:00,8,0,0
2021-07-19,2021,19,7,08:00:00,1,0,0
2021-07-19,2021,19,7,09:00:00,5,0,0
2021-07-19,2021,19,7,10:00:00,21,0,0
2021-07-19,2021,19,7,12:00:00,4,0,0
2021-07-19,2021,19,7,13:00:00,20,0,0
2021-07-19,2021,19,7,14:00:00,34,0,0
2021-07-19,2021,19,7,15:00:00,11,0,0
2021-07-19,2021,19,7,16:00:00,16,0,0
2021-07-19,2021,19,7,17:00:00,20,0,0
2021-07-19,2021,19,7,19:00:00,9,0,0
2021-07-20,2021,20,7,08:00:00,19,0,10
2021-07-20,2021,20,7,09:00:00,36,20,7
2021-07-20,2021,20,7,10:00:00,34,18,13
2021-07-20,2021,20,7,11:00:00,78,41,10
2021-07-20,2021,20,7,12:00:00,103,92,17
2021-07-20,2021,20,7,13:00:00,113,128,5
2021-07-20,2021,20,7,14:00:00,75,148,14
2021-07-20,2021,20,7,15:00:00,213,186,19
2021-07-20,2021,20,7,16:00:00,263,188,18
2021-07-20,2021,20,7,17:00:00,208,279,8
2021-07-20,2021,20,7,18:00:00,11,0,0
2021-07-20,2021,20,7,19:00:00,11,0,0
2021-07-21,2021,21,7,07:00:00,8,0,0
2021-07-21,2021,21,7,08:00:00,5,0,0
2021-07-21,2021,21,7,09:00:00,32,2,2
2021-07-21,2021,21,7,10:00:00,49,9,0
2021-07-21,2021,21,7,11:00:00,46,20,2
2021-07-21,2021,21,7,12:00:00,50,3,4
2021-07-21,2021,21,7,13:00:00,110,101,2
2021-07-21,2021,21,7,14:00:00,98,151,0
2021-07-21,2021,21,7,15:00:00,203,97,8
2021-07-21,2021,21,7,16:00:00,121,132,6
2021-07-21,2021,21,7,17:00:00,134,45,6
2021-07-21,2021,21,7,18:00:00,13,0,0
2021-07-21,2021,21,7,20:00:00,8,0,0
2021-07-22,2021,22,7,02:00:00,1,0,0
2021-07-22,2021,22,7,08:00:00,3,0,10
2021-07-22,2021,22,7,09:00:00,35,4,1
2021-07-22,2021,22,7,10:00:00,60,17,6
2021-07-22,2021,22,7,11:00:00,28,3,9
2021-07-22,2021,22,7,12:00:00,47,33,4
2021-07-22,2021,22,7,13:00:00,74,59,6
2021-07-22,2021,22,7,14:00:00,153,88,14
2021-07-22,2021,22,7,15:00:00,109,69,12
2021-07-22,2021,22,7,16:00:00,127,80,9
2021-07-22,2021,22,7,17:00:00,71,77,10
2021-07-22,2021,22,7,18:00:00,20,0,0
2021-07-22,2021,22,7,20:00:00,2,0,0
2021-07-23,2021,23,7,07:00:00,4,0,0
2021-07-23,2021,23,7,08:00:00,32,0,0
2021-07-23,2021,23,7,09:00:00,72,28,17
2021-07-23,2021,23,7,10:00:00,72,24,3
2021-07-23,2021,23,7,11:00:00,70,35,1
2021-07-23,2021,23,7,12:00:00,43,9,1
2021-07-23,2021,23,7,13:00:00,113,73,2
2021-07-23,2021,23,7,14:00:00,110,131,6
2021-07-23,2021,23,7,15:00:00,144,192,7
2021-07-23,2021,23,7,16:00:00,33,93,8
2021-07-23,2021,23,7,17:00:00,137,101,5
2021-07-23,2021,23,7,18:00:00,7,0,0
2021-07-23,2021,23,7,21:00:00,5,0,0
2021-07-24,2021,24,7,08:00:00,2,0,0
2021-07-24,2021,24,7,09:00:00,24,5,7
2021-07-24,2021,24,7,10:00:00,38,32,5
2021-07-24,2021,24,7,11:00:00,69,56,1
2021-07-24,2021,24,7,12:00:00,85,7,2
2021-07-24,2021,24,7,13:00:00,93,105,5
2021-07-24,2021,24,7,14:00:00,109,215,4
2021-07-24,2021,24,7,15:00:00,115,140,7
2021-07-24,2021,24,7,16:00:00,127,147,6
2021-07-24,2021,24,7,17:00:00,151,269,8
2021-07-24,2021,24,7,18:00:00,11,0,0
2021-07-24,2021,24,7,20:00:00,2,0,0
2021-07-25,2021,25,7,09:00:00,10,0,0
2021-07-25,2021,25,7,11:00:00,6,0,0
2021-07-25,2021,25,7,14:00:00,1,0,0
2021-07-25,2021,25,7,16:00:00,41,0,0
2021-07-25,2021,25,7,17:00:00,4,0,0
2021-07-26,2021,26,7,07:00:00,2,0,0
2021-07-26,2021,26,7,10:00:00,1,0,0
2021-07-26,2021,26,7,11:00:00,27,0,0
2021-07-26,2021,26,7,12:00:00,11,0,0
2021-07-26,2021,26,7,13:00:00,10,0,0
2021-07-26,2021,26,7,15:00:00,19,0,0
2021-07-26,2021,26,7,16:00:00,31,0,0
2021-07-26,2021,26,7,17:00:00,1,0,0
2021-07-26,2021,26,7,19:00:00,1,0,0
2021-07-26,2021,26,7,20:00:00,5,0,0
2021-07-27,2021,27,7,07:00:00,5,0,0
2021-07-27,2021,27,7,08:00:00,9,0,0
2021-07-27,2021,27,7,09:00:00,34,17,15
2021-07-27,2021,27,7,10:00:00,88,17,1
2021-07-27,2021,27,7,11:00:00,68,20,3
2021-07-27,2021,27,7,12:00:00,51,33,3
2021-07-27,2021,27,7,13:00:00,171,109,3
2021-07-27,2021,27,7,14:00:00,91,171,7
2021-07-27,2021,27,7,15:00:00,218,236,9
2021-07-27,2021,27,7,16:00:00,139,207,10
2021-07-27,2021,27,7,17:00:00,129,152,6
2021-07-27,2021,27,7,19:00:00,2,0,0
2021-07-27,2021,27,7,22:00:00,1,0,0
2021-07-28,2021,28,7,07:00:00,1,0,0
2021-07-28,2021,28,7,08:00:00,2,0,1
2021-07-28,2021,28,7,09:00:00,3,7,2
2021-07-28,2021,28,7,10:00:00,101,22,1
2021-07-28,2021,28,7,11:00:00,43,22,5
2021-07-28,2021,28,7,12:00:00,51,50,7
2021-07-28,2021,28,7,13:00:00,96,77,5
2021-07-28,2021,28,7,14:00:00,195,185,12
2021-07-28,2021,28,7,15:00:00,116,165,9
2021-07-28,2021,28,7,16:00:00,79,116,9
2021-07-28,2021,28,7,17:00:00,105,184,9
2021-07-28,2021,28,7,18:00:00,7,0,0
2021-07-28,2021,28,7,19:00:00,7,0,0
2021-07-29,2021,29,7,08:00:00,2,0,0
2021-07-29,2021,29,7,09:00:00,17,9,5
2021-07-29,2021,29,7,10:00:00,51,15,4
2021-07-29,2021,29,7,11:00:00,51,8,3
2021-07-29,2021,29,7,12:00:00,40,18,4
2021-07-29,2021,29,7,13:00:00,80,114,7
2021-07-29,2021,29,7,14:00:00,78,77,3
2021-07-29,2021,29,7,15:00:00,154,156,17
2021-07-29,2021,29,7,16:00:00,98,108,6
2021-07-29,2021,29,7,17:00:00,53,90,3
2021-07-29,2021,29,7,18:00:00,5,0,0
2021-07-29,2021,29,7,19:00:00,13,0,0
2021-07-30,2021,30,7,09:00:00,11,4,1
2021-07-30,2021,30,7,10:00:00,13,21,2
2021-07-30,2021,30,7,11:00:00,21,10,3
2021-07-30,2021,30,7,12:00:00,34,9,2
2021-07-30,2021,30,7,13:00:00,132,94,7
2021-07-30,2021,30,7,14:00:00,82,105,3
2021-07-30,2021,30,7,15:00:00,96,150,12
2021-07-30,2021,30,7,16:00:00,171,132,10
2021-07-30,2021,30,7,17:00:00,128,258,3
2021-07-30,2021,30,7,18:00:00,8,0,0
2021-07-30,2021,30,7,19:00:00,1,0,0
2021-07-31,2021,31,7,08:00:00,11,0,0
2021-07-31,2021,31,7,09:00:00,56,277,2
2021-07-31,2021,31,7,10:00:00,63,147,1
2021-07-31,2021,31,7,11:00:00,77,19,7
2021-07-31,2021,31,7,12:00:00,30,22,2
2021-07-31,2021,31,7,13:00:00,115,108,5
2021-07-31,2021,31,7,14:00:00,134,123,6
2021-07-31,2021,31,7,15:00:00,224,196,11
2021-07-31,2021,31,7,16:00:00,271,273,13
2021-07-31,2021,31,7,17:00:00,111,244,8
2021-07-31,2021,31,7,18:00:00,45,0,0
2021-08-01,2021,1,8,10:00:00,4,0,0
2021-08-01,2021,1,8,13:00:00,5,0,0
2021-08-01,2021,1,8,14:00:00,6,0,0
2021-08-01,2021,1,8,18:00:00,5,0,0
2021-08-02,2021,2,8,08:00:00,5,0,0
2021-08-02,2021,2,8,09:00:00,2,0,0
2021-08-02,2021,2,8,10:00:00,30,0,0
2021-08-02,2021,2,8,11:00:00,37,0,0
2021-08-02,2021,2,8,12:00:00,1,0,0
2021-08-02,2021,2,8,13:00:00,2,0,0
2021-08-02,2021,2,8,14:00:00,1,0,0
2021-08-02,2021,2,8,15:00:00,20,0,0
2021-08-02,2021,2,8,16:00:00,2,0,0
2021-08-02,2021,2,8,17:00:00,7,0,0
2021-08-02,2021,2,8,18:00:00,41,0,0
2021-08-02,2021,2,8,20:00:00,18,0,0
2021-08-03,2021,3,8,08:00:00,4,0,0
2021-08-03,2021,3,8,09:00:00,59,254,5
2021-08-03,2021,3,8,10:00:00,53,74,7
2021-08-03,2021,3,8,11:00:00,45,20,3
2021-08-03,2021,3,8,12:00:00,105,28,5
2021-08-03,2021,3,8,13:00:00,183,117,9
2021-08-03,2021,3,8,14:00:00,179,359,7
2021-08-03,2021,3,8,15:00:00,207,222,7
2021-08-03,2021,3,8,16:00:00,62,97,20
2021-08-03,2021,3,8,17:00:00,103,181,7
2021-08-03,2021,3,8,18:00:00,0,8,0
2021-08-04,2021,4,8,07:00:00,8,0,0
2021-08-04,2021,4,8,08:00:00,23,0,0
2021-08-04,2021,4,8,09:00:00,18,136,6
2021-08-04,2021,4,8,10:00:00,35,144,6
2021-08-04,2021,4,8,11:00:00,76,139,2
2021-08-04,2021,4,8,12:00:00,24,49,8
2021-08-04,2021,4,8,13:00:00,68,152,3
2021-08-04,2021,4,8,14:00:00,179,319,13
2021-08-04,2021,4,8,15:00:00,95,219,11
2021-08-04,2021,4,8,16:00:00,101,220,11
2021-08-04,2021,4,8,17:00:00,95,249,6
2021-08-04,2021,4,8,18:00:00,8,0,0
2021-08-04,2021,4,8,19:00:00,7,0,0
2021-08-04,2021,4,8,20:00:00,3,0,0
2021-08-05,2021,5,8,07:00:00,8,0,0
2021-08-05,2021,5,8,08:00:00,2,0,0
2021-08-05,2021,5,8,09:00:00,24,56,3
2021-08-05,2021,5,8,10:00:00,107,141,7
2021-08-05,2021,5,8,11:00:00,92,42,3
2021-08-05,2021,5,8,12:00:00,63,43,5
2021-08-05,2021,5,8,13:00:00,51,110,3
2021-08-05,2021,5,8,14:00:00,93,51,10
2021-08-05,2021,5,8,15:00:00,63,110,7
2021-08-05,2021,5,8,16:00:00,59,65,8
2021-08-05,2021,5,8,17:00:00,101,84,3
2021-08-05,2021,5,8,18:00:00,42,0,0
2021-08-05,2021,5,8,19:00:00,1,0,0
2021-08-06,2021,6,8,09:00:00,11,18,2
2021-08-06,2021,6,8,10:00:00,77,30,0
2021-08-06,2021,6,8,11:00:00,78,16,0
2021-08-06,2021,6,8,12:00:00,15,3,0
2021-08-06,2021,6,8,13:00:00,34,32,5
2021-08-06,2021,6,8,14:00:00,31,85,7
2021-08-06,2021,6,8,15:00:00,146,158,4
2021-08-06,2021,6,8,16:00:00,95,200,9
2021-08-06,2021,6,8,17:00:00,146,187,7
2021-08-06,2021,6,8,18:00:00,49,0,0
2021-08-06,2021,6,8,19:00:00,1,0,0
2021-08-07,2021,7,8,08:00:00,5,0,0
2021-08-07,2021,7,8,09:00:00,17,15,4
2021-08-07,2021,7,8,10:00:00,55,24,6
2021-08-07,2021,7,8,11:00:00,46,32,1
2021-08-07,2021,7,8,12:00:00,38,39,1
2021-08-07,2021,7,8,13:00:00,72,99,4
2021-08-07,2021,7,8,14:00:00,99,77,5
2021-08-07,2021,7,8,15:00:00,149,159,6
2021-08-07,2021,7,8,16:00:00,107,233,8
2021-08-07,2021,7,8,17:00:00,232,187,5
2021-08-07,2021,7,8,18:00:00,11,0,0
2021-08-07,2021,7,8,19:00:00,1,0,0
2021-08-08,2021,8,8,11:00:00,8,0,0
2021-08-08,2021,8,8,14:00:00,1,0,0
2021-08-08,2021,8,8,18:00:00,9,0,0
2021-08-09,2021,9,8,07:00:00,11,0,0
2021-08-09,2021,9,8,08:00:00,2,0,0
2021-08-09,2021,9,8,09:00:00,1,0,0
2021-08-09,2021,9,8,11:00:00,1,0,0
2021-08-09,2021,9,8,12:00:00,3,0,0
2021-08-09,2021,9,8,13:00:00,7,0,0
2021-08-09,2021,9,8,16:00:00,18,0,0
2021-08-09,2021,9,8,17:00:00,12,0,0
2021-08-09,2021,9,8,18:00:00,7,0,0
2021-08-09,2021,9,8,19:00:00,10,0,0
2021-08-10,2021,10,8,07:00:00,6,0,0
2021-08-10,2021,10,8,08:00:00,64,0,0
2021-08-10,2021,10,8,09:00:00,107,38,4
2021-08-10,2021,10,8,10:00:00,41,31,7
2021-08-10,2021,10,8,11:00:00,46,11,7
2021-08-10,2021,10,8,12:00:00,97,42,2
2021-08-10,2021,10,8,13:00:00,85,117,4
2021-08-10,2021,10,8,14:00:00,316,367,15
2021-08-10,2021,10,8,15:00:00,232,379,20
2021-08-10,2021,10,8,16:00:00,70,109,13
2021-08-10,2021,10,8,17:00:00,118,176,9
2021-08-10,2021,10,8,18:00:00,11,0,0
2021-08-11,2021,11,8,07:00:00,4,0,0
2021-08-11,2021,11,8,08:00:00,37,0,0
2021-08-11,2021,11,8,09:00:00,15,4,8
2021-08-11,2021,11,8,10:00:00,34,40,8
2021-08-11,2021,11,8,11:00:00,45,18,1
2021-08-11,2021,11,8,12:00:00,150,27,10
2021-08-11,2021,11,8,13:00:00,75,108,4
2021-08-11,2021,11,8,14:00:00,52,64,5
2021-08-11,2021,11,8,15:00:00,147,69,11
2021-08-11,2021,11,8,16:00:00,103,181,13
2021-08-11,2021,11,8,17:00:00,63,53,4
2021-08-11,2021,11,8,18:00:00,36,0,0
2021-08-11,2021,11,8,20:00:00,1,0,0
2021-08-11,2021,11,8,22:00:00,7,0,0
2021-08-12,2021,12,8,08:00:00,3,0,0
2021-08-12,2021,12,8,09:00:00,37,24,7
2021-08-12,2021,12,8,10:00:00,70,22,4
2021-08-12,2021,12,8,11:00:00,14,5,4
2021-08-12,2021,12,8,12:00:00,34,15,5
2021-08-12,2021,12,8,13:00:00,68,73,2
2021-08-12,2021,12,8,14:00:00,150,149,4
2021-08-12,2021,12,8,15:00:00,45,65,15
2021-08-12,2021,12,8,16:00:00,63,96,6
2021-08-12,2021,12,8,17:00:00,113,87,4
2021-08-12,2021,12,8,18:00:00,13,0,0
2021-08-13,2021,13,8,08:00:00,20,0,1
2021-08-13,2021,13,8,09:00:00,24,9,7
2021-08-13,2021,13,8,10:00:00,19,8,6
2021-08-13,2021,13,8,11:00:00,18,8,10
2021-08-13,2021,13,8,12:00:00,38,25,5
2021-08-13,2021,13,8,13:00:00,167,94,4
2021-08-13,2021,13,8,14:00:00,86,116,6
2021-08-13,2021,13,8,15:00:00,91,127,12
2021-08-13,2021,13,8,16:00:00,114,100,9
2021-08-13,2021,13,8,17:00:00,63,150,8
2021-08-13,2021,13,8,18:00:00,3,0,0
2021-08-13,2021,13,8,19:00:00,5,0,0
2021-08-14,2021,14,8,07:00:00,4,0,0
2021-08-14,2021,14,8,08:00:00,20,0,0
2021-08-14,2021,14,8,09:00:00,13,23,4
2021-08-14,2021,14,8,10:00:00,22,13,3
2021-08-14,2021,14,8,11:00:00,74,59,6
2021-08-14,2021,14,8,12:00:00,61,17,5
2021-08-14,2021,14,8,13:00:00,74,72,3
2021-08-14,2021,14,8,14:00:00,127,200,7
2021-08-14,2021,14,8,15:00:00,301,220,10
2021-08-14,2021,14,8,16:00:00,56,208,6
2021-08-14,2021,14,8,17:00:00,145,238,6
2021-08-14,2021,14,8,18:00:00,18,0,0
2021-08-15,2021,15,8,08:00:00,3,0,0
2021-08-15,2021,15,8,09:00:00,9,0,0
2021-08-15,2021,15,8,10:00:00,4,0,0
2021-08-15,2021,15,8,11:00:00,28,0,0
2021-08-15,2021,15,8,12:00:00,3,0,0
2021-08-15,2021,15,8,14:00:00,1,0,0
2021-08-15,2021,15,8,15:00:00,2,0,0
2021-08-16,2021,16,8,08:00:00,7,0,0
2021-08-16,2021,16,8,10:00:00,6,0,0
2021-08-16,2021,16,8,11:00:00,8,0,0
2021-08-16,2021,16,8,12:00:00,2,0,0
2021-08-16,2021,16,8,13:00:00,5,0,0
2021-08-16,2021,16,8,14:00:00,1,0,0
2021-08-16,2021,16,8,15:00:00,16,0,0
2021-08-16,2021,16,8,16:00:00,3,0,0
2021-08-16,2021,16,8,17:00:00,14,0,0
2021-08-17,2021,17,8,08:00:00,22,0,0
2021-08-17,2021,17,8,09:00:00,44,17,5
2021-08-17,2021,17,8,10:00:00,49,26,4
2021-08-17,2021,17,8,11:00:00,72,47,7
2021-08-17,2021,17,8,12:00:00,52,23,8
2021-08-17,2021,17,8,13:00:00,137,169,8
2021-08-17,2021,17,8,14:00:00,249,204,8
2021-08-17,2021,17,8,15:00:00,183,300,13
2021-08-17,2021,17,8,16:00:00,214,148,10
2021-08-17,2021,17,8,17:00:00,166,231,4
2021-08-17,2021,17,8,18:00:00,12,0,0
2021-08-17,2021,17,8,19:00:00,9,0,0
2021-08-17,2021,17,8,20:00:00,19,0,0
2021-08-18,2021,18,8,08:00:00,14,0,0
2021-08-18,2021,18,8,09:00:00,36,17,8
2021-08-18,2021,18,8,10:00:00,60,37,4
2021-08-18,2021,18,8,11:00:00,50,37,6
2021-08-18,2021,18,8,12:00:00,62,25,10
2021-08-18,2021,18,8,13:00:00,71,102,9
2021-08-18,2021,18,8,14:00:00,185,149,6
2021-08-18,2021,18,8,15:00:00,120,127,5
2021-08-18,2021,18,8,16:00:00,57,152,7
2021-08-18,2021,18,8,17:00:00,232,303,9
2021-08-18,2021,18,8,18:00:00,11,0,0
2021-08-18,2021,18,8,19:00:00,2,0,0
2021-08-19,2021,19,8,08:00:00,6,0,0
2021-08-19,2021,19,8,09:00:00,42,8,7
2021-08-19,2021,19,8,10:00:00,21,26,6
2021-08-19,2021,19,8,11:00:00,26,12,13
2021-08-19,2021,19,8,12:00:00,11,5,16
2021-08-19,2021,19,8,13:00:00,123,101,8
2021-08-19,2021,19,8,14:00:00,59,91,10
2021-08-19,2021,19,8,15:00:00,86,150,8
2021-08-19,2021,19,8,16:00:00,72,95,5
2021-08-19,2021,19,8,17:00:00,58,30,6
2021-08-19,2021,19,8,18:00:00,2,0,0
2021-08-20,2021,20,8,06:00:00,7,0,0
2021-08-20,2021,20,8,08:00:00,2,0,0
2021-08-20,2021,20,8,09:00:00,8,5,5
2021-08-20,2021,20,8,10:00:00,30,26,6
2021-08-20,2021,20,8,11:00:00,14,36,6
2021-08-20,2021,20,8,12:00:00,25,12,2
2021-08-20,2021,20,8,13:00:00,164,155,6
2021-08-20,2021,20,8,14:00:00,119,116,6
2021-08-20,2021,20,8,15:00:00,50,102,6
2021-08-20,2021,20,8,16:00:00,104,173,9
2021-08-20,2021,20,8,17:00:00,74,104,5
2021-08-20,2021,20,8,18:00:00,1,0,0
2021-08-20,2021,20,8,21:00:00,2,0,0
2021-08-21,2021,21,8,08:00:00,2,0,0
2021-08-21,2021,21,8,09:00:00,29,4,5
2021-08-21,2021,21,8,10:00:00,9,10,13
2021-08-21,2021,21,8,11:00:00,60,39,7
2021-08-21,2021,21,8,12:00:00,22,7,1
2021-08-21,2021,21,8,13:00:00,185,88,4
2021-08-21,2021,21,8,14:00:00,79,144,4
2021-08-21,2021,21,8,15:00:00,211,160,2
2021-08-21,2021,21,8,16:00:00,138,186,1
2021-08-21,2021,21,8,17:00:00,155,229,3
2021-08-21,2021,21,8,18:00:00,1,1,0
2021-08-21,2021,21,8,19:00:00,7,0,0
2021-08-22,2021,22,8,10:00:00,10,0,0
2021-08-22,2021,22,8,12:00:00,3,0,0
2021-08-22,2021,22,8,16:00:00,18,0,0
2021-08-22,2021,22,8,17:00:00,8,0,0
2021-08-22,2021,22,8,18:00:00,6,0,0
2021-08-23,2021,23,8,07:00:00,1,0,0
2021-08-23,2021,23,8,09:00:00,3,0,0
2021-08-23,2021,23,8,10:00:00,10,0,0
2021-08-23,2021,23,8,11:00:00,15,0,0
2021-08-23,2021,23,8,12:00:00,27,0,0
2021-08-23,2021,23,8,13:00:00,10,0,0
2021-08-23,2021,23,8,14:00:00,7,0,0
2021-08-23,2021,23,8,15:00:00,17,0,0
2021-08-23,2021,23,8,16:00:00,10,0,0
2021-08-23,2021,23,8,17:00:00,19,0,0
2021-08-23,2021,23,8,18:00:00,10,0,0
2021-08-23,2021,23,8,22:00:00,9,0,0
2021-08-24,2021,24,8,08:00:00,2,0,0
2021-08-24,2021,24,8,09:00:00,187,11,11
2021-08-24,2021,24,8,10:00:00,93,52,14
2021-08-24,2021,24,8,11:00:00,57,31,13
2021-08-24,2021,24,8,12:00:00,79,11,6
2021-08-24,2021,24,8,13:00:00,204,148,10
2021-08-24,2021,24,8,14:00:00,137,108,8
2021-08-24,2021,24,8,15:00:00,323,342,12
2021-08-24,2021,24,8,16:00:00,265,215,11
2021-08-24,2021,24,8,17:00:00,174,281,7
2021-08-24,2021,24,8,18:00:00,4,0,0
2021-08-25,2021,25,8,08:00:00,3,0,0
2021-08-25,2021,25,8,09:00:00,35,13,4
2021-08-25,2021,25,8,10:00:00,41,10,14
2021-08-25,2021,25,8,11:00:00,29,14,8
2021-08-25,2021,25,8,12:00:00,22,11,7
2021-08-25,2021,25,8,13:00:00,106,183,6
2021-08-25,2021,25,8,14:00:00,185,208,13
2021-08-25,2021,25,8,15:00:00,241,169,4
2021-08-25,2021,25,8,16:00:00,140,111,5
2021-08-25,2021,25,8,17:00:00,121,135,3
2021-08-25,2021,25,8,18:00:00,10,0,0
2021-08-26,2021,26,8,07:00:00,13,0,0
2021-08-26,2021,26,8,08:00:00,3,0,0
2021-08-26,2021,26,8,09:00:00,8,11,5
2021-08-26,2021,26,8,10:00:00,17,25,5
2021-08-26,2021,26,8,11:00:00,45,22,9
2021-08-26,2021,26,8,12:00:00,58,21,3
2021-08-26,2021,26,8,13:00:00,55,78,12
2021-08-26,2021,26,8,14:00:00,93,118,8
2021-08-26,2021,26,8,15:00:00,168,321,9
2021-08-26,2021,26,8,16:00:00,66,91,7
2021-08-26,2021,26,8,17:00:00,219,226,6
2021-08-26,2021,26,8,19:00:00,5,0,0
2021-08-27,2021,27,8,08:00:00,12,0,0
2021-08-27,2021,27,8,09:00:00,22,2,3
2021-08-27,2021,27,8,10:00:00,13,5,8
2021-08-27,2021,27,8,11:00:00,108,23,4
2021-08-27,2021,27,8,12:00:00,33,34,6
2021-08-27,2021,27,8,13:00:00,113,90,3
2021-08-27,2021,27,8,14:00:00,114,83,8
2021-08-27,2021,27,8,15:00:00,144,413,7
2021-08-27,2021,27,8,16:00:00,190,164,9
2021-08-27,2021,27,8,17:00:00,148,228,8
2021-08-27,2021,27,8,18:00:00,21,3,0
2021-08-27,2021,27,8,19:00:00,15,0,0
2021-08-28,2021,28,8,07:00:00,1,0,0
2021-08-28,2021,28,8,08:00:00,4,0,0
2021-08-28,2021,28,8,09:00:00,49,23,3
2021-08-28,2021,28,8,10:00:00,85,62,5
2021-08-28,2021,28,8,11:00:00,100,55,10
2021-08-28,2021,28,8,12:00:00,98,35,11
2021-08-28,2021,28,8,13:00:00,120,190,5
2021-08-28,2021,28,8,14:00:00,143,272,14
2021-08-28,2021,28,8,15:00:00,119,324,18
2021-08-28,2021,28,8,16:00:00,170,190,7
2021-08-28,2021,28,8,17:00:00,209,353,8
2021-08-28,2021,28,8,18:00:00,4,0,0
2021-08-31,2021,31,8,08:00:00,16,0,0
2021-08-31,2021,31,8,09:00:00,59,34,6
2021-08-31,2021,31,8,10:00:00,63,155,11
2021-08-31,2021,31,8,11:00:00,77,52,12
2021-08-31,2021,31,8,12:00:00,64,65,8
2021-08-31,2021,31,8,13:00:00,140,95,11
2021-08-31,2021,31,8,14:00:00,140,139,9
2021-08-31,2021,31,8,15:00:00,283,335,15
2021-08-31,2021,31,8,16:00:00,266,280,25
2021-08-31,2021,31,8,17:00:00,170,113,5
2021-08-31,2021,31,8,18:00:00,3,0,0
2021-08-31,2021,31,8,19:00:00,23,0,0
2021-08-31,2021,31,8,23:00:00,10,0,0
2021-09-01,2021,1,9,08:00:00,18,0,9
2021-09-01,2021,1,9,09:00:00,63,159,6
2021-09-01,2021,1,9,10:00:00,89,357,10
2021-09-01,2021,1,9,11:00:00,75,417,8
2021-09-01,2021,1,9,12:00:00,84,42,13
2021-09-01,2021,1,9,13:00:00,99,160,8
2021-09-01,2021,1,9,14:00:00,183,235,8
2021-09-01,2021,1,9,15:00:00,164,371,13
2021-09-01,2021,1,9,16:00:00,188,504,11
2021-09-01,2021,1,9,17:00:00,106,227,11
2021-09-01,2021,1,9,18:00:00,3,2,0
2021-09-02,2021,2,9,08:00:00,13,0,0
2021-09-02,2021,2,9,09:00:00,85,49,7
2021-09-02,2021,2,9,10:00:00,50,220,9
2021-09-02,2021,2,9,11:00:00,41,193,7
2021-09-02,2021,2,9,12:00:00,15,44,1
2021-09-02,2021,2,9,13:00:00,183,152,4
2021-09-02,2021,2,9,14:00:00,107,123,8
2021-09-02,2021,2,9,15:00:00,54,234,10
2021-09-02,2021,2,9,16:00:00,56,97,17
2021-09-02,2021,2,9,17:00:00,111,139,4
2021-09-02,2021,2,9,18:00:00,0,2,0
2021-09-03,2021,3,9,08:00:00,18,0,0
2021-09-03,2021,3,9,09:00:00,65,62,4
2021-09-03,2021,3,9,10:00:00,127,175,12
2021-09-03,2021,3,9,11:00:00,63,205,7
2021-09-03,2021,3,9,12:00:00,39,14,7
2021-09-03,2021,3,9,13:00:00,17,84,22
2021-09-03,2021,3,9,14:00:00,53,220,9
2021-09-03,2021,3,9,15:00:00,177,332,11
2021-09-03,2021,3,9,16:00:00,49,307,7
2021-09-03,2021,3,9,17:00:00,84,207,9
2021-09-03,2021,3,9,18:00:00,31,0,0
2021-09-03,2021,3,9,19:00:00,3,0,0
2021-09-04,2021,4,9,08:00:00,6,0,0
2021-09-04,2021,4,9,09:00:00,39,32,6
2021-09-04,2021,4,9,10:00:00,97,57,6
2021-09-04,2021,4,9,11:00:00,174,301,13
2021-09-04,2021,4,9,12:00:00,152,61,5
2021-09-04,2021,4,9,13:00:00,89,211,9
2021-09-04,2021,4,9,14:00:00,183,442,11
2021-09-04,2021,4,9,15:00:00,364,490,8
2021-09-04,2021,4,9,16:00:00,299,390,12
2021-09-04,2021,4,9,17:00:00,208,255,6
2021-09-04,2021,4,9,18:00:00,13,0,0
2021-09-04,2021,4,9,19:00:00,5,0,0
2021-09-05,2021,5,9,17:00:00,1,0,0
2021-09-05,2021,5,9,18:00:00,1,0,0
2021-09-06,2021,6,9,07:00:00,5,0,0
2021-09-06,2021,6,9,09:00:00,6,0,0
2021-09-06,2021,6,9,10:00:00,23,0,0
2021-09-06,2021,6,9,11:00:00,12,0,0
2021-09-06,2021,6,9,12:00:00,8,0,0
2021-09-06,2021,6,9,13:00:00,2,0,0
2021-09-06,2021,6,9,14:00:00,4,0,0
2021-09-06,2021,6,9,16:00:00,3,0,0
2021-09-06,2021,6,9,18:00:00,7,0,0
2021-09-06,2021,6,9,19:00:00,20,0,0
2021-09-07,2021,7,9,08:00:00,10,0,0
2021-09-07,2021,7,9,09:00:00,46,18,7
2021-09-07,2021,7,9,10:00:00,58,123,9
2021-09-07,2021,7,9,11:00:00,79,55,6
2021-09-07,2021,7,9,12:00:00,84,99,7
2021-09-07,2021,7,9,13:00:00,67,107,8
2021-09-07,2021,7,9,14:00:00,53,50,12
2021-09-07,2021,7,9,15:00:00,73,63,9
2021-09-07,2021,7,9,16:00:00,74,335,9
2021-09-07,2021,7,9,17:00:00,116,200,13
2021-09-07,2021,7,9,18:00:00,34,42,2
2021-09-07,2021,7,9,19:00:00,1,0,0
2021-09-08,2021,8,9,07:00:00,9,0,0
2021-09-08,2021,8,9,08:00:00,6,0,0
2021-09-08,2021,8,9,09:00:00,69,148,8
2021-09-08,2021,8,9,10:00:00,158,212,7
2021-09-08,2021,8,9,11:00:00,170,214,2
2021-09-08,2021,8,9,12:00:00,166,123,2
2021-09-08,2021,8,9,13:00:00,130,64,9
2021-09-08,2021,8,9,14:00:00,242,423,9
2021-09-08,2021,8,9,15:00:00,158,234,14
2021-09-08,2021,8,9,16:00:00,141,126,16
2021-09-08,2021,8,9,17:00:00,114,152,6
2021-09-08,2021,8,9,18:00:00,11,65,4
2021-09-09,2021,9,9,07:00:00,8,0,0
2021-09-09,2021,9,9,08:00:00,8,0,0
2021-09-09,2021,9,9,09:00:00,34,6,1
2021-09-09,2021,9,9,10:00:00,49,32,10
2021-09-09,2021,9,9,11:00:00,24,24,6
2021-09-09,2021,9,9,12:00:00,69,21,9
2021-09-09,2021,9,9,13:00:00,39,56,7
2021-09-09,2021,9,9,14:00:00,92,10,7
2021-09-09,2021,9,9,15:00:00,77,66,18
2021-09-09,2021,9,9,16:00:00,59,127,6
2021-09-09,2021,9,9,17:00:00,26,103,4
2021-09-09,2021,9,9,18:00:00,32,80,1
2021-09-10,2021,10,9,08:00:00,1,0,0
2021-09-10,2021,10,9,09:00:00,52,7,6
2021-09-10,2021,10,9,10:00:00,87,78,6
2021-09-10,2021,10,9,11:00:00,34,92,9
2021-09-10,2021,10,9,12:00:00,87,110,9
2021-09-10,2021,10,9,13:00:00,129,191,4
2021-09-10,2021,10,9,14:00:00,74,71,8
2021-09-10,2021,10,9,15:00:00,86,83,17
2021-09-10,2021,10,9,16:00:00,59,213,22
2021-09-10,2021,10,9,17:00:00,39,29,11
2021-09-10,2021,10,9,18:00:00,24,21,4
2021-09-10,2021,10,9,23:00:00,5,0,0
2021-09-11,2021,11,9,08:00:00,5,0,0
2021-09-11,2021,11,9,09:00:00,15,35,8
2021-09-11,2021,11,9,10:00:00,141,371,5
2021-09-11,2021,11,9,11:00:00,230,467,2
2021-09-11,2021,11,9,12:00:00,33,153,5
2021-09-11,2021,11,9,13:00:00,97,87,7
2021-09-11,2021,11,9,14:00:00,205,445,8
2021-09-11,2021,11,9,15:00:00,333,514,16
2021-09-11,2021,11,9,16:00:00,358,396,26
2021-09-11,2021,11,9,17:00:00,274,288,7
2021-09-11,2021,11,9,18:00:00,56,203,2
2021-09-11,2021,11,9,19:00:00,5,0,0
2021-09-12,2021,12,9,10:00:00,3,0,0
2021-09-12,2021,12,9,11:00:00,4,0,0
2021-09-12,2021,12,9,13:00:00,1,0,0
2021-09-12,2021,12,9,17:00:00,7,0,0
2021-09-12,2021,12,9,19:00:00,1,0,0
2021-09-13,2021,13,9,10:00:00,7,0,0
2021-09-13,2021,13,9,11:00:00,2,0,0
2021-09-13,2021,13,9,12:00:00,5,0,0
2021-09-13,2021,13,9,13:00:00,8,0,0
2021-09-13,2021,13,9,14:00:00,9,0,0
2021-09-13,2021,13,9,15:00:00,1,0,0
2021-09-13,2021,13,9,16:00:00,4,0,0
2021-09-13,2021,13,9,17:00:00,2,0,0
2021-09-13,2021,13,9,18:00:00,14,0,0
2021-09-14,2021,14,9,06:00:00,7,0,0
2021-09-14,2021,14,9,07:00:00,7,0,0
2021-09-14,2021,14,9,08:00:00,13,0,0
2021-09-14,2021,14,9,09:00:00,68,72,17
2021-09-14,2021,14,9,10:00:00,76,88,9
2021-09-14,2021,14,9,11:00:00,56,92,11
2021-09-14,2021,14,9,12:00:00,87,103,6
2021-09-14,2021,14,9,13:00:00,30,42,16
2021-09-14,2021,14,9,14:00:00,38,15,24
2021-09-14,2021,14,9,15:00:00,62,104,14
2021-09-14,2021,14,9,16:00:00,50,358,13
2021-09-14,2021,14,9,17:00:00,95,120,8
2021-09-14,2021,14,9,18:00:00,24,37,1
2021-09-14,2021,14,9,19:00:00,8,0,0
2021-09-14,2021,14,9,20:00:00,1,0,0
2021-09-15,2021,15,9,07:00:00,3,0,0
2021-09-15,2021,15,9,08:00:00,19,0,0
2021-09-15,2021,15,9,09:00:00,44,17,12
2021-09-15,2021,15,9,10:00:00,133,228,15
2021-09-15,2021,15,9,11:00:00,207,248,8
2021-09-15,2021,15,9,12:00:00,123,105,6
2021-09-15,2021,15,9,13:00:00,121,399,8
2021-09-15,2021,15,9,14:00:00,197,196,16
2021-09-15,2021,15,9,15:00:00,373,416,10
2021-09-15,2021,15,9,16:00:00,225,132,14
2021-09-15,2021,15,9,17:00:00,114,219,8
2021-09-15,2021,15,9,18:00:00,61,44,3
2021-09-15,2021,15,9,19:00:00,1,0,0
2021-09-16,2021,16,9,08:00:00,4,0,0
2021-09-16,2021,16,9,09:00:00,18,15,7
2021-09-16,2021,16,9,10:00:00,61,58,9
2021-09-16,2021,16,9,11:00:00,42,80,12
2021-09-16,2021,16,9,12:00:00,39,46,3
2021-09-16,2021,16,9,13:00:00,39,66,12
2021-09-16,2021,16,9,14:00:00,25,34,10
2021-09-16,2021,16,9,15:00:00,29,85,10
2021-09-16,2021,16,9,16:00:00,51,57,13
2021-09-16,2021,16,9,17:00:00,109,79,11
2021-09-16,2021,16,9,18:00:00,45,39,3
2021-09-16,2021,16,9,23:00:00,1,0,0
2021-09-17,2021,17,9,07:00:00,1,0,0
2021-09-17,2021,17,9,08:00:00,10,0,0
2021-09-17,2021,17,9,09:00:00,44,11,9
2021-09-17,2021,17,9,10:00:00,44,107,14
2021-09-17,2021,17,9,11:00:00,32,262,7
2021-09-17,2021,17,9,12:00:00,40,50,11
2021-09-17,2021,17,9,13:00:00,38,41,9
2021-09-17,2021,17,9,14:00:00,91,64,10
2021-09-17,2021,17,9,15:00:00,87,77,8
2021-09-17,2021,17,9,16:00:00,59,96,10
2021-09-17,2021,17,9,17:00:00,26,73,5
2021-09-17,2021,17,9,18:00:00,35,40,4
2021-09-17,2021,17,9,19:00:00,9,0,0
2021-09-18,2021,18,9,08:00:00,6,0,0
2021-09-18,2021,18,9,09:00:00,104,11,3
2021-09-18,2021,18,9,10:00:00,175,178,4
2021-09-18,2021,18,9,11:00:00,294,344,8
2021-09-18,2021,18,9,12:00:00,86,141,7
2021-09-18,2021,18,9,13:00:00,112,59,11
2021-09-18,2021,18,9,14:00:00,145,153,19
2021-09-18,2021,18,9,15:00:00,187,308,19
2021-09-18,2021,18,9,16:00:00,340,329,9
2021-09-18,2021,18,9,17:00:00,157,218,6
2021-09-18,2021,18,9,18:00:00,119,106,5
2021-09-19,2021,19,9,11:00:00,2,0,0
2021-09-19,2021,19,9,13:00:00,12,0,0
2021-09-19,2021,19,9,15:00:00,9,0,0
2021-09-19,2021,19,9,16:00:00,7,0,0
2021-09-19,2021,19,9,17:00:00,5,0,0
2021-09-19,2021,19,9,18:00:00,6,0,0
2021-09-20,2021,20,9,07:00:00,7,0,0
2021-09-20,2021,20,9,08:00:00,11,0,0
2021-09-20,2021,20,9,09:00:00,1,0,0
2021-09-20,2021,20,9,10:00:00,9,0,0
2021-09-20,2021,20,9,13:00:00,1,0,0
2021-09-20,2021,20,9,14:00:00,39,0,0
2021-09-20,2021,20,9,15:00:00,16,0,0
2021-09-20,2021,20,9,16:00:00,2,0,0
2021-09-20,2021,20,9,17:00:00,8,0,0
2021-09-20,2021,20,9,18:00:00,2,0,0
2021-09-20,2021,20,9,20:00:00,5,0,0
2021-09-21,2021,21,9,08:00:00,14,0,0
2021-09-21,2021,21,9,09:00:00,52,9,13
2021-09-21,2021,21,9,10:00:00,87,56,11
2021-09-21,2021,21,9,11:00:00,74,77,17
2021-09-21,2021,21,9,12:00:00,66,123,7
2021-09-21,2021,21,9,13:00:00,61,69,4
2021-09-21,2021,21,9,14:00:00,69,59,20
2021-09-21,2021,21,9,15:00:00,56,225,11
2021-09-21,2021,21,9,16:00:00,283,251,9
2021-09-21,2021,21,9,17:00:00,272,136,6
2021-09-21,2021,21,9,18:00:00,28,28,3
2021-09-21,2021,21,9,21:00:00,2,0,0
2021-09-22,2021,22,9,07:00:00,2,0,0
2021-09-22,2021,22,9,09:00:00,56,254,2
2021-09-22,2021,22,9,10:00:00,78,480,8
2021-09-22,2021,22,9,11:00:00,119,600,5
2021-09-22,2021,22,9,12:00:00,52,77,6
2021-09-22,2021,22,9,13:00:00,75,66,10
2021-09-22,2021,22,9,14:00:00,220,605,10
2021-09-22,2021,22,9,15:00:00,178,396,18
2021-09-22,2021,22,9,16:00:00,150,139,11
2021-09-22,2021,22,9,17:00:00,233,218,13
2021-09-22,2021,22,9,18:00:00,37,115,3
2021-09-22,2021,22,9,20:00:00,7,0,0
2021-09-23,2021,23,9,07:00:00,3,0,0
2021-09-23,2021,23,9,08:00:00,7,0,0
2021-09-23,2021,23,9,09:00:00,22,29,10
2021-09-23,2021,23,9,10:00:00,35,30,5
2021-09-23,2021,23,9,11:00:00,81,49,7
2021-09-23,2021,23,9,12:00:00,74,61,11
2021-09-23,2021,23,9,13:00:00,44,102,5
2021-09-23,2021,23,9,14:00:00,69,87,13
2021-09-23,2021,23,9,15:00:00,20,173,18
2021-09-23,2021,23,9,16:00:00,84,263,12
2021-09-23,2021,23,9,17:00:00,24,72,6
2021-09-23,2021,23,9,18:00:00,50,57,5
2021-09-23,2021,23,9,19:00:00,3,0,0
2021-09-24,2021,24,9,07:00:00,6,0,0
2021-09-24,2021,24,9,08:00:00,21,0,0
2021-09-24,2021,24,9,09:00:00,43,25,14
2021-09-24,2021,24,9,10:00:00,48,74,9
2021-09-24,2021,24,9,11:00:00,11,11,4
2021-09-24,2021,24,9,12:00:00,40,50,5
2021-09-24,2021,24,9,13:00:00,38,55,7
2021-09-24,2021,24,9,14:00:00,77,51,7
2021-09-24,2021,24,9,15:00:00,38,330,11
2021-09-24,2021,24,9,16:00:00,64,120,10
2021-09-24,2021,24,9,17:00:00,97,74,5
2021-09-24,2021,24,9,18:00:00,22,0,0
2021-09-25,2021,25,9,08:00:00,5,0,0
2021-09-25,2021,25,9,09:00:00,76,24,25
2021-09-25,2021,25,9,10:00:00,164,199,4
2021-09-25,2021,25,9,11:00:00,156,259,5
2021-09-25,2021,25,9,12:00:00,134,152,3
2021-09-25,2021,25,9,13:00:00,99,135,8
2021-09-25,2021,25,9,14:00:00,296,184,11
2021-09-25,2021,25,9,15:00:00,315,363,23
2021-09-25,2021,25,9,16:00:00,186,391,28
2021-09-25,2021,25,9,17:00:00,308,423,13
2021-09-25,2021,25,9,18:00:00,45,112,6
2021-09-25,2021,25,9,19:00:00,8,1,0
2021-09-26,2021,26,9,10:00:00,30,0,0
2021-09-26,2021,26,9,12:00:00,1,0,0
2021-09-26,2021,26,9,14:00:00,10,0,0
2021-09-26,2021,26,9,15:00:00,13,0,0
2021-09-26,2021,26,9,16:00:00,1,0,0
2021-09-26,2021,26,9,17:00:00,5,0,0
2021-09-26,2021,26,9,18:00:00,4,0,0
2021-09-27,2021,27,9,07:00:00,6,0,0
2021-09-27,2021,27,9,08:00:00,6,0,0
2021-09-27,2021,27,9,09:00:00,9,0,0
2021-09-27,2021,27,9,10:00:00,1,0,0
2021-09-27,2021,27,9,14:00:00,4,0,0
2021-09-27,2021,27,9,15:00:00,1,0,0
2021-09-27,2021,27,9,16:00:00,18,0,0
2021-09-27,2021,27,9,17:00:00,10,0,0
2021-09-27,2021,27,9,18:00:00,1,0,0
2021-09-27,2021,27,9,20:00:00,1,0,0
2021-09-28,2021,28,9,07:00:00,1,0,0
2021-09-28,2021,28,9,08:00:00,11,0,0
2021-09-28,2021,28,9,09:00:00,29,15,10
2021-09-28,2021,28,9,10:00:00,63,59,11
2021-09-28,2021,28,9,11:00:00,41,64,9
2021-09-28,2021,28,9,12:00:00,144,110,5
2021-09-28,2021,28,9,13:00:00,95,59,15
2021-09-28,2021,28,9,14:00:00,62,69,10
2021-09-28,2021,28,9,15:00:00,117,83,14
2021-09-28,2021,28,9,16:00:00,142,154,12
2021-09-28,2021,28,9,17:00:00,112,159,17
2021-09-28,2021,28,9,18:00:00,27,41,2
2021-09-28,2021,28,9,19:00:00,6,0,0
2021-09-29,2021,29,9,07:00:00,1,0,0
2021-09-29,2021,29,9,08:00:00,11,0,0
2021-09-29,2021,29,9,09:00:00,77,24,1
2021-09-29,2021,29,9,10:00:00,119,120,1
2021-09-29,2021,29,9,11:00:00,265,186,4
2021-09-29,2021,29,9,12:00:00,146,98,0
2021-09-29,2021,29,9,13:00:00,191,193,1
2021-09-29,2021,29,9,14:00:00,227,233,4
2021-09-29,2021,29,9,15:00:00,189,273,20
2021-09-29,2021,29,9,16:00:00,105,150,14
2021-09-29,2021,29,9,17:00:00,113,171,10
2021-09-29,2021,29,9,18:00:00,144,147,4
2021-09-30,2021,30,9,08:00:00,11,0,0
2021-09-30,2021,30,9,09:00:00,19,7,7
2021-09-30,2021,30,9,10:00:00,88,56,7
2021-09-30,2021,30,9,11:00:00,34,52,2
2021-09-30,2021,30,9,12:00:00,45,34,6
2021-09-30,2021,30,9,13:00:00,41,30,11
2021-09-30,2021,30,9,14:00:00,45,47,16
2021-09-30,2021,30,9,15:00:00,67,46,12
2021-09-30,2021,30,9,16:00:00,95,95,10
2021-09-30,2021,30,9,17:00:00,111,131,13
2021-09-30,2021,30,9,18:00:00,14,79,5
2021-10-01,2021,1,10,08:00:00,3,0,0
2021-10-01,2021,1,10,09:00:00,10,8,7
2021-10-01,2021,1,10,10:00:00,58,84,11
2021-10-01,2021,1,10,11:00:00,22,141,7
2021-10-01,2021,1,10,12:00:00,46,53,4
2021-10-01,2021,1,10,13:00:00,49,70,5
2021-10-01,2021,1,10,14:00:00,45,37,17
2021-10-01,2021,1,10,15:00:00,32,35,24
2021-10-01,2021,1,10,16:00:00,114,111,15
2021-10-01,2021,1,10,17:00:00,42,83,11
2021-10-01,2021,1,10,18:00:00,50,73,3
2021-10-01,2021,1,10,19:00:00,7,0,0
2021-10-02,2021,2,10,08:00:00,2,0,0
2021-10-02,2021,2,10,09:00:00,53,4,7
2021-10-02,2021,2,10,10:00:00,237,162,8
2021-10-02,2021,2,10,11:00:00,240,329,12
2021-10-02,2021,2,10,12:00:00,125,228,15
2021-10-02,2021,2,10,13:00:00,66,152,11
2021-10-02,2021,2,10,14:00:00,200,160,9
2021-10-02,2021,2,10,15:00:00,260,283,13
2021-10-02,2021,2,10,16:00:00,264,364,12
2021-10-02,2021,2,10,17:00:00,181,228,14
2021-10-02,2021,2,10,18:00:00,84,161,5
2021-10-02,2021,2,10,19:00:00,1,0,0
2021-10-03,2021,3,10,11:00:00,7,0,0
2021-10-03,2021,3,10,12:00:00,3,0,0
2021-10-03,2021,3,10,14:00:00,2,0,0
2021-10-03,2021,3,10,16:00:00,5,0,0
2021-10-03,2021,3,10,17:00:00,2,0,0
2021-10-03,2021,3,10,18:00:00,3,0,0
2021-10-03,2021,3,10,19:00:00,28,0,0
2021-10-03,2021,3,10,23:00:00,1,0,0
2021-10-04,2021,4,10,07:00:00,1,0,0
2021-10-04,2021,4,10,10:00:00,1,0,0
2021-10-04,2021,4,10,13:00:00,9,0,0
2021-10-04,2021,4,10,15:00:00,6,0,0
2021-10-04,2021,4,10,17:00:00,4,0,0
2021-10-04,2021,4,10,18:00:00,2,0,0
2021-10-05,2021,5,10,07:00:00,1,0,0
2021-10-05,2021,5,10,08:00:00,4,0,0
2021-10-05,2021,5,10,09:00:00,61,29,15
2021-10-05,2021,5,10,10:00:00,106,73,17
2021-10-05,2021,5,10,11:00:00,63,41,6
2021-10-05,2021,5,10,12:00:00,42,33,7
2021-10-05,2021,5,10,13:00:00,104,96,6
2021-10-05,2021,5,10,14:00:00,59,93,13
2021-10-05,2021,5,10,15:00:00,79,149,14
2021-10-05,2021,5,10,16:00:00,96,89,13
2021-10-05,2021,5,10,17:00:00,144,105,12
2021-10-05,2021,5,10,18:00:00,37,34,3
2021-10-06,2021,6,10,09:00:00,23,11,5
2021-10-06,2021,6,10,10:00:00,118,81,8
2021-10-06,2021,6,10,11:00:00,198,310,6
2021-10-06,2021,6,10,12:00:00,115,118,8
2021-10-06,2021,6,10,13:00:00,79,151,8
2021-10-06,2021,6,10,14:00:00,205,158,16
2021-10-06,2021,6,10,15:00:00,148,147,32
2021-10-06,2021,6,10,16:00:00,116,184,18
2021-10-06,2021,6,10,17:00:00,169,148,16
2021-10-06,2021,6,10,18:00:00,78,62,5
2021-10-07,2021,7,10,08:00:00,14,0,0
2021-10-07,2021,7,10,09:00:00,34,2,11
2021-10-07,2021,7,10,10:00:00,68,211,5
2021-10-07,2021,7,10,11:00:00,46,88,7
2021-10-07,2021,7,10,12:00:00,75,70,9
2021-10-07,2021,7,10,13:00:00,50,59,14
2021-10-07,2021,7,10,14:00:00,40,45,17
2021-10-07,2021,7,10,15:00:00,46,93,15
2021-10-07,2021,7,10,16:00:00,85,92,18
2021-10-07,2021,7,10,17:00:00,61,229,13
2021-10-07,2021,7,10,18:00:00,71,35,7
2021-10-07,2021,7,10,20:00:00,1,0,0
2021-10-08,2021,8,10,08:00:00,9,0,0
2021-10-08,2021,8,10,09:00:00,21,24,8
2021-10-08,2021,8,10,10:00:00,43,27,9
2021-10-08,2021,8,10,11:00:00,87,39,11
2021-10-08,2021,8,10,12:00:00,21,19,6
2021-10-08,2021,8,10,13:00:00,75,69,5
2021-10-08,2021,8,10,14:00:00,71,78,9
2021-10-08,2021,8,10,15:00:00,63,72,15
2021-10-08,2021,8,10,16:00:00,69,78,16
2021-10-08,2021,8,10,17:00:00,74,49,11
2021-10-08,2021,8,10,18:00:00,20,90,14
2021-10-08,2021,8,10,19:00:00,38,8,0
2021-10-09,2021,9,10,08:00:00,10,0,0
2021-10-09,2021,9,10,09:00:00,29,10,7
2021-10-09,2021,9,10,10:00:00,160,128,6
2021-10-09,2021,9,10,11:00:00,248,265,10
2021-10-09,2021,9,10,12:00:00,139,200,6
2021-10-09,2021,9,10,13:00:00,140,111,6
2021-10-09,2021,9,10,14:00:00,303,232,10
2021-10-09,2021,9,10,15:00:00,379,437,16
2021-10-09,2021,9,10,16:00:00,210,338,18
2021-10-09,2021,9,10,17:00:00,257,361,21
2021-10-09,2021,9,10,18:00:00,128,200,9
2021-10-09,2021,9,10,19:00:00,19,18,0
2021-10-10,2021,10,10,10:00:00,4,0,0
2021-10-10,2021,10,10,11:00:00,1,0,0
2021-10-10,2021,10,10,12:00:00,2,0,0
2021-10-10,2021,10,10,15:00:00,22,0,0
2021-10-10,2021,10,10,16:00:00,16,0,0
2021-10-10,2021,10,10,18:00:00,1,0,0
2021-10-11,2021,11,10,08:00:00,4,0,0
2021-10-11,2021,11,10,10:00:00,17,0,0
2021-10-11,2021,11,10,11:00:00,5,0,0
2021-10-11,2021,11,10,12:00:00,4,0,0
2021-10-11,2021,11,10,13:00:00,9,0,0
2021-10-11,2021,11,10,15:00:00,15,0,0
2021-10-11,2021,11,10,17:00:00,1,0,0
2021-10-11,2021,11,10,18:00:00,2,0,0
2021-10-12,2021,12,10,08:00:00,6,0,0
2021-10-12,2021,12,10,09:00:00,77,21,10
2021-10-12,2021,12,10,10:00:00,72,222,13
2021-10-12,2021,12,10,11:00:00,72,106,11
2021-10-12,2021,12,10,12:00:00,127,141,13
2021-10-12,2021,12,10,13:00:00,152,152,12
2021-10-12,2021,12,10,14:00:00,37,65,16
2021-10-12,2021,12,10,15:00:00,145,71,18
2021-10-12,2021,12,10,16:00:00,66,252,14
2021-10-12,2021,12,10,17:00:00,63,136,7
2021-10-12,2021,12,10,18:00:00,20,39,6
2021-10-13,2021,13,10,07:00:00,6,0,0
2021-10-13,2021,13,10,08:00:00,13,0,0
2021-10-13,2021,13,10,09:00:00,88,14,7
2021-10-13,2021,13,10,10:00:00,123,134,14
2021-10-13,2021,13,10,11:00:00,138,117,13
2021-10-13,2021,13,10,12:00:00,69,110,9
2021-10-13,2021,13,10,13:00:00,112,121,9
2021-10-13,2021,13,10,14:00:00,167,237,16
2021-10-13,2021,13,10,15:00:00,229,260,21
2021-10-13,2021,13,10,16:00:00,211,328,11
2021-10-13,2021,13,10,17:00:00,166,229,11
2021-10-13,2021,13,10,18:00:00,79,68,10
2021-10-13,2021,13,10,19:00:00,5,2,0
2021-10-13,2021,13,10,20:00:00,1,0,0
2021-10-13,2021,13,10,21:00:00,1,0,0
2021-10-13,2021,13,10,22:00:00,2,0,0
2021-10-14,2021,14,10,06:00:00,9,0,0
2021-10-14,2021,14,10,07:00:00,3,0,0
2021-10-14,2021,14,10,08:00:00,7,0,0
2021-10-14,2021,14,10,09:00:00,4,5,8
2021-10-14,2021,14,10,10:00:00,32,35,14
2021-10-14,2021,14,10,11:00:00,49,73,11
2021-10-14,2021,14,10,12:00:00,48,29,4
2021-10-14,2021,14,10,13:00:00,83,104,7
2021-10-14,2021,14,10,14:00:00,108,75,11
2021-10-14,2021,14,10,15:00:00,77,251,9
2021-10-14,2021,14,10,16:00:00,117,340,17
2021-10-14,2021,14,10,17:00:00,171,181,4
2021-10-14,2021,14,10,18:00:00,20,94,5
2021-10-15,2021,15,10,08:00:00,8,0,0
2021-10-15,2021,15,10,09:00:00,63,40,4
2021-10-15,2021,15,10,10:00:00,70,50,6
2021-10-15,2021,15,10,11:00:00,41,62,10
2021-10-15,2021,15,10,12:00:00,46,54,7
2021-10-15,2021,15,10,13:00:00,28,77,7
2021-10-15,2021,15,10,14:00:00,79,83,11
2021-10-15,2021,15,10,15:00:00,70,68,21
2021-10-15,2021,15,10,16:00:00,91,80,9
2021-10-15,2021,15,10,17:00:00,111,155,13
2021-10-15,2021,15,10,18:00:00,36,85,1
2021-10-16,2021,16,10,08:00:00,3,0,0
2021-10-16,2021,16,10,09:00:00,90,20,2
2021-10-16,2021,16,10,10:00:00,144,119,10
2021-10-16,2021,16,10,11:00:00,325,263,9
2021-10-16,2021,16,10,12:00:00,161,222,6
2021-10-16,2021,16,10,13:00:00,105,132,12
2021-10-16,2021,16,10,14:00:00,252,230,9
2021-10-16,2021,16,10,15:00:00,291,317,20
2021-10-16,2021,16,10,16:00:00,278,284,21
2021-10-16,2021,16,10,17:00:00,212,280,10
2021-10-16,2021,16,10,18:00:00,64,111,4
2021-10-16,2021,16,10,19:00:00,15,2,0
2021-10-17,2021,17,10,10:00:00,3,0,0
2021-10-17,2021,17,10,15:00:00,2,0,0
2021-10-17,2021,17,10,18:00:00,27,0,0
2021-10-18,2021,18,10,06:00:00,2,0,0
2021-10-18,2021,18,10,07:00:00,1,0,0
2021-10-18,2021,18,10,08:00:00,1,0,0
2021-10-18,2021,18,10,13:00:00,1,0,0
2021-10-18,2021,18,10,15:00:00,4,0,0
2021-10-18,2021,18,10,16:00:00,2,0,0
2021-10-18,2021,18,10,17:00:00,11,0,0
2021-10-18,2021,18,10,18:00:00,22,0,0
2021-10-18,2021,18,10,19:00:00,1,0,0
2021-10-19,2021,19,10,07:00:00,1,0,0
2021-10-19,2021,19,10,08:00:00,4,0,0
2021-10-19,2021,19,10,09:00:00,91,31,11
2021-10-19,2021,19,10,10:00:00,70,86,10
2021-10-19,2021,19,10,11:00:00,51,59,5
2021-10-19,2021,19,10,12:00:00,82,93,14
2021-10-19,2021,19,10,13:00:00,144,67,10
2021-10-19,2021,19,10,14:00:00,85,109,16
2021-10-19,2021,19,10,15:00:00,32,51,13
2021-10-19,2021,19,10,16:00:00,375,277,16
2021-10-19,2021,19,10,17:00:00,249,222,9
2021-10-19,2021,19,10,18:00:00,33,58,2
2021-10-19,2021,19,10,19:00:00,27,0,0
2021-10-20,2021,20,10,07:00:00,4,0,0
2021-10-20,2021,20,10,08:00:00,2,0,0
2021-10-20,2021,20,10,09:00:00,36,13,5
2021-10-20,2021,20,10,10:00:00,317,165,6
2021-10-20,2021,20,10,11:00:00,189,286,9
2021-10-20,2021,20,10,12:00:00,37,55,10
2021-10-20,2021,20,10,13:00:00,150,148,10
2021-10-20,2021,20,10,14:00:00,306,216,25
2021-10-20,2021,20,10,15:00:00,393,346,21
2021-10-20,2021,20,10,16:00:00,174,213,16
2021-10-20,2021,20,10,17:00:00,261,393,15
2021-10-20,2021,20,10,18:00:00,91,146,2
2021-10-20,2021,20,10,19:00:00,3,0,0
2021-10-21,2021,21,10,08:00:00,13,0,0
2021-10-21,2021,21,10,09:00:00,33,9,9
2021-10-21,2021,21,10,10:00:00,41,81,10
2021-10-21,2021,21,10,11:00:00,82,65,9
2021-10-21,2021,21,10,12:00:00,138,82,9
2021-10-21,2021,21,10,13:00:00,188,144,9
2021-10-21,2021,21,10,14:00:00,81,85,11
2021-10-21,2021,21,10,15:00:00,47,80,20
2021-10-21,2021,21,10,16:00:00,582,380,6
2021-10-21,2021,21,10,17:00:00,574,471,8
2021-10-21,2021,21,10,18:00:00,85,134,2
2021-10-21,2021,21,10,19:00:00,22,0,0
2021-10-22,2021,22,10,07:00:00,6,0,0
2021-10-22,2021,22,10,08:00:00,8,0,0
2021-10-22,2021,22,10,09:00:00,20,36,8
2021-10-22,2021,22,10,10:00:00,85,113,10
2021-10-22,2021,22,10,11:00:00,184,121,11
2021-10-22,2021,22,10,12:00:00,168,117,10
2021-10-22,2021,22,10,13:00:00,235,182,5
2021-10-22,2021,22,10,14:00:00,68,146,11
2021-10-22,2021,22,10,15:00:00,80,75,8
2021-10-22,2021,22,10,16:00:00,417,309,12
2021-10-22,2021,22,10,17:00:00,149,238,5
2021-10-22,2021,22,10,18:00:00,92,122,5
2021-10-22,2021,22,10,19:00:00,0,1,0
2021-10-23,2021,23,10,08:00:00,4,0,0
2021-10-23,2021,23,10,09:00:00,70,17,3
2021-10-23,2021,23,10,10:00:00,217,240,17
2021-10-23,2021,23,10,11:00:00,311,319,16
2021-10-23,2021,23,10,12:00:00,91,199,12
2021-10-23,2021,23,10,13:00:00,105,119,7
2021-10-23,2021,23,10,14:00:00,289,220,15
2021-10-23,2021,23,10,15:00:00,347,294,13
2021-10-23,2021,23,10,16:00:00,202,279,10
2021-10-23,2021,23,10,17:00:00,163,251,9
2021-10-23,2021,23,10,18:00:00,42,130,6
2021-10-24,2021,24,10,08:00:00,2,0,0
2021-10-24,2021,24,10,10:00:00,2,0,0
2021-10-24,2021,24,10,11:00:00,2,0,0
2021-10-24,2021,24,10,16:00:00,12,0,0
2021-10-24,2021,24,10,17:00:00,1,0,0
2021-10-25,2021,25,10,06:00:00,5,0,0
2021-10-25,2021,25,10,07:00:00,2,0,0
2021-10-25,2021,25,10,08:00:00,2,0,0
2021-10-25,2021,25,10,10:00:00,35,0,0
2021-10-25,2021,25,10,11:00:00,5,0,0
2021-10-25,2021,25,10,12:00:00,2,0,0
2021-10-25,2021,25,10,13:00:00,3,0,0
2021-10-25,2021,25,10,14:00:00,25,0,0
2021-10-25,2021,25,10,15:00:00,19,0,0
2021-10-25,2021,25,10,16:00:00,7,0,0
2021-10-25,2021,25,10,17:00:00,13,0,0
2021-10-25,2021,25,10,23:00:00,6,0,0
2021-10-26,2021,26,10,07:00:00,5,0,0
2021-10-26,2021,26,10,08:00:00,34,0,0
2021-10-26,2021,26,10,09:00:00,16,5,11
2021-10-26,2021,26,10,10:00:00,247,213,7
2021-10-26,2021,26,10,11:00:00,174,191,8
2021-10-26,2021,26,10,12:00:00,197,151,2
2021-10-26,2021,26,10,13:00:00,139,175,9
2021-10-26,2021,26,10,14:00:00,194,242,17
2021-10-26,2021,26,10,15:00:00,241,308,17
2021-10-26,2021,26,10,16:00:00,189,204,11
2021-10-26,2021,26,10,17:00:00,129,177,6
2021-10-26,2021,26,10,18:00:00,15,0,0
2021-10-26,2021,26,10,19:00:00,2,0,0
2021-10-26,2021,26,10,20:00:00,1,0,0
2021-10-26,2021,26,10,22:00:00,5,0,0
2021-10-27,2021,27,10,08:00:00,13,0,0
2021-10-27,2021,27,10,09:00:00,33,11,8
2021-10-27,2021,27,10,10:00:00,88,49,5
2021-10-27,2021,27,10,11:00:00,124,117,11
2021-10-27,2021,27,10,12:00:00,62,76,10
2021-10-27,2021,27,10,13:00:00,73,92,16
2021-10-27,2021,27,10,14:00:00,261,171,26
2021-10-27,2021,27,10,15:00:00,328,434,27
2021-10-27,2021,27,10,16:00:00,189,256,30
2021-10-27,2021,27,10,17:00:00,143,270,9
2021-10-27,2021,27,10,18:00:00,13,0,0
2021-10-28,2021,28,10,06:00:00,1,0,0
2021-10-28,2021,28,10,08:00:00,13,0,0
2021-10-28,2021,28,10,09:00:00,60,99,11
2021-10-28,2021,28,10,10:00:00,90,201,14
2021-10-28,2021,28,10,11:00:00,84,221,9
2021-10-28,2021,28,10,12:00:00,105,101,9
2021-10-28,2021,28,10,13:00:00,69,85,11
2021-10-28,2021,28,10,14:00:00,111,188,18
2021-10-28,2021,28,10,15:00:00,106,304,12
2021-10-28,2021,28,10,16:00:00,109,319,7
2021-10-28,2021,28,10,17:00:00,77,116,4
2021-10-28,2021,28,10,18:00:00,29,0,0
2021-10-29,2021,29,10,07:00:00,1,0,0
2021-10-29,2021,29,10,08:00:00,11,0,1
2021-10-29,2021,29,10,09:00:00,15,5,6
2021-10-29,2021,29,10,10:00:00,47,23,6
2021-10-29,2021,29,10,11:00:00,111,108,14
2021-10-29,2021,29,10,12:00:00,68,87,7
2021-10-29,2021,29,10,13:00:00,79,40,11
2021-10-29,2021,29,10,14:00:00,171,114,7
2021-10-29,2021,29,10,15:00:00,88,173,14
2021-10-29,2021,29,10,16:00:00,114,179,17
2021-10-29,2021,29,10,17:00:00,65,136,11
2021-10-29,2021,29,10,18:00:00,7,0,0
2021-10-29,2021,29,10,20:00:00,12,0,0
2021-10-30,2021,30,10,08:00:00,3,0,0
2021-10-30,2021,30,10,09:00:00,23,16,4
2021-10-30,2021,30,10,10:00:00,97,110,6
2021-10-30,2021,30,10,11:00:00,78,137,3
2021-10-30,2021,30,10,12:00:00,187,226,5
2021-10-30,2021,30,10,13:00:00,115,83,5
2021-10-30,2021,30,10,14:00:00,120,178,11
2021-10-30,2021,30,10,15:00:00,242,182,13
2021-10-30,2021,30,10,16:00:00,129,294,6
2021-10-30,2021,30,10,17:00:00,169,241,6
2021-10-30,2021,30,10,18:00:00,3,0,0
2021-10-31,2021,31,10,08:00:00,1,0,0
2021-10-31,2021,31,10,09:00:00,7,0,0
2021-10-31,2021,31,10,13:00:00,2,0,0
2021-10-31,2021,31,10,15:00:00,8,0,0
2021-10-31,2021,31,10,17:00:00,11,0,0
2021-11-01,2021,1,11,08:00:00,5,0,0
2021-11-01,2021,1,11,10:00:00,4,0,0
2021-11-01,2021,1,11,11:00:00,4,0,0
2021-11-01,2021,1,11,12:00:00,4,0,0
2021-11-01,2021,1,11,13:00:00,10,0,0
2021-11-01,2021,1,11,14:00:00,5,0,0
2021-11-01,2021,1,11,15:00:00,5,0,0
2021-11-01,2021,1,11,17:00:00,1,0,0
2021-11-01,2021,1,11,19:00:00,1,0,0
2021-11-02,2021,2,11,08:00:00,5,0,0
2021-11-02,2021,2,11,09:00:00,52,25,7
2021-11-02,2021,2,11,10:00:00,171,61,13
2021-11-02,2021,2,11,11:00:00,142,218,12
2021-11-02,2021,2,11,12:00:00,59,96,11
2021-11-02,2021,2,11,13:00:00,113,61,9
2021-11-02,2021,2,11,14:00:00,177,165,23
2021-11-02,2021,2,11,15:00:00,144,142,35
2021-11-02,2021,2,11,16:00:00,146,190,17
2021-11-02,2021,2,11,17:00:00,111,175,11
2021-11-02,2021,2,11,18:00:00,18,0,0
2021-11-02,2021,2,11,20:00:00,2,0,0
2021-11-03,2021,3,11,06:00:00,4,0,0
2021-11-03,2021,3,11,07:00:00,1,0,0
2021-11-03,2021,3,11,08:00:00,16,0,0
2021-11-03,2021,3,11,09:00:00,79,38,5
2021-11-03,2021,3,11,10:00:00,71,73,9
2021-11-03,2021,3,11,11:00:00,131,81,9
2021-11-03,2021,3,11,12:00:00,74,116,12
2021-11-03,2021,3,11,13:00:00,113,92,5
2021-11-03,2021,3,11,14:00:00,251,94,25
2021-11-03,2021,3,11,15:00:00,231,150,19
2021-11-03,2021,3,11,16:00:00,98,235,19
2021-11-03,2021,3,11,17:00:00,50,142,7
2021-11-03,2021,3,11,18:00:00,12,0,0
2021-11-04,2021,4,11,08:00:00,3,0,1
2021-11-04,2021,4,11,09:00:00,21,12,13
2021-11-04,2021,4,11,10:00:00,84,28,16
2021-11-04,2021,4,11,11:00:00,42,71,13
2021-11-04,2021,4,11,12:00:00,80,105,12
2021-11-04,2021,4,11,13:00:00,90,51,19
2021-11-04,2021,4,11,14:00:00,107,132,18
2021-11-04,2021,4,11,15:00:00,203,188,23
2021-11-04,2021,4,11,16:00:00,77,87,11
2021-11-04,2021,4,11,17:00:00,145,268,9
2021-11-04,2021,4,11,18:00:00,9,0,0
2021-11-04,2021,4,11,19:00:00,5,0,0
2021-11-05,2021,5,11,08:00:00,5,0,0
2021-11-05,2021,5,11,09:00:00,29,9,2
2021-11-05,2021,5,11,10:00:00,40,44,6
2021-11-05,2021,5,11,11:00:00,138,124,12
2021-11-05,2021,5,11,12:00:00,73,91,7
2021-11-05,2021,5,11,13:00:00,34,43,16
2021-11-05,2021,5,11,14:00:00,136,125,28
2021-11-05,2021,5,11,15:00:00,81,121,20
2021-11-05,2021,5,11,16:00:00,191,189,15
2021-11-05,2021,5,11,17:00:00,56,106,8
2021-11-05,2021,5,11,18:00:00,8,0,0
2021-11-06,2021,6,11,08:00:00,5,0,0
2021-11-06,2021,6,11,09:00:00,55,20,6
2021-11-06,2021,6,11,10:00:00,91,125,6
2021-11-06,2021,6,11,11:00:00,175,209,8
2021-11-06,2021,6,11,12:00:00,138,118,3
2021-11-06,2021,6,11,13:00:00,85,75,14
2021-11-06,2021,6,11,14:00:00,214,112,12
2021-11-06,2021,6,11,15:00:00,292,299,10
2021-11-06,2021,6,11,16:00:00,266,276,17
2021-11-06,2021,6,11,17:00:00,105,234,10
2021-11-06,2021,6,11,18:00:00,10,1,0
2021-11-07,2021,7,11,12:00:00,7,0,0
2021-11-07,2021,7,11,20:00:00,1,0,0
2021-11-08,2021,8,11,08:00:00,5,0,0
2021-11-08,2021,8,11,09:00:00,10,0,0
2021-11-08,2021,8,11,11:00:00,10,0,0
2021-11-08,2021,8,11,12:00:00,14,0,0
2021-11-08,2021,8,11,13:00:00,5,0,0
2021-11-08,2021,8,11,14:00:00,3,0,0
2021-11-08,2021,8,11,15:00:00,20,0,0
2021-11-08,2021,8,11,17:00:00,3,0,0
2021-11-08,2021,8,11,18:00:00,15,0,0
2021-11-09,2021,9,11,07:00:00,3,0,0
2021-11-09,2021,9,11,08:00:00,10,0,0
2021-11-09,2021,9,11,09:00:00,49,7,0
2021-11-09,2021,9,11,10:00:00,128,73,7
2021-11-09,2021,9,11,11:00:00,39,35,11
2021-11-09,2021,9,11,12:00:00,47,32,6
2021-11-09,2021,9,11,13:00:00,63,93,8
2021-11-09,2021,9,11,14:00:00,68,93,20
2021-11-09,2021,9,11,15:00:00,196,132,12
2021-11-09,2021,9,11,16:00:00,87,102,9
2021-11-09,2021,9,11,17:00:00,170,146,6
2021-11-09,2021,9,11,18:00:00,33,88,4
2021-11-09,2021,9,11,19:00:00,1,0,0
2021-11-10,2021,10,11,07:00:00,5,0,0
2021-11-10,2021,10,11,08:00:00,21,0,0
2021-11-10,2021,10,11,09:00:00,60,38,5
2021-11-10,2021,10,11,10:00:00,123,158,11
2021-11-10,2021,10,11,11:00:00,97,148,10
2021-11-10,2021,10,11,12:00:00,101,104,6
2021-11-10,2021,10,11,13:00:00,182,196,7
2021-11-10,2021,10,11,14:00:00,279,270,25
2021-11-10,2021,10,11,15:00:00,288,364,26
2021-11-10,2021,10,11,16:00:00,222,264,18
2021-11-10,2021,10,11,17:00:00,168,211,9
2021-11-10,2021,10,11,18:00:00,66,71,2
2021-11-10,2021,10,11,19:00:00,9,0,0
2021-11-11,2021,11,11,06:00:00,5,0,0
2021-11-11,2021,11,11,07:00:00,7,0,0
2021-11-11,2021,11,11,09:00:00,1,0,0
2021-11-11,2021,11,11,10:00:00,5,0,0
2021-11-11,2021,11,11,11:00:00,1,0,0
2021-11-11,2021,11,11,12:00:00,4,0,0
2021-11-11,2021,11,11,13:00:00,2,0,0
2021-11-11,2021,11,11,15:00:00,22,0,0
2021-11-11,2021,11,11,16:00:00,11,0,0
2021-11-11,2021,11,11,17:00:00,12,0,0
2021-11-12,2021,12,11,07:00:00,3,0,0
2021-11-12,2021,12,11,08:00:00,2,0,0
2021-11-12,2021,12,11,09:00:00,45,21,8
2021-11-12,2021,12,11,10:00:00,106,80,11
2021-11-12,2021,12,11,11:00:00,68,82,14
2021-11-12,2021,12,11,12:00:00,78,97,6
2021-11-12,2021,12,11,13:00:00,82,152,6
2021-11-12,2021,12,11,14:00:00,180,121,19
2021-11-12,2021,12,11,15:00:00,124,97,14
2021-11-12,2021,12,11,16:00:00,91,100,15
2021-11-12,2021,12,11,17:00:00,77,76,12
2021-11-12,2021,12,11,18:00:00,81,94,3
2021-11-13,2021,13,11,09:00:00,4,1,5
2021-11-13,2021,13,11,10:00:00,171,149,6
2021-11-13,2021,13,11,11:00:00,208,175,2
2021-11-13,2021,13,11,12:00:00,149,235,7
2021-11-13,2021,13,11,13:00:00,101,136,11
2021-11-13,2021,13,11,14:00:00,169,167,30
2021-11-13,2021,13,11,15:00:00,401,248,18
2021-11-13,2021,13,11,16:00:00,285,383,21
2021-11-13,2021,13,11,17:00:00,209,165,14
2021-11-13,2021,13,11,18:00:00,67,130,3
2021-11-13,2021,13,11,19:00:00,5,0,0
2021-11-13,2021,13,11,22:00:00,6,0,0
2021-11-14,2021,14,11,08:00:00,1,0,0
2021-11-14,2021,14,11,09:00:00,2,0,0
2021-11-14,2021,14,11,10:00:00,2,0,0
2021-11-14,2021,14,11,11:00:00,12,0,0
2021-11-14,2021,14,11,13:00:00,18,0,0
2021-11-14,2021,14,11,14:00:00,5,0,0
2021-11-14,2021,14,11,17:00:00,4,0,0
2021-11-15,2021,15,11,06:00:00,4,0,0
2021-11-15,2021,15,11,07:00:00,1,0,0
2021-11-15,2021,15,11,08:00:00,7,0,0
2021-11-15,2021,15,11,09:00:00,12,0,0
2021-11-15,2021,15,11,10:00:00,2,0,0
2021-11-15,2021,15,11,12:00:00,6,0,0
2021-11-15,2021,15,11,13:00:00,4,0,0
2021-11-15,2021,15,11,14:00:00,4,0,0
2021-11-15,2021,15,11,15:00:00,2,0,0
2021-11-15,2021,15,11,16:00:00,6,0,0
2021-11-15,2021,15,11,17:00:00,19,0,0
2021-11-16,2021,16,11,08:00:00,15,0,0
2021-11-16,2021,16,11,09:00:00,50,7,10
2021-11-16,2021,16,11,10:00:00,108,89,7
2021-11-16,2021,16,11,11:00:00,96,85,7
2021-11-16,2021,16,11,12:00:00,94,125,9
2021-11-16,2021,16,11,13:00:00,84,75,21
2021-11-16,2021,16,11,14:00:00,135,56,15
2021-11-16,2021,16,11,15:00:00,92,92,18
2021-11-16,2021,16,11,16:00:00,87,103,14
2021-11-16,2021,16,11,17:00:00,117,110,13
2021-11-16,2021,16,11,18:00:00,68,72,0
2021-11-16,2021,16,11,19:00:00,4,0,0
2021-11-17,2021,17,11,07:00:00,1,0,0
2021-11-17,2021,17,11,08:00:00,8,0,0
2021-11-17,2021,17,11,09:00:00,70,10,7
2021-11-17,2021,17,11,10:00:00,139,155,9
2021-11-17,2021,17,11,11:00:00,219,173,13
2021-11-17,2021,17,11,12:00:00,102,194,10
2021-11-17,2021,17,11,13:00:00,144,168,8
2021-11-17,2021,17,11,14:00:00,288,206,25
2021-11-17,2021,17,11,15:00:00,242,245,20
2021-11-17,2021,17,11,16:00:00,174,314,21
2021-11-17,2021,17,11,17:00:00,181,205,15
2021-11-17,2021,17,11,18:00:00,68,66,5
2021-11-17,2021,17,11,19:00:00,1,0,0
2021-11-17,2021,17,11,21:00:00,3,0,0
2021-11-18,2021,18,11,07:00:00,1,0,0
2021-11-18,2021,18,11,08:00:00,10,0,0
2021-11-18,2021,18,11,09:00:00,17,4,4
2021-11-18,2021,18,11,10:00:00,92,178,10
2021-11-18,2021,18,11,11:00:00,55,92,6
2021-11-18,2021,18,11,12:00:00,62,26,5
2021-11-18,2021,18,11,13:00:00,68,79,12
2021-11-18,2021,18,11,14:00:00,43,24,10
2021-11-18,2021,18,11,15:00:00,137,80,15
2021-11-18,2021,18,11,16:00:00,62,107,17
2021-11-18,2021,18,11,17:00:00,48,74,18
2021-11-18,2021,18,11,18:00:00,47,47,5
2021-11-18,2021,18,11,19:00:00,0,7,0
2021-11-19,2021,19,11,07:00:00,1,0,0
2021-11-19,2021,19,11,08:00:00,4,0,0
2021-11-19,2021,19,11,09:00:00,21,8,7
2021-11-19,2021,19,11,10:00:00,59,70,10
2021-11-19,2021,19,11,11:00:00,53,56,6
2021-11-19,2021,19,11,12:00:00,53,54,5
2021-11-19,2021,19,11,13:00:00,28,43,8
2021-11-19,2021,19,11,14:00:00,88,89,14
2021-11-19,2021,19,11,15:00:00,78,31,10
2021-11-19,2021,19,11,16:00:00,67,79,5
2021-11-19,2021,19,11,17:00:00,161,137,8
2021-11-19,2021,19,11,18:00:00,19,15,6
2021-11-19,2021,19,11,19:00:00,3,0,0
2021-11-19,2021,19,11,21:00:00,5,0,0
2021-11-20,2021,20,11,08:00:00,9,0,0
2021-11-20,2021,20,11,09:00:00,31,30,5
2021-11-20,2021,20,11,10:00:00,243,241,5
2021-11-20,2021,20,11,11:00:00,289,341,10
2021-11-20,2021,20,11,12:00:00,89,132,5
2021-11-20,2021,20,11,13:00:00,113,109,3
2021-11-20,2021,20,11,14:00:00,288,324,17
2021-11-20,2021,20,11,15:00:00,233,277,11
2021-11-20,2021,20,11,16:00:00,259,406,9
2021-11-20,2021,20,11,17:00:00,198,156,10
2021-11-20,2021,20,11,18:00:00,47,138,5
2021-11-21,2021,21,11,09:00:00,11,0,0
2021-11-21,2021,21,11,10:00:00,20,0,0
2021-11-21,2021,21,11,12:00:00,5,0,0
2021-11-21,2021,21,11,14:00:00,1,0,0
2021-11-21,2021,21,11,15:00:00,5,0,0
2021-11-21,2021,21,11,16:00:00,6,0,0
2021-11-21,2021,21,11,17:00:00,12,0,0
2021-11-21,2021,21,11,20:00:00,2,0,0
2021-11-22,2021,22,11,08:00:00,2,0,0
2021-11-22,2021,22,11,11:00:00,1,0,0
2021-11-22,2021,22,11,12:00:00,14,0,0
2021-11-22,2021,22,11,14:00:00,16,0,0
2021-11-22,2021,22,11,15:00:00,9,0,0
2021-11-22,2021,22,11,16:00:00,14,0,0
2021-11-22,2021,22,11,17:00:00,24,0,0
2021-11-23,2021,23,11,07:00:00,8,0,0
2021-11-23,2021,23,11,08:00:00,10,0,0
2021-11-23,2021,23,11,09:00:00,55,30,7
2021-11-23,2021,23,11,10:00:00,79,53,10
2021-11-23,2021,23,11,11:00:00,66,62,7
2021-11-23,2021,23,11,12:00:00,83,40,2
2021-11-23,2021,23,11,13:00:00,110,163,13
2021-11-23,2021,23,11,14:00:00,91,48,17
2021-11-23,2021,23,11,15:00:00,83,93,22
2021-11-23,2021,23,11,16:00:00,134,133,9
2021-11-23,2021,23,11,17:00:00,114,99,8
2021-11-23,2021,23,11,18:00:00,21,38,4
2021-11-23,2021,23,11,19:00:00,2,0,0
2021-11-24,2021,24,11,07:00:00,1,0,0
2021-11-24,2021,24,11,08:00:00,17,0,0
2021-11-24,2021,24,11,09:00:00,66,44,10
2021-11-24,2021,24,11,10:00:00,162,181,10
2021-11-24,2021,24,11,11:00:00,221,234,13
2021-11-24,2021,24,11,12:00:00,112,58,13
2021-11-24,2021,24,11,13:00:00,118,80,15
2021-11-24,2021,24,11,14:00:00,283,176,27
2021-11-24,2021,24,11,15:00:00,288,292,34
2021-11-24,2021,24,11,16:00:00,253,225,21
2021-11-24,2021,24,11,17:00:00,121,205,11
2021-11-24,2021,24,11,18:00:00,69,180,1
2021-11-24,2021,24,11,19:00:00,11,0,0
2021-11-25,2021,25,11,06:00:00,12,0,0
2021-11-25,2021,25,11,07:00:00,5,0,0
2021-11-25,2021,25,11,08:00:00,12,0,0
2021-11-25,2021,25,11,09:00:00,50,7,8
2021-11-25,2021,25,11,10:00:00,50,48,5
2021-11-25,2021,25,11,11:00:00,24,81,3
2021-11-25,2021,25,11,12:00:00,59,51,10
2021-11-25,2021,25,11,13:00:00,24,42,11
2021-11-25,2021,25,11,14:00:00,38,10,21
2021-11-25,2021,25,11,15:00:00,82,44,13
2021-11-25,2021,25,11,16:00:00,21,28,10
2021-11-25,2021,25,11,17:00:00,114,162,7
2021-11-25,2021,25,11,18:00:00,23,50,6
2021-11-25,2021,25,11,19:00:00,11,0,0
2021-11-26,2021,26,11,07:00:00,13,0,0
2021-11-26,2021,26,11,08:00:00,17,0,0
2021-11-26,2021,26,11,09:00:00,61,11,8
2021-11-26,2021,26,11,10:00:00,73,56,11
2021-11-26,2021,26,11,11:00:00,82,29,8
2021-11-26,2021,26,11,12:00:00,17,34,8
2021-11-26,2021,26,11,13:00:00,98,98,8
2021-11-26,2021,26,11,14:00:00,54,48,13
2021-11-26,2021,26,11,15:00:00,77,40,10
2021-11-26,2021,26,11,16:00:00,96,67,11
2021-11-26,2021,26,11,17:00:00,100,95,12
2021-11-26,2021,26,11,18:00:00,40,52,5
2021-11-26,2021,26,11,19:00:00,3,0,0
2021-11-26,2021,26,11,20:00:00,4,0,0
2021-11-26,2021,26,11,21:00:00,1,0,0
2021-11-27,2021,27,11,08:00:00,2,0,0
2021-11-27,2021,27,11,09:00:00,40,26,19
2021-11-27,2021,27,11,10:00:00,164,121,5
2021-11-27,2021,27,11,11:00:00,244,238,16
2021-11-27,2021,27,11,12:00:00,111,134,6
2021-11-27,2021,27,11,13:00:00,59,102,10
2021-11-27,2021,27,11,14:00:00,75,191,19
2021-11-27,2021,27,11,15:00:00,277,238,17
2021-11-27,2021,27,11,16:00:00,359,407,19
2021-11-27,2021,27,11,17:00:00,133,237,4
2021-11-27,2021,27,11,18:00:00,84,98,7
2021-11-28,2021,28,11,11:00:00,2,0,0
2021-11-28,2021,28,11,14:00:00,15,0,0
2021-11-28,2021,28,11,15:00:00,9,0,0
2021-11-28,2021,28,11,16:00:00,4,0,0
2021-11-28,2021,28,11,19:00:00,5,0,0
2021-11-28,2021,28,11,21:00:00,1,0,0
2021-11-29,2021,29,11,07:00:00,4,0,0
2021-11-29,2021,29,11,08:00:00,1,0,0
2021-11-29,2021,29,11,09:00:00,22,0,0
2021-11-29,2021,29,11,11:00:00,28,0,0
2021-11-29,2021,29,11,12:00:00,2,0,0
2021-11-29,2021,29,11,13:00:00,1,0,0
2021-11-29,2021,29,11,14:00:00,1,0,0
2021-11-29,2021,29,11,15:00:00,14,0,0
2021-11-29,2021,29,11,16:00:00,16,0,0
2021-11-29,2021,29,11,17:00:00,7,0,0
2021-11-29,2021,29,11,18:00:00,13,0,0
2021-11-30,2021,30,11,07:00:00,8,0,0
2021-11-30,2021,30,11,08:00:00,2,0,0
2021-11-30,2021,30,11,09:00:00,11,7,10
2021-11-30,2021,30,11,10:00:00,80,60,8
2021-11-30,2021,30,11,11:00:00,49,27,6
2021-11-30,2021,30,11,12:00:00,59,70,8
2021-11-30,2021,30,11,13:00:00,47,41,10
2021-11-30,2021,30,11,14:00:00,95,205,9
2021-11-30,2021,30,11,15:00:00,81,76,15
2021-11-30,2021,30,11,16:00:00,96,106,11
2021-11-30,2021,30,11,17:00:00,71,48,8
2021-11-30,2021,30,11,18:00:00,58,49,5
2021-12-01,2021,1,12,07:00:00,7,0,0
2021-12-01,2021,1,12,08:00:00,4,0,0
2021-12-01,2021,1,12,09:00:00,22,2,8
2021-12-01,2021,1,12,10:00:00,131,102,12
2021-12-01,2021,1,12,11:00:00,126,157,12
2021-12-01,2021,1,12,12:00:00,106,60,11
2021-12-01,2021,1,12,13:00:00,168,139,16
2021-12-01,2021,1,12,14:00:00,249,226,22
2021-12-01,2021,1,12,15:00:00,414,302,20
2021-12-01,2021,1,12,16:00:00,207,260,20
2021-12-01,2021,1,12,17:00:00,88,152,9
2021-12-01,2021,1,12,18:00:00,34,55,5
2021-12-01,2021,1,12,19:00:00,1,0,0
2021-12-02,2021,2,12,07:00:00,1,0,0
2021-12-02,2021,2,12,08:00:00,7,0,0
2021-12-02,2021,2,12,09:00:00,15,41,10
2021-12-02,2021,2,12,10:00:00,82,167,10
2021-12-02,2021,2,12,11:00:00,113,224,15
2021-12-02,2021,2,12,12:00:00,76,64,11
2021-12-02,2021,2,12,13:00:00,72,78,10
2021-12-02,2021,2,12,14:00:00,105,75,19
2021-12-02,2021,2,12,15:00:00,32,99,14
2021-12-02,2021,2,12,16:00:00,54,71,13
2021-12-02,2021,2,12,17:00:00,98,32,4
2021-12-02,2021,2,12,18:00:00,26,30,5
2021-12-02,2021,2,12,19:00:00,6,0,0
2021-12-03,2021,3,12,07:00:00,6,0,0
2021-12-03,2021,3,12,08:00:00,5,0,0
2021-12-03,2021,3,12,09:00:00,34,10,11
2021-12-03,2021,3,12,10:00:00,45,59,7
2021-12-03,2021,3,12,11:00:00,53,64,7
2021-12-03,2021,3,12,12:00:00,50,63,6
2021-12-03,2021,3,12,13:00:00,73,37,13
2021-12-03,2021,3,12,14:00:00,57,40,13
2021-12-03,2021,3,12,15:00:00,80,99,8
2021-12-03,2021,3,12,16:00:00,67,75,10
2021-12-03,2021,3,12,17:00:00,81,97,9
2021-12-03,2021,3,12,18:00:00,22,68,2
2021-12-03,2021,3,12,19:00:00,20,0,0
2021-12-04,2021,4,12,07:00:00,4,0,0
2021-12-04,2021,4,12,08:00:00,7,0,0
2021-12-04,2021,4,12,09:00:00,40,70,15
2021-12-04,2021,4,12,10:00:00,127,109,9
2021-12-04,2021,4,12,11:00:00,215,174,5
2021-12-04,2021,4,12,12:00:00,230,172,8
2021-12-04,2021,4,12,13:00:00,142,120,4
2021-12-04,2021,4,12,14:00:00,196,170,16
2021-12-04,2021,4,12,15:00:00,334,393,20
2021-12-04,2021,4,12,16:00:00,259,304,12
2021-12-04,2021,4,12,17:00:00,152,211,14
2021-12-04,2021,4,12,18:00:00,86,75,8
2021-12-04,2021,4,12,19:00:00,1,0,0
2021-12-05,2021,5,12,10:00:00,1,0,0
2021-12-05,2021,5,12,11:00:00,1,0,0
2021-12-05,2021,5,12,12:00:00,10,0,0
2021-12-05,2021,5,12,15:00:00,1,0,0
2021-12-05,2021,5,12,16:00:00,10,0,0
2021-12-05,2021,5,12,18:00:00,1,0,0
2021-12-05,2021,5,12,21:00:00,12,0,0
2021-12-06,2021,6,12,08:00:00,1,0,0
2021-12-06,2021,6,12,09:00:00,9,0,0
2021-12-06,2021,6,12,11:00:00,1,0,0
2021-12-06,2021,6,12,12:00:00,2,0,0
2021-12-06,2021,6,12,13:00:00,3,0,0
2021-12-06,2021,6,12,14:00:00,36,0,0
2021-12-06,2021,6,12,15:00:00,1,0,0
2021-12-06,2021,6,12,18:00:00,5,0,0
2021-12-07,2021,7,12,07:00:00,4,0,0
2021-12-07,2021,7,12,08:00:00,10,0,0
2021-12-07,2021,7,12,09:00:00,22,14,5
2021-12-07,2021,7,12,10:00:00,71,66,7
2021-12-07,2021,7,12,11:00:00,124,75,8
2021-12-07,2021,7,12,12:00:00,151,114,14
2021-12-07,2021,7,12,13:00:00,76,124,6
2021-12-07,2021,7,12,14:00:00,46,63,18
2021-12-07,2021,7,12,15:00:00,137,75,15
2021-12-07,2021,7,12,16:00:00,108,131,10
2021-12-07,2021,7,12,17:00:00,37,52,6
2021-12-07,2021,7,12,18:00:00,61,47,1
2021-12-07,2021,7,12,20:00:00,3,0,0
2021-12-07,2021,7,12,23:00:00,2,0,0
2021-12-08,2021,8,12,07:00:00,3,0,0
2021-12-08,2021,8,12,08:00:00,16,0,0
2021-12-08,2021,8,12,09:00:00,39,15,7
2021-12-08,2021,8,12,10:00:00,100,82,13
2021-12-08,2021,8,12,11:00:00,106,131,10
2021-12-08,2021,8,12,12:00:00,111,104,16
2021-12-08,2021,8,12,13:00:00,158,113,15
2021-12-08,2021,8,12,14:00:00,188,139,23
2021-12-08,2021,8,12,15:00:00,209,204,12
2021-12-08,2021,8,12,16:00:00,271,277,12
2021-12-08,2021,8,12,17:00:00,113,152,9
2021-12-08,2021,8,12,18:00:00,30,64,6
2021-12-08,2021,8,12,19:00:00,2,0,0
2021-12-09,2021,9,12,07:00:00,2,0,0
2021-12-09,2021,9,12,08:00:00,25,0,0
2021-12-09,2021,9,12,09:00:00,16,13,4
2021-12-09,2021,9,12,10:00:00,19,16,7
2021-12-09,2021,9,12,11:00:00,42,40,10
2021-12-09,2021,9,12,12:00:00,56,61,6
2021-12-09,2021,9,12,13:00:00,90,80,5
2021-12-09,2021,9,12,14:00:00,71,75,13
2021-12-09,2021,9,12,15:00:00,94,53,10
2021-12-09,2021,9,12,16:00:00,75,73,10
2021-12-09,2021,9,12,17:00:00,62,61,7
2021-12-09,2021,9,12,18:00:00,30,14,5
2021-12-09,2021,9,12,19:00:00,3,0,0
2021-12-10,2021,10,12,07:00:00,5,0,0
2021-12-10,2021,10,12,08:00:00,2,0,0
2021-12-10,2021,10,12,09:00:00,9,186,7
2021-12-10,2021,10,12,10:00:00,55,105,12
2021-12-10,2021,10,12,11:00:00,52,72,9
2021-12-10,2021,10,12,12:00:00,30,25,14
2021-12-10,2021,10,12,13:00:00,33,15,4
2021-12-10,2021,10,12,14:00:00,16,43,21
2021-12-10,2021,10,12,15:00:00,92,74,9
2021-12-10,2021,10,12,16:00:00,52,118,19
2021-12-10,2021,10,12,17:00:00,53,52,6
2021-12-10,2021,10,12,18:00:00,54,89,4
2021-12-10,2021,10,12,19:00:00,6,0,0
2021-12-11,2021,11,12,08:00:00,2,0,0
2021-12-11,2021,11,12,09:00:00,29,22,8
2021-12-11,2021,11,12,10:00:00,206,121,13
2021-12-11,2021,11,12,11:00:00,166,314,14
2021-12-11,2021,11,12,12:00:00,160,164,6
2021-12-11,2021,11,12,13:00:00,105,84,12
2021-12-11,2021,11,12,14:00:00,214,297,29
2021-12-11,2021,11,12,15:00:00,339,249,14
2021-12-11,2021,11,12,16:00:00,437,399,31
2021-12-11,2021,11,12,17:00:00,166,164,11
2021-12-11,2021,11,12,18:00:00,62,81,5
2021-12-11,2021,11,12,19:00:00,6,0,0
2021-12-12,2021,12,12,09:00:00,6,0,0
2021-12-12,2021,12,12,10:00:00,5,0,0
2021-12-12,2021,12,12,12:00:00,14,0,0
2021-12-12,2021,12,12,13:00:00,11,0,0
2021-12-12,2021,12,12,14:00:00,13,0,0
2021-12-12,2021,12,12,15:00:00,9,0,0
2021-12-12,2021,12,12,16:00:00,4,0,0
2021-12-12,2021,12,12,20:00:00,3,0,0
2021-12-13,2021,13,12,07:00:00,6,0,0
2021-12-13,2021,13,12,08:00:00,6,0,0
2021-12-13,2021,13,12,09:00:00,15,0,0
2021-12-13,2021,13,12,10:00:00,19,0,0
2021-12-13,2021,13,12,11:00:00,0,3,0
2021-12-13,2021,13,12,12:00:00,12,0,0
2021-12-13,2021,13,12,13:00:00,6,0,0
2021-12-13,2021,13,12,15:00:00,2,0,1
2021-12-13,2021,13,12,16:00:00,7,0,0
2021-12-13,2021,13,12,17:00:00,4,0,0
2021-12-13,2021,13,12,18:00:00,27,0,0
2021-12-13,2021,13,12,19:00:00,3,0,0
2021-12-14,2021,14,12,07:00:00,9,0,0
2021-12-14,2021,14,12,08:00:00,29,0,0
2021-12-14,2021,14,12,09:00:00,51,10,9
2021-12-14,2021,14,12,10:00:00,124,84,9
2021-12-14,2021,14,12,11:00:00,122,73,13
2021-12-14,2021,14,12,12:00:00,96,141,5
2021-12-14,2021,14,12,13:00:00,141,104,6
2021-12-14,2021,14,12,14:00:00,145,156,19
2021-12-14,2021,14,12,15:00:00,210,172,18
2021-12-14,2021,14,12,16:00:00,587,524,17
2021-12-14,2021,14,12,17:00:00,294,235,11
2021-12-14,2021,14,12,18:00:00,65,40,6
2021-12-14,2021,14,12,21:00:00,1,0,0
2021-12-15,2021,15,12,08:00:00,7,0,0
2021-12-15,2021,15,12,09:00:00,29,14,6
2021-12-15,2021,15,12,10:00:00,363,210,8
2021-12-15,2021,15,12,11:00:00,460,478,15
2021-12-15,2021,15,12,12:00:00,197,208,8
2021-12-15,2021,15,12,13:00:00,110,160,4
2021-12-15,2021,15,12,14:00:00,210,143,16
2021-12-15,2021,15,12,15:00:00,246,289,19
2021-12-15,2021,15,12,16:00:00,175,218,19
2021-12-15,2021,15,12,17:00:00,127,222,14
2021-12-15,2021,15,12,18:00:00,35,47,9
2021-12-15,2021,15,12,19:00:00,2,0,0
2021-12-15,2021,15,12,21:00:00,10,0,0
2021-12-16,2021,16,12,08:00:00,6,0,0
2021-12-16,2021,16,12,09:00:00,36,7,5
2021-12-16,2021,16,12,10:00:00,42,35,12
2021-12-16,2021,16,12,11:00:00,27,45,8
2021-12-16,2021,16,12,12:00:00,74,53,7
2021-12-16,2021,16,12,13:00:00,56,42,10
2021-12-16,2021,16,12,14:00:00,57,49,21
2021-12-16,2021,16,12,15:00:00,41,33,22
2021-12-16,2021,16,12,16:00:00,116,53,11
2021-12-16,2021,16,12,17:00:00,66,49,6
2021-12-16,2021,16,12,18:00:00,45,33,3
2021-12-16,2021,16,12,19:00:00,17,0,0
2021-12-17,2021,17,12,08:00:00,10,0,0
2021-12-17,2021,17,12,09:00:00,61,6,3
2021-12-17,2021,17,12,10:00:00,60,84,9
2021-12-17,2021,17,12,11:00:00,150,153,9
2021-12-17,2021,17,12,12:00:00,256,169,5
2021-12-17,2021,17,12,13:00:00,113,52,6
2021-12-17,2021,17,12,14:00:00,116,124,13
2021-12-17,2021,17,12,15:00:00,53,77,16
2021-12-17,2021,17,12,16:00:00,102,140,11
2021-12-17,2021,17,12,17:00:00,77,85,9
2021-12-17,2021,17,12,18:00:00,21,18,3
2021-12-17,2021,17,12,19:00:00,1,0,0
2021-12-17,2021,17,12,22:00:00,3,0,0
2021-12-18,2021,18,12,08:00:00,27,0,0
2021-12-18,2021,18,12,09:00:00,169,28,7
2021-12-18,2021,18,12,10:00:00,569,461,14
2021-12-18,2021,18,12,11:00:00,548,482,18
2021-12-18,2021,18,12,12:00:00,270,309,17
2021-12-18,2021,18,12,13:00:00,416,354,13
2021-12-18,2021,18,12,14:00:00,344,373,16
2021-12-18,2021,18,12,15:00:00,518,591,8
2021-12-18,2021,18,12,16:00:00,325,381,9
2021-12-18,2021,18,12,17:00:00,216,295,6
2021-12-18,2021,18,12,18:00:00,79,142,9
2021-12-18,2021,18,12,19:00:00,23,0,0
2021-12-19,2021,19,12,10:00:00,11,0,0
2021-12-19,2021,19,12,11:00:00,16,0,0
2021-12-19,2021,19,12,12:00:00,1,0,0
2021-12-19,2021,19,12,13:00:00,2,0,0
2021-12-19,2021,19,12,14:00:00,5,0,0
2021-12-19,2021,19,12,16:00:00,9,0,0
2021-12-19,2021,19,12,18:00:00,34,0,0
2021-12-20,2021,20,12,09:00:00,4,0,0
2021-12-20,2021,20,12,10:00:00,11,0,0
2021-12-20,2021,20,12,11:00:00,2,0,0
2021-12-20,2021,20,12,12:00:00,7,0,0
2021-12-20,2021,20,12,13:00:00,16,0,0
2021-12-20,2021,20,12,14:00:00,14,0,0
2021-12-20,2021,20,12,15:00:00,3,0,0
2021-12-20,2021,20,12,16:00:00,4,0,0
2021-12-20,2021,20,12,17:00:00,12,0,0
2021-12-20,2021,20,12,18:00:00,2,0,0
2021-12-20,2021,20,12,19:00:00,2,0,0
2021-12-21,2021,21,12,07:00:00,13,0,0
2021-12-21,2021,21,12,08:00:00,14,0,0
2021-12-21,2021,21,12,09:00:00,177,93,4
2021-12-21,2021,21,12,10:00:00,194,173,17
2021-12-21,2021,21,12,11:00:00,136,175,13
2021-12-21,2021,21,12,12:00:00,127,147,23
2021-12-21,2021,21,12,13:00:00,107,214,16
2021-12-21,2021,21,12,14:00:00,171,132,20
2021-12-21,2021,21,12,15:00:00,237,329,18
2021-12-21,2021,21,12,16:00:00,161,271,8
2021-12-21,2021,21,12,17:00:00,181,202,3
2021-12-21,2021,21,12,18:00:00,12,0,0
2021-12-22,2021,22,12,08:00:00,10,0,0
2021-12-22,2021,22,12,09:00:00,14,5,9
2021-12-22,2021,22,12,10:00:00,61,33,13
2021-12-22,2021,22,12,11:00:00,70,98,11
2021-12-22,2021,22,12,12:00:00,69,99,9
2021-12-22,2021,22,12,13:00:00,122,93,7
2021-12-22,2021,22,12,14:00:00,172,182,14
2021-12-22,2021,22,12,15:00:00,161,342,14
2021-12-22,2021,22,12,16:00:00,203,306,12
2021-12-22,2021,22,12,17:00:00,100,108,6
2021-12-22,2021,22,12,18:00:00,1,0,0
2021-12-22,2021,22,12,19:00:00,7,0,0
2021-12-22,2021,22,12,23:00:00,1,0,0
2021-12-23,2021,23,12,08:00:00,1,0,0
2021-12-23,2021,23,12,09:00:00,26,9,7
2021-12-23,2021,23,12,10:00:00,44,30,15
2021-12-23,2021,23,12,11:00:00,109,122,13
2021-12-23,2021,23,12,12:00:00,103,66,10
2021-12-23,2021,23,12,13:00:00,48,96,8
2021-12-23,2021,23,12,14:00:00,127,141,12
2021-12-23,2021,23,12,15:00:00,194,199,28
2021-12-23,2021,23,12,16:00:00,136,192,11
2021-12-23,2021,23,12,17:00:00,68,101,7
2021-12-23,2021,23,12,18:00:00,17,0,0
2021-12-23,2021,23,12,19:00:00,5,0,0
2021-12-23,2021,23,12,20:00:00,2,0,0
2021-12-24,2021,24,12,08:00:00,3,0,0
2021-12-24,2021,24,12,09:00:00,17,41,3
2021-12-24,2021,24,12,10:00:00,52,79,11
2021-12-24,2021,24,12,11:00:00,127,97,12
2021-12-24,2021,24,12,12:00:00,64,102,4
2021-12-28,2021,28,12,08:00:00,13,0,0
2021-12-28,2021,28,12,09:00:00,81,116,5
2021-12-28,2021,28,12,10:00:00,159,140,17
2021-12-28,2021,28,12,11:00:00,129,202,16
2021-12-28,2021,28,12,12:00:00,204,157,9
2021-12-28,2021,28,12,13:00:00,122,124,10
2021-12-28,2021,28,12,14:00:00,227,175,24
2021-12-28,2021,28,12,15:00:00,198,230,18
2021-12-28,2021,28,12,16:00:00,195,285,13
2021-12-28,2021,28,12,17:00:00,179,225,6
2021-12-28,2021,28,12,18:00:00,43,0,0
2021-12-29,2021,29,12,08:00:00,10,0,0
2021-12-29,2021,29,12,09:00:00,13,1,3
2021-12-29,2021,29,12,10:00:00,130,77,4
2021-12-29,2021,29,12,11:00:00,108,133,13
2021-12-29,2021,29,12,12:00:00,89,92,11
2021-12-29,2021,29,12,13:00:00,62,99,8
2021-12-29,2021,29,12,14:00:00,157,119,20
2021-12-29,2021,29,12,15:00:00,220,266,20
2021-12-29,2021,29,12,16:00:00,142,256,8
2021-12-29,2021,29,12,17:00:00,124,211,4
2021-12-29,2021,29,12,18:00:00,5,0,0
2021-12-30,2021,30,12,08:00:00,2,0,0
2021-12-30,2021,30,12,09:00:00,54,7,5
2021-12-30,2021,30,12,10:00:00,65,22,8
2021-12-30,2021,30,12,11:00:00,124,100,7
2021-12-30,2021,30,12,12:00:00,54,81,6
2021-12-30,2021,30,12,13:00:00,76,83,13
2021-12-30,2021,30,12,14:00:00,154,173,17
2021-12-30,2021,30,12,15:00:00,225,286,17
2021-12-30,2021,30,12,16:00:00,109,138,18
2021-12-30,2021,30,12,17:00:00,121,198,10
2021-12-30,2021,30,12,18:00:00,33,0,0
2021-12-31,2021,31,12,08:00:00,4,0,1
2021-12-31,2021,31,12,09:00:00,24,13,7
2021-12-31,2021,31,12,10:00:00,123,98,17
2021-12-31,2021,31,12,11:00:00,102,152,18
2021-12-31,2021,31,12,12:00:00,149,168,14
2021-12-31,2021,31,12,13:00:00,14,0,0
2021-12-31,2021,31,12,14:00:00,8,0,0
2021-12-31,2021,31,12,15:00:00,67,0,0
2021-12-31,2021,31,12,16:00:00,14,0,0
2022-01-01,2022,1,1,11:00:00,3,0,0
2022-01-01,2022,1,1,12:00:00,2,0,0
2022-01-01,2022,1,1,13:00:00,1,0,0
2022-01-01,2022,1,1,15:00:00,1,0,0
2022-01-02,2022,2,1,10:00:00,5,0,0
2022-01-02,2022,2,1,11:00:00,2,0,0
2022-01-02,2022,2,1,13:00:00,8,0,0
2022-01-02,2022,2,1,14:00:00,7,0,0
2022-01-02,2022,2,1,15:00:00,18,0,0
2022-01-02,2022,2,1,16:00:00,1,0,0
2022-01-02,2022,2,1,17:00:00,4,0,0
2022-01-02,2022,2,1,18:00:00,1,0,0
2022-01-02,2022,2,1,20:00:00,4,0,0
2022-01-03,2022,3,1,07:00:00,5,0,0
2022-01-03,2022,3,1,08:00:00,1,0,0
2022-01-03,2022,3,1,09:00:00,25,0,0
2022-01-03,2022,3,1,10:00:00,47,0,0
2022-01-03,2022,3,1,11:00:00,2,0,0
2022-01-03,2022,3,1,12:00:00,3,0,0
2022-01-03,2022,3,1,13:00:00,6,0,0
2022-01-03,2022,3,1,14:00:00,3,0,0
2022-01-03,2022,3,1,15:00:00,11,0,0
2022-01-03,2022,3,1,16:00:00,4,0,0
2022-01-03,2022,3,1,17:00:00,1,0,0
2022-01-03,2022,3,1,18:00:00,5,0,0
2022-01-03,2022,3,1,20:00:00,1,0,0
2022-01-03,2022,3,1,21:00:00,3,0,0
2022-01-04,2022,4,1,07:00:00,3,0,0
2022-01-04,2022,4,1,08:00:00,25,0,0
2022-01-04,2022,4,1,09:00:00,115,7,14
2022-01-04,2022,4,1,10:00:00,133,94,8
2022-01-04,2022,4,1,11:00:00,126,122,18
2022-01-04,2022,4,1,12:00:00,103,96,7
2022-01-04,2022,4,1,13:00:00,90,96,13
2022-01-04,2022,4,1,14:00:00,91,79,18
2022-01-04,2022,4,1,15:00:00,59,114,18
2022-01-04,2022,4,1,16:00:00,103,95,15
2022-01-04,2022,4,1,17:00:00,133,143,12
2022-01-04,2022,4,1,18:00:00,111,98,3
2022-01-05,2022,5,1,07:00:00,34,0,0
2022-01-05,2022,5,1,08:00:00,13,0,0
2022-01-05,2022,5,1,09:00:00,59,19,4
2022-01-05,2022,5,1,10:00:00,180,125,16
2022-01-05,2022,5,1,11:00:00,235,194,13
2022-01-05,2022,5,1,12:00:00,195,147,8
2022-01-05,2022,5,1,13:00:00,159,143,17
2022-01-05,2022,5,1,14:00:00,272,177,21
2022-01-05,2022,5,1,15:00:00,353,339,21
2022-01-05,2022,5,1,16:00:00,239,229,13
2022-01-05,2022,5,1,17:00:00,182,199,4
2022-01-05,2022,5,1,18:00:00,48,50,3
2022-01-05,2022,5,1,19:00:00,6,0,0
2022-01-06,2022,6,1,07:00:00,2,0,0
2022-01-06,2022,6,1,09:00:00,39,7,8
2022-01-06,2022,6,1,10:00:00,44,48,9
2022-01-06,2022,6,1,11:00:00,63,74,6
2022-01-06,2022,6,1,12:00:00,212,112,8
2022-01-06,2022,6,1,13:00:00,181,151,10
2022-01-06,2022,6,1,14:00:00,107,113,16
2022-01-06,2022,6,1,15:00:00,415,303,7
2022-01-06,2022,6,1,16:00:00,456,138,4
2022-01-06,2022,6,1,17:00:00,132,129,7
2022-01-06,2022,6,1,18:00:00,41,37,1
2022-01-06,2022,6,1,19:00:00,13,0,0
2022-01-07,2022,7,1,00:00:00,2,0,0
2022-01-07,2022,7,1,08:00:00,5,0,0
2022-01-07,2022,7,1,09:00:00,64,18,8
2022-01-07,2022,7,1,10:00:00,61,89,8
2022-01-07,2022,7,1,11:00:00,54,60,7
2022-01-07,2022,7,1,12:00:00,100,119,8
2022-01-07,2022,7,1,13:00:00,153,102,7
2022-01-07,2022,7,1,14:00:00,63,82,12
2022-01-07,2022,7,1,15:00:00,56,72,20
2022-01-07,2022,7,1,16:00:00,177,78,9
2022-01-07,2022,7,1,17:00:00,106,136,5
2022-01-07,2022,7,1,18:00:00,137,133,3
2022-01-07,2022,7,1,19:00:00,1,0,0
2022-01-08,2022,8,1,08:00:00,6,0,0
2022-01-08,2022,8,1,09:00:00,45,23,3
2022-01-08,2022,8,1,10:00:00,149,146,7
2022-01-08,2022,8,1,11:00:00,402,248,10
2022-01-08,2022,8,1,12:00:00,196,253,12
2022-01-08,2022,8,1,13:00:00,145,178,13
2022-01-08,2022,8,1,14:00:00,251,236,21
2022-01-08,2022,8,1,15:00:00,457,338,25
2022-01-08,2022,8,1,16:00:00,372,513,13
2022-01-08,2022,8,1,17:00:00,229,378,7
2022-01-08,2022,8,1,18:00:00,114,136,3
2022-01-08,2022,8,1,19:00:00,16,0,0
2022-01-09,2022,9,1,09:00:00,1,0,0
2022-01-09,2022,9,1,10:00:00,1,0,0
2022-01-09,2022,9,1,12:00:00,5,0,0
2022-01-11,2022,11,1,08:00:00,8,0,0
2022-01-11,2022,11,1,09:00:00,35,13,9
2022-01-11,2022,11,1,10:00:00,43,74,11
2022-01-11,2022,11,1,11:00:00,134,98,13
2022-01-11,2022,11,1,12:00:00,153,115,14
2022-01-11,2022,11,1,13:00:00,153,148,13
2022-01-11,2022,11,1,14:00:00,137,159,16
2022-01-11,2022,11,1,15:00:00,105,99,16
2022-01-11,2022,11,1,16:00:00,98,76,11
2022-01-11,2022,11,1,17:00:00,135,188,22
2022-01-11,2022,11,1,18:00:00,38,29,3
2022-01-12,2022,12,1,09:00:00,71,3,11
2022-01-12,2022,12,1,10:00:00,140,118,16
2022-01-12,2022,12,1,11:00:00,123,132,10
2022-01-12,2022,12,1,12:00:00,166,149,9
2022-01-12,2022,12,1,13:00:00,110,120,12
2022-01-12,2022,12,1,14:00:00,224,196,23
2022-01-12,2022,12,1,15:00:00,157,224,21
2022-01-12,2022,12,1,16:00:00,153,200,24
2022-01-12,2022,12,1,17:00:00,72,103,22
2022-01-12,2022,12,1,18:00:00,42,80,5
2022-01-13,2022,13,1,08:00:00,2,0,0
2022-01-13,2022,13,1,09:00:00,13,4,5
2022-01-13,2022,13,1,10:00:00,123,114,14
2022-01-13,2022,13,1,11:00:00,39,46,12
2022-01-13,2022,13,1,12:00:00,54,53,11
2022-01-13,2022,13,1,13:00:00,87,100,7
2022-01-13,2022,13,1,14:00:00,28,54,11
2022-01-13,2022,13,1,15:00:00,125,140,14
2022-01-13,2022,13,1,16:00:00,183,201,16
2022-01-13,2022,13,1,17:00:00,58,69,8
2022-01-13,2022,13,1,18:00:00,7,16,1
2022-01-14,2022,14,1,07:00:00,3,0,0
2022-01-14,2022,14,1,08:00:00,3,0,0
2022-01-14,2022,14,1,09:00:00,23,19,8
2022-01-14,2022,14,1,10:00:00,85,26,13
2022-01-14,2022,14,1,11:00:00,79,78,9
2022-01-14,2022,14,1,12:00:00,28,34,3
2022-01-14,2022,14,1,13:00:00,86,112,14
2022-01-14,2022,14,1,14:00:00,56,86,16
2022-01-14,2022,14,1,15:00:00,118,106,9
2022-01-14,2022,14,1,16:00:00,106,135,16
2022-01-14,2022,14,1,17:00:00,72,81,9
2022-01-14,2022,14,1,18:00:00,89,128,0
2022-01-14,2022,14,1,19:00:00,5,0,0
2022-01-15,2022,15,1,08:00:00,5,0,0
2022-01-15,2022,15,1,09:00:00,35,11,16
2022-01-15,2022,15,1,10:00:00,136,166,8
2022-01-15,2022,15,1,11:00:00,261,255,11
2022-01-15,2022,15,1,12:00:00,259,278,5
2022-01-15,2022,15,1,13:00:00,64,71,10
2022-01-15,2022,15,1,14:00:00,349,327,15
2022-01-15,2022,15,1,15:00:00,185,245,19
2022-01-15,2022,15,1,16:00:00,291,238,16
2022-01-15,2022,15,1,17:00:00,184,251,8
2022-01-15,2022,15,1,18:00:00,67,103,5
2022-01-15,2022,15,1,19:00:00,3,0,0
2022-01-16,2022,16,1,10:00:00,1,0,0
2022-01-16,2022,16,1,15:00:00,4,0,0
2022-01-17,2022,17,1,07:00:00,4,0,0
2022-01-17,2022,17,1,11:00:00,3,0,0
2022-01-17,2022,17,1,12:00:00,7,0,0
2022-01-17,2022,17,1,13:00:00,18,0,0
2022-01-17,2022,17,1,14:00:00,12,0,0
2022-01-17,2022,17,1,15:00:00,2,0,0
2022-01-17,2022,17,1,16:00:00,3,0,0
2022-01-17,2022,17,1,17:00:00,2,0,0
2022-01-17,2022,17,1,18:00:00,3,0,0
2022-01-17,2022,17,1,19:00:00,3,0,0
2022-01-18,2022,18,1,08:00:00,18,0,0
2022-01-18,2022,18,1,09:00:00,43,0,3
2022-01-18,2022,18,1,10:00:00,137,87,14
2022-01-18,2022,18,1,11:00:00,66,103,6
2022-01-18,2022,18,1,12:00:00,93,91,11
2022-01-18,2022,18,1,13:00:00,45,52,17
2022-01-18,2022,18,1,14:00:00,72,48,14
2022-01-18,2022,18,1,15:00:00,117,146,16
2022-01-18,2022,18,1,16:00:00,117,115,10
2022-01-18,2022,18,1,17:00:00,91,162,16
2022-01-18,2022,18,1,18:00:00,23,54,7
2022-01-18,2022,18,1,19:00:00,7,0,0
2022-01-19,2022,19,1,07:00:00,3,0,0
2022-01-19,2022,19,1,08:00:00,25,0,0
2022-01-19,2022,19,1,09:00:00,50,39,6
2022-01-19,2022,19,1,10:00:00,56,70,12
2022-01-19,2022,19,1,11:00:00,127,119,12
2022-01-19,2022,19,1,12:00:00,94,103,9
2022-01-19,2022,19,1,13:00:00,166,172,11
2022-01-19,2022,19,1,14:00:00,174,125,19
2022-01-19,2022,19,1,15:00:00,213,222,17
2022-01-19,2022,19,1,16:00:00,180,246,14
2022-01-19,2022,19,1,17:00:00,158,104,11
2022-01-19,2022,19,1,18:00:00,44,105,3
2022-01-20,2022,20,1,08:00:00,1,0,0
2022-01-20,2022,20,1,09:00:00,48,6,9
2022-01-20,2022,20,1,10:00:00,141,71,8
2022-01-20,2022,20,1,11:00:00,57,73,9
2022-01-20,2022,20,1,12:00:00,42,46,7
2022-01-20,2022,20,1,13:00:00,58,85,12
2022-01-20,2022,20,1,14:00:00,44,79,18
2022-01-20,2022,20,1,15:00:00,129,149,13
2022-01-20,2022,20,1,16:00:00,127,44,12
2022-01-20,2022,20,1,17:00:00,69,100,11
2022-01-20,2022,20,1,18:00:00,50,59,5
2022-01-20,2022,20,1,19:00:00,3,1,0
2022-01-21,2022,21,1,08:00:00,4,0,0
2022-01-21,2022,21,1,09:00:00,21,2,7
2022-01-21,2022,21,1,10:00:00,61,25,5
2022-01-21,2022,21,1,11:00:00,38,83,7
2022-01-21,2022,21,1,12:00:00,26,21,13
2022-01-21,2022,21,1,13:00:00,32,54,17
2022-01-21,2022,21,1,14:00:00,63,84,13
2022-01-21,2022,21,1,15:00:00,65,80,18
2022-01-21,2022,21,1,16:00:00,71,126,13
2022-01-21,2022,21,1,17:00:00,41,56,12
2022-01-21,2022,21,1,18:00:00,40,37,5
2022-01-21,2022,21,1,19:00:00,1,0,0
2022-01-22,2022,22,1,09:00:00,43,17,2
2022-01-22,2022,22,1,10:00:00,203,90,7
2022-01-22,2022,22,1,11:00:00,99,357,16
2022-01-22,2022,22,1,12:00:00,114,146,6
2022-01-22,2022,22,1,13:00:00,111,143,8
2022-01-22,2022,22,1,14:00:00,144,258,14
2022-01-22,2022,22,1,15:00:00,333,286,15
2022-01-22,2022,22,1,16:00:00,353,442,17
2022-01-22,2022,22,1,17:00:00,107,217,14
2022-01-22,2022,22,1,18:00:00,120,172,11
2022-01-22,2022,22,1,19:00:00,0,38,0
2022-01-23,2022,23,1,10:00:00,5,0,0
2022-01-23,2022,23,1,12:00:00,2,0,0
2022-01-23,2022,23,1,15:00:00,12,0,0
2022-01-23,2022,23,1,16:00:00,18,0,0
2022-01-23,2022,23,1,18:00:00,1,0,0
2022-01-24,2022,24,1,10:00:00,2,0,0
2022-01-24,2022,24,1,12:00:00,15,0,0
2022-01-24,2022,24,1,13:00:00,2,0,0
2022-01-24,2022,24,1,14:00:00,14,0,0
2022-01-24,2022,24,1,15:00:00,13,0,0
2022-01-24,2022,24,1,16:00:00,5,0,0
2022-01-24,2022,24,1,17:00:00,17,0,0
2022-01-24,2022,24,1,18:00:00,2,0,0
2022-01-25,2022,25,1,08:00:00,3,0,0
2022-01-25,2022,25,1,09:00:00,48,4,9
2022-01-25,2022,25,1,10:00:00,79,57,8
2022-01-25,2022,25,1,11:00:00,69,69,5
2022-01-25,2022,25,1,12:00:00,49,70,9
2022-01-25,2022,25,1,13:00:00,139,98,14
2022-01-25,2022,25,1,14:00:00,112,90,22
2022-01-25,2022,25,1,15:00:00,129,102,10
2022-01-25,2022,25,1,16:00:00,89,98,15
2022-01-25,2022,25,1,17:00:00,115,171,12
2022-01-25,2022,25,1,18:00:00,127,139,4
2022-01-25,2022,25,1,20:00:00,7,0,0
2022-01-26,2022,26,1,08:00:00,3,0,0
2022-01-26,2022,26,1,09:00:00,36,167,7
2022-01-26,2022,26,1,10:00:00,188,289,11
2022-01-26,2022,26,1,11:00:00,232,385,8
2022-01-26,2022,26,1,12:00:00,107,77,11
2022-01-26,2022,26,1,13:00:00,146,122,9
2022-01-26,2022,26,1,14:00:00,157,163,17
2022-01-26,2022,26,1,15:00:00,267,273,10
2022-01-26,2022,26,1,16:00:00,237,321,18
2022-01-26,2022,26,1,17:00:00,132,106,11
2022-01-26,2022,26,1,18:00:00,49,109,9
2022-01-26,2022,26,1,19:00:00,7,0,0
2022-01-27,2022,27,1,07:00:00,5,0,0
2022-01-27,2022,27,1,08:00:00,11,0,0
2022-01-27,2022,27,1,09:00:00,31,11,5
2022-01-27,2022,27,1,10:00:00,55,27,15
2022-01-27,2022,27,1,11:00:00,147,101,10
2022-01-27,2022,27,1,12:00:00,90,60,10
2022-01-27,2022,27,1,13:00:00,66,32,9
2022-01-27,2022,27,1,14:00:00,46,30,15
2022-01-27,2022,27,1,15:00:00,65,44,12
2022-01-27,2022,27,1,16:00:00,49,79,9
2022-01-27,2022,27,1,17:00:00,51,50,11
2022-01-27,2022,27,1,18:00:00,24,43,7
2022-01-28,2022,28,1,07:00:00,2,0,0
2022-01-28,2022,28,1,08:00:00,5,0,0
2022-01-28,2022,28,1,09:00:00,23,11,7
2022-01-28,2022,28,1,10:00:00,99,71,11
2022-01-28,2022,28,1,11:00:00,86,44,9
2022-01-28,2022,28,1,12:00:00,49,49,9
2022-01-28,2022,28,1,13:00:00,61,114,3
2022-01-28,2022,28,1,14:00:00,52,29,9
2022-01-28,2022,28,1,15:00:00,43,76,6
2022-01-28,2022,28,1,16:00:00,91,55,12
2022-01-28,2022,28,1,17:00:00,88,102,12
2022-01-28,2022,28,1,18:00:00,85,103,1
2022-01-28,2022,28,1,19:00:00,20,0,0
2022-01-29,2022,29,1,08:00:00,1,0,0
2022-01-29,2022,29,1,09:00:00,48,27,5
2022-01-29,2022,29,1,10:00:00,122,145,10
2022-01-29,2022,29,1,11:00:00,151,184,13
2022-01-29,2022,29,1,12:00:00,137,156,5
2022-01-29,2022,29,1,13:00:00,148,204,21
2022-01-29,2022,29,1,14:00:00,270,246,13
2022-01-29,2022,29,1,15:00:00,352,395,20
2022-01-29,2022,29,1,16:00:00,360,416,9
2022-01-29,2022,29,1,17:00:00,399,411,5
2022-01-29,2022,29,1,18:00:00,108,380,7
2022-01-29,2022,29,1,19:00:00,4,2,0
2022-01-30,2022,30,1,11:00:00,11,0,0
2022-01-30,2022,30,1,13:00:00,14,0,0
2022-01-30,2022,30,1,14:00:00,1,0,0
2022-01-30,2022,30,1,16:00:00,12,0,0
2022-01-30,2022,30,1,18:00:00,1,0,0
2022-01-31,2022,31,1,07:00:00,1,0,0
2022-01-31,2022,31,1,08:00:00,2,0,0
2022-01-31,2022,31,1,10:00:00,5,0,0
2022-01-31,2022,31,1,11:00:00,8,0,0
2022-01-31,2022,31,1,12:00:00,8,0,0
2022-01-31,2022,31,1,13:00:00,12,0,0
2022-01-31,2022,31,1,15:00:00,42,0,0
2022-01-31,2022,31,1,16:00:00,7,0,0
2022-01-31,2022,31,1,17:00:00,39,0,0
2022-01-31,2022,31,1,19:00:00,1,0,0
2022-01-31,2022,31,1,20:00:00,5,0,0
2022-02-01,2022,1,2,08:00:00,19,0,0
2022-02-01,2022,1,2,09:00:00,52,14,12
2022-02-01,2022,1,2,10:00:00,97,78,24
2022-02-01,2022,1,2,11:00:00,229,187,8
2022-02-01,2022,1,2,12:00:00,132,102,12
2022-02-01,2022,1,2,13:00:00,123,49,13
2022-02-01,2022,1,2,14:00:00,99,195,15
2022-02-01,2022,1,2,15:00:00,212,123,6
2022-02-01,2022,1,2,16:00:00,360,355,11
2022-02-01,2022,1,2,17:00:00,367,325,10
2022-02-01,2022,1,2,18:00:00,98,131,4
2022-02-01,2022,1,2,19:00:00,4,0,0
2022-02-01,2022,1,2,20:00:00,1,0,0
2022-02-01,2022,1,2,21:00:00,2,0,0
2022-02-02,2022,2,2,07:00:00,1,0,0
2022-02-02,2022,2,2,09:00:00,243,186,10
2022-02-02,2022,2,2,10:00:00,542,422,12
2022-02-02,2022,2,2,11:00:00,248,352,14
2022-02-02,2022,2,2,12:00:00,73,92,20
2022-02-02,2022,2,2,13:00:00,145,165,12
2022-02-02,2022,2,2,14:00:00,184,184,18
2022-02-02,2022,2,2,15:00:00,188,146,14
2022-02-02,2022,2,2,16:00:00,210,242,17
2022-02-02,2022,2,2,17:00:00,123,217,5
2022-02-02,2022,2,2,18:00:00,41,62,5
2022-02-02,2022,2,2,19:00:00,1,0,0
2022-02-03,2022,3,2,07:00:00,4,0,0
2022-02-03,2022,3,2,09:00:00,28,59,9
2022-02-03,2022,3,2,10:00:00,91,66,8
2022-02-03,2022,3,2,11:00:00,66,63,11
2022-02-03,2022,3,2,12:00:00,26,71,14
2022-02-03,2022,3,2,13:00:00,282,201,10
2022-02-03,2022,3,2,14:00:00,45,22,13
2022-02-03,2022,3,2,15:00:00,208,130,9
2022-02-03,2022,3,2,16:00:00,316,218,10
2022-02-03,2022,3,2,17:00:00,217,246,12
2022-02-03,2022,3,2,18:00:00,23,24,2
2022-02-03,2022,3,2,19:00:00,10,0,0
2022-02-04,2022,4,2,07:00:00,6,0,0
2022-02-04,2022,4,2,08:00:00,19,0,0
2022-02-04,2022,4,2,09:00:00,49,8,2
2022-02-04,2022,4,2,10:00:00,110,57,17
2022-02-04,2022,4,2,11:00:00,194,184,15
2022-02-04,2022,4,2,12:00:00,220,143,5
2022-02-04,2022,4,2,13:00:00,112,161,9
2022-02-04,2022,4,2,14:00:00,246,252,5
2022-02-04,2022,4,2,15:00:00,251,155,14
2022-02-04,2022,4,2,16:00:00,175,185,9
2022-02-04,2022,4,2,17:00:00,102,89,2
2022-02-04,2022,4,2,18:00:00,67,65,3
2022-02-04,2022,4,2,19:00:00,9,0,0
2022-02-05,2022,5,2,09:00:00,24,12,7
2022-02-05,2022,5,2,10:00:00,144,124,8
2022-02-05,2022,5,2,11:00:00,321,382,12
2022-02-05,2022,5,2,12:00:00,190,240,7
2022-02-05,2022,5,2,13:00:00,274,257,13
2022-02-05,2022,5,2,14:00:00,425,444,14
2022-02-05,2022,5,2,15:00:00,223,296,15
2022-02-05,2022,5,2,16:00:00,245,287,16
2022-02-05,2022,5,2,17:00:00,116,175,7
2022-02-05,2022,5,2,18:00:00,67,94,6
2022-02-05,2022,5,2,19:00:00,1,0,0
2022-02-06,2022,6,2,11:00:00,3,0,0
2022-02-06,2022,6,2,12:00:00,12,0,0
2022-02-06,2022,6,2,14:00:00,4,0,0
2022-02-06,2022,6,2,15:00:00,11,0,0
2022-02-06,2022,6,2,17:00:00,4,0,0
2022-02-07,2022,7,2,07:00:00,4,0,0
2022-02-07,2022,7,2,09:00:00,3,0,0
2022-02-07,2022,7,2,10:00:00,3,0,0
2022-02-07,2022,7,2,11:00:00,28,0,0
2022-02-07,2022,7,2,14:00:00,10,0,0
2022-02-07,2022,7,2,15:00:00,12,0,0
2022-02-07,2022,7,2,16:00:00,9,0,0
2022-02-07,2022,7,2,17:00:00,14,0,0
2022-02-07,2022,7,2,18:00:00,12,0,0
2022-02-08,2022,8,2,08:00:00,3,0,0
2022-02-08,2022,8,2,09:00:00,35,14,7
2022-02-08,2022,8,2,10:00:00,150,153,8
2022-02-08,2022,8,2,11:00:00,81,217,11
2022-02-08,2022,8,2,12:00:00,155,167,10
2022-02-08,2022,8,2,13:00:00,87,160,12
2022-02-08,2022,8,2,14:00:00,210,191,19
2022-02-08,2022,8,2,15:00:00,137,221,23
2022-02-08,2022,8,2,16:00:00,184,339,14
2022-02-08,2022,8,2,17:00:00,83,109,7
2022-02-08,2022,8,2,18:00:00,19,0,0
2022-02-09,2022,9,2,07:00:00,1,0,0
2022-02-09,2022,9,2,08:00:00,10,0,0
2022-02-09,2022,9,2,09:00:00,21,144,6
2022-02-09,2022,9,2,10:00:00,101,170,6
2022-02-09,2022,9,2,11:00:00,90,158,8
2022-02-09,2022,9,2,12:00:00,43,55,10
2022-02-09,2022,9,2,13:00:00,207,109,20
2022-02-09,2022,9,2,14:00:00,124,141,17
2022-02-09,2022,9,2,15:00:00,163,220,25
2022-02-09,2022,9,2,16:00:00,207,203,18
2022-02-09,2022,9,2,17:00:00,58,156,13
2022-02-09,2022,9,2,18:00:00,4,2,0
2022-02-10,2022,10,2,07:00:00,1,0,0
2022-02-10,2022,10,2,08:00:00,13,0,0
2022-02-10,2022,10,2,09:00:00,43,123,4
2022-02-10,2022,10,2,10:00:00,55,86,8
2022-02-10,2022,10,2,11:00:00,86,153,5
2022-02-10,2022,10,2,12:00:00,44,65,7
2022-02-10,2022,10,2,13:00:00,113,61,8
2022-02-10,2022,10,2,14:00:00,119,144,17
2022-02-10,2022,10,2,15:00:00,67,114,22
2022-02-10,2022,10,2,16:00:00,93,94,14
2022-02-10,2022,10,2,17:00:00,87,149,9
2022-02-10,2022,10,2,18:00:00,7,0,0
2022-02-11,2022,11,2,07:00:00,2,0,0
2022-02-11,2022,11,2,08:00:00,3,0,0
2022-02-11,2022,11,2,09:00:00,21,8,3
2022-02-11,2022,11,2,10:00:00,90,47,12
2022-02-11,2022,11,2,11:00:00,63,60,10
2022-02-11,2022,11,2,12:00:00,55,73,12
2022-02-11,2022,11,2,13:00:00,53,74,8
2022-02-11,2022,11,2,14:00:00,134,110,14
2022-02-11,2022,11,2,15:00:00,139,180,20
2022-02-11,2022,11,2,16:00:00,127,239,13
2022-02-11,2022,11,2,17:00:00,176,179,13
2022-02-11,2022,11,2,18:00:00,3,0,0
2022-02-11,2022,11,2,20:00:00,1,0,0
2022-02-12,2022,12,2,08:00:00,7,0,0
2022-02-12,2022,12,2,09:00:00,17,10,4
2022-02-12,2022,12,2,10:00:00,126,137,5
2022-02-12,2022,12,2,11:00:00,219,216,6
2022-02-12,2022,12,2,12:00:00,106,102,10
2022-02-12,2022,12,2,13:00:00,88,112,8
2022-02-12,2022,12,2,14:00:00,252,261,7
2022-02-12,2022,12,2,15:00:00,164,124,11
2022-02-12,2022,12,2,16:00:00,375,297,13
2022-02-12,2022,12,2,17:00:00,130,273,8
2022-02-12,2022,12,2,18:00:00,29,0,0
2022-02-12,2022,12,2,19:00:00,10,0,0
2022-02-12,2022,12,2,20:00:00,9,0,0
2022-02-13,2022,13,2,11:00:00,8,0,0
2022-02-13,2022,13,2,14:00:00,2,0,0
2022-02-13,2022,13,2,15:00:00,1,0,0
2022-02-13,2022,13,2,16:00:00,1,0,0
2022-02-14,2022,14,2,07:00:00,3,0,0
2022-02-14,2022,14,2,11:00:00,5,0,0
2022-02-14,2022,14,2,12:00:00,13,0,0
2022-02-14,2022,14,2,13:00:00,2,0,0
2022-02-14,2022,14,2,14:00:00,5,0,0
2022-02-14,2022,14,2,15:00:00,17,0,0
2022-02-14,2022,14,2,16:00:00,7,0,0
2022-02-14,2022,14,2,17:00:00,11,0,0
2022-02-14,2022,14,2,18:00:00,3,0,0
2022-02-14,2022,14,2,20:00:00,1,0,0
2022-02-15,2022,15,2,06:00:00,5,0,0
2022-02-15,2022,15,2,08:00:00,40,0,0
2022-02-15,2022,15,2,09:00:00,98,15,6
2022-02-15,2022,15,2,10:00:00,103,77,10
2022-02-15,2022,15,2,11:00:00,113,115,14
2022-02-15,2022,15,2,12:00:00,99,74,11
2022-02-15,2022,15,2,13:00:00,171,176,19
2022-02-15,2022,15,2,14:00:00,177,133,29
2022-02-15,2022,15,2,15:00:00,182,242,22
2022-02-15,2022,15,2,16:00:00,189,286,25
2022-02-15,2022,15,2,17:00:00,135,228,12
2022-02-15,2022,15,2,20:00:00,1,0,0
2022-02-16,2022,16,2,08:00:00,18,0,0
2022-02-16,2022,16,2,09:00:00,41,32,4
2022-02-16,2022,16,2,10:00:00,92,70,10
2022-02-16,2022,16,2,11:00:00,115,119,4
2022-02-16,2022,16,2,12:00:00,28,79,5
2022-02-16,2022,16,2,13:00:00,51,61,11
2022-02-16,2022,16,2,14:00:00,143,122,24
2022-02-16,2022,16,2,15:00:00,225,234,21
2022-02-16,2022,16,2,16:00:00,108,205,15
2022-02-16,2022,16,2,17:00:00,83,197,23
2022-02-16,2022,16,2,18:00:00,2,0,0
2022-02-16,2022,16,2,21:00:00,1,0,0
2022-02-17,2022,17,2,08:00:00,13,0,0
2022-02-17,2022,17,2,09:00:00,32,15,10
2022-02-17,2022,17,2,10:00:00,60,24,11
2022-02-17,2022,17,2,11:00:00,69,49,18
2022-02-17,2022,17,2,12:00:00,89,70,8
2022-02-17,2022,17,2,13:00:00,105,117,12
2022-02-17,2022,17,2,14:00:00,222,266,20
2022-02-17,2022,17,2,15:00:00,113,157,10
2022-02-17,2022,17,2,16:00:00,107,174,11
2022-02-17,2022,17,2,17:00:00,35,154,8
2022-02-17,2022,17,2,18:00:00,10,0,0
2022-02-18,2022,18,2,09:00:00,34,11,6
2022-02-18,2022,18,2,10:00:00,108,102,11
2022-02-18,2022,18,2,11:00:00,129,175,14
2022-02-18,2022,18,2,12:00:00,41,54,7
2022-02-18,2022,18,2,13:00:00,19,33,10
2022-02-18,2022,18,2,14:00:00,70,57,5
2022-02-18,2022,18,2,15:00:00,79,89,10
2022-02-18,2022,18,2,16:00:00,57,87,21
2022-02-18,2022,18,2,17:00:00,34,33,9
2022-02-19,2022,19,2,08:00:00,26,0,1
2022-02-19,2022,19,2,09:00:00,56,28,1
2022-02-19,2022,19,2,10:00:00,71,74,9
2022-02-19,2022,19,2,11:00:00,98,103,11
2022-02-19,2022,19,2,12:00:00,102,187,9
2022-02-19,2022,19,2,13:00:00,138,199,9
2022-02-19,2022,19,2,14:00:00,221,275,16
2022-02-19,2022,19,2,15:00:00,237,354,12
2022-02-19,2022,19,2,16:00:00,213,462,8
2022-02-19,2022,19,2,17:00:00,106,242,4
2022-02-20,2022,20,2,11:00:00,1,0,0
2022-02-20,2022,20,2,16:00:00,4,0,0
2022-02-20,2022,20,2,18:00:00,1,0,0
2022-02-20,2022,20,2,20:00:00,4,0,0
2022-02-21,2022,21,2,08:00:00,3,0,0
2022-02-21,2022,21,2,10:00:00,1,0,0
2022-02-21,2022,21,2,11:00:00,7,0,0
2022-02-21,2022,21,2,12:00:00,5,0,0
2022-02-21,2022,21,2,13:00:00,5,0,0
2022-02-21,2022,21,2,14:00:00,3,0,0
2022-02-21,2022,21,2,15:00:00,11,0,0
2022-02-21,2022,21,2,17:00:00,8,0,0
2022-02-22,2022,22,2,07:00:00,4,0,0
2022-02-22,2022,22,2,08:00:00,20,0,0
2022-02-22,2022,22,2,09:00:00,39,26,7
2022-02-22,2022,22,2,10:00:00,174,119,11
2022-02-22,2022,22,2,11:00:00,107,96,9
2022-02-22,2022,22,2,12:00:00,136,160,7
2022-02-22,2022,22,2,13:00:00,110,78,9
2022-02-22,2022,22,2,14:00:00,79,82,12
2022-02-22,2022,22,2,15:00:00,111,114,12
2022-02-22,2022,22,2,16:00:00,146,73,14
2022-02-22,2022,22,2,17:00:00,118,133,12
2022-02-22,2022,22,2,18:00:00,89,30,7
2022-02-23,2022,23,2,08:00:00,16,0,0
2022-02-23,2022,23,2,09:00:00,80,110,10
2022-02-23,2022,23,2,10:00:00,116,175,12
2022-02-23,2022,23,2,11:00:00,110,202,10
2022-02-23,2022,23,2,12:00:00,72,133,9
2022-02-23,2022,23,2,13:00:00,138,146,6
2022-02-23,2022,23,2,14:00:00,153,177,17
2022-02-23,2022,23,2,15:00:00,173,274,33
2022-02-23,2022,23,2,16:00:00,140,142,22
2022-02-23,2022,23,2,17:00:00,173,210,13
2022-02-23,2022,23,2,18:00:00,43,67,7
2022-02-23,2022,23,2,19:00:00,1,0,0
2022-02-24,2022,24,2,08:00:00,10,0,0
2022-02-24,2022,24,2,09:00:00,6,4,12
2022-02-24,2022,24,2,10:00:00,16,31,3
2022-02-24,2022,24,2,11:00:00,33,134,13
2022-02-24,2022,24,2,12:00:00,89,140,5
2022-02-24,2022,24,2,13:00:00,9,70,6
2022-02-24,2022,24,2,14:00:00,28,42,14
2022-02-24,2022,24,2,15:00:00,77,162,12
2022-02-24,2022,24,2,16:00:00,27,50,10
2022-02-24,2022,24,2,17:00:00,33,44,10
2022-02-24,2022,24,2,18:00:00,42,39,3
2022-02-25,2022,25,2,08:00:00,25,0,0
2022-02-25,2022,25,2,09:00:00,34,14,7
2022-02-25,2022,25,2,10:00:00,49,53,7
2022-02-25,2022,25,2,11:00:00,27,87,7
2022-02-25,2022,25,2,12:00:00,41,43,6
2022-02-25,2022,25,2,13:00:00,67,52,7
2022-02-25,2022,25,2,14:00:00,118,114,10
2022-02-25,2022,25,2,15:00:00,141,91,16
2022-02-25,2022,25,2,16:00:00,102,113,7
2022-02-25,2022,25,2,17:00:00,140,137,13
2022-02-25,2022,25,2,18:00:00,30,59,10
2022-02-25,2022,25,2,21:00:00,4,0,0
2022-02-26,2022,26,2,08:00:00,3,0,0
2022-02-26,2022,26,2,09:00:00,48,18,6
2022-02-26,2022,26,2,10:00:00,146,185,20
2022-02-26,2022,26,2,11:00:00,206,309,16
2022-02-26,2022,26,2,12:00:00,164,194,12
2022-02-26,2022,26,2,13:00:00,104,111,9
2022-02-26,2022,26,2,14:00:00,148,200,27
2022-02-26,2022,26,2,15:00:00,228,247,15
2022-02-26,2022,26,2,16:00:00,185,299,12
2022-02-26,2022,26,2,17:00:00,158,210,19
2022-02-26,2022,26,2,18:00:00,91,208,9
2022-02-26,2022,26,2,19:00:00,8,0,0
2022-02-27,2022,27,2,12:00:00,7,0,0
2022-02-27,2022,27,2,14:00:00,2,0,0
2022-02-27,2022,27,2,15:00:00,2,0,0
2022-02-27,2022,27,2,16:00:00,31,0,0
2022-02-27,2022,27,2,22:00:00,2,0,0
2022-02-28,2022,28,2,11:00:00,2,0,0
2022-02-28,2022,28,2,12:00:00,15,0,0
2022-02-28,2022,28,2,13:00:00,12,0,0
2022-02-28,2022,28,2,14:00:00,3,0,0
2022-02-28,2022,28,2,15:00:00,9,0,0
2022-02-28,2022,28,2,16:00:00,7,0,0
2022-02-28,2022,28,2,17:00:00,6,0,0
2022-02-28,2022,28,2,18:00:00,5,0,0
2022-02-28,2022,28,2,19:00:00,4,0,0
2022-03-01,2022,1,3,08:00:00,28,0,0
2022-03-01,2022,1,3,09:00:00,72,28,16
2022-03-01,2022,1,3,10:00:00,112,114,16
2022-03-01,2022,1,3,11:00:00,107,105,13
2022-03-01,2022,1,3,12:00:00,42,52,14
2022-03-01,2022,1,3,13:00:00,79,74,10
2022-03-01,2022,1,3,14:00:00,101,142,17
2022-03-01,2022,1,3,15:00:00,61,102,12
2022-03-01,2022,1,3,16:00:00,123,85,9
2022-03-01,2022,1,3,17:00:00,79,151,18
2022-03-01,2022,1,3,18:00:00,55,56,9
2022-03-01,2022,1,3,19:00:00,20,0,0
2022-03-01,2022,1,3,22:00:00,1,0,0
2022-03-02,2022,2,3,01:00:00,2,0,0
2022-03-02,2022,2,3,08:00:00,14,0,0
2022-03-02,2022,2,3,09:00:00,22,18,8
2022-03-02,2022,2,3,10:00:00,181,211,19
2022-03-02,2022,2,3,11:00:00,152,286,8
2022-03-02,2022,2,3,12:00:00,89,65,12
2022-03-02,2022,2,3,13:00:00,98,185,19
2022-03-02,2022,2,3,14:00:00,173,183,25
2022-03-02,2022,2,3,15:00:00,178,228,19
2022-03-02,2022,2,3,16:00:00,168,221,21
2022-03-02,2022,2,3,17:00:00,96,128,14
2022-03-02,2022,2,3,18:00:00,51,144,13
2022-03-02,2022,2,3,19:00:00,4,0,0
2022-03-03,2022,3,3,07:00:00,4,0,0
2022-03-03,2022,3,3,08:00:00,3,0,0
2022-03-03,2022,3,3,09:00:00,25,1,5
2022-03-03,2022,3,3,10:00:00,60,34,12
2022-03-03,2022,3,3,11:00:00,60,40,9
2022-03-03,2022,3,3,12:00:00,42,56,9
2022-03-03,2022,3,3,13:00:00,90,91,5
2022-03-03,2022,3,3,14:00:00,92,42,11
2022-03-03,2022,3,3,15:00:00,58,61,11
2022-03-03,2022,3,3,16:00:00,66,65,11
2022-03-03,2022,3,3,17:00:00,89,100,20
2022-03-03,2022,3,3,18:00:00,34,40,6
2022-03-03,2022,3,3,21:00:00,1,0,0
2022-03-04,2022,4,3,07:00:00,4,0,0
2022-03-04,2022,4,3,08:00:00,13,0,0
2022-03-04,2022,4,3,09:00:00,60,37,5
2022-03-04,2022,4,3,10:00:00,36,47,3
2022-03-04,2022,4,3,11:00:00,44,53,5
2022-03-04,2022,4,3,12:00:00,70,85,9
2022-03-04,2022,4,3,13:00:00,26,78,8
2022-03-04,2022,4,3,14:00:00,25,77,11
2022-03-04,2022,4,3,15:00:00,79,122,8
2022-03-04,2022,4,3,16:00:00,37,39,6
2022-03-04,2022,4,3,17:00:00,72,80,8
2022-03-04,2022,4,3,18:00:00,23,69,7
2022-03-05,2022,5,3,08:00:00,5,0,0
2022-03-05,2022,5,3,09:00:00,47,28,5
2022-03-05,2022,5,3,10:00:00,273,151,4
2022-03-05,2022,5,3,11:00:00,242,339,11
2022-03-05,2022,5,3,12:00:00,205,188,22
2022-03-05,2022,5,3,13:00:00,164,151,18
2022-03-05,2022,5,3,14:00:00,188,150,24
2022-03-05,2022,5,3,15:00:00,414,377,19
2022-03-05,2022,5,3,16:00:00,242,336,16
2022-03-05,2022,5,3,17:00:00,177,319,17
2022-03-05,2022,5,3,18:00:00,106,227,5
2022-03-06,2022,6,3,10:00:00,12,0,0
2022-03-06,2022,6,3,11:00:00,25,0,0
2022-03-06,2022,6,3,12:00:00,3,0,0
2022-03-06,2022,6,3,13:00:00,12,0,0
2022-03-06,2022,6,3,14:00:00,4,0,0
2022-03-06,2022,6,3,15:00:00,8,0,0
2022-03-06,2022,6,3,17:00:00,13,0,0
2022-03-07,2022,7,3,06:00:00,3,0,0
2022-03-07,2022,7,3,07:00:00,7,0,0
2022-03-07,2022,7,3,08:00:00,3,0,0
2022-03-07,2022,7,3,09:00:00,5,0,0
2022-03-07,2022,7,3,10:00:00,8,0,0
2022-03-07,2022,7,3,13:00:00,3,0,0
2022-03-07,2022,7,3,14:00:00,4,0,0
2022-03-07,2022,7,3,16:00:00,2,0,0
2022-03-07,2022,7,3,17:00:00,1,0,0
2022-03-07,2022,7,3,18:00:00,3,0,0
2022-03-07,2022,7,3,19:00:00,4,0,0
2022-03-07,2022,7,3,20:00:00,1,0,0
2022-03-08,2022,8,3,08:00:00,13,0,0
2022-03-08,2022,8,3,09:00:00,110,24,10
2022-03-08,2022,8,3,10:00:00,101,112,14
2022-03-08,2022,8,3,11:00:00,86,102,10
2022-03-08,2022,8,3,12:00:00,116,74,7
2022-03-08,2022,8,3,13:00:00,55,105,18
2022-03-08,2022,8,3,14:00:00,83,31,12
2022-03-08,2022,8,3,15:00:00,76,41,11
2022-03-08,2022,8,3,16:00:00,97,104,16
2022-03-08,2022,8,3,17:00:00,122,119,11
2022-03-08,2022,8,3,18:00:00,38,103,8
2022-03-09,2022,9,3,08:00:00,9,0,0
2022-03-09,2022,9,3,09:00:00,86,21,6
2022-03-09,2022,9,3,10:00:00,123,80,9
2022-03-09,2022,9,3,11:00:00,146,206,10
2022-03-09,2022,9,3,12:00:00,90,91,5
2022-03-09,2022,9,3,13:00:00,183,123,3
2022-03-09,2022,9,3,14:00:00,167,159,13
2022-03-09,2022,9,3,15:00:00,217,286,21
2022-03-09,2022,9,3,16:00:00,230,213,13
2022-03-09,2022,9,3,17:00:00,270,294,11
2022-03-09,2022,9,3,18:00:00,46,95,10
2022-03-10,2022,10,3,06:00:00,3,0,0
2022-03-10,2022,10,3,07:00:00,1,0,0
2022-03-10,2022,10,3,08:00:00,14,0,0
2022-03-10,2022,10,3,09:00:00,79,7,6
2022-03-10,2022,10,3,10:00:00,63,131,9
2022-03-10,2022,10,3,11:00:00,168,67,4
2022-03-10,2022,10,3,12:00:00,49,89,5
2022-03-10,2022,10,3,13:00:00,65,72,9
2022-03-10,2022,10,3,14:00:00,66,70,16
2022-03-10,2022,10,3,15:00:00,84,21,10
2022-03-10,2022,10,3,16:00:00,36,34,10
2022-03-10,2022,10,3,17:00:00,78,22,6
2022-03-10,2022,10,3,18:00:00,19,11,4
2022-03-10,2022,10,3,19:00:00,0,11,0
2022-03-11,2022,11,3,08:00:00,7,0,0
2022-03-11,2022,11,3,09:00:00,51,36,6
2022-03-11,2022,11,3,10:00:00,65,88,3
2022-03-11,2022,11,3,11:00:00,96,66,3
2022-03-11,2022,11,3,12:00:00,71,65,8
2022-03-11,2022,11,3,13:00:00,61,59,4
2022-03-11,2022,11,3,14:00:00,144,90,11
2022-03-11,2022,11,3,15:00:00,54,131,9
2022-03-11,2022,11,3,16:00:00,76,77,12
2022-03-11,2022,11,3,17:00:00,110,93,1
2022-03-11,2022,11,3,18:00:00,41,113,4
2022-03-12,2022,12,3,07:00:00,3,0,0
2022-03-12,2022,12,3,08:00:00,3,0,0
2022-03-12,2022,12,3,09:00:00,140,26,4
2022-03-12,2022,12,3,10:00:00,273,239,12
2022-03-12,2022,12,3,11:00:00,214,331,11
2022-03-12,2022,12,3,12:00:00,96,125,20
2022-03-12,2022,12,3,13:00:00,230,194,24
2022-03-12,2022,12,3,14:00:00,258,223,20
2022-03-12,2022,12,3,15:00:00,290,316,14
2022-03-12,2022,12,3,16:00:00,255,494,16
2022-03-12,2022,12,3,17:00:00,216,216,17
2022-03-12,2022,12,3,18:00:00,116,174,4
2022-03-12,2022,12,3,19:00:00,0,3,0
2022-03-13,2022,13,3,10:00:00,4,0,0
2022-03-13,2022,13,3,11:00:00,7,0,0
2022-03-13,2022,13,3,13:00:00,17,0,0
2022-03-13,2022,13,3,17:00:00,7,0,0
2022-03-13,2022,13,3,18:00:00,51,0,0
2022-03-14,2022,14,3,07:00:00,3,0,0
2022-03-14,2022,14,3,08:00:00,1,0,0
2022-03-14,2022,14,3,09:00:00,18,0,0
2022-03-14,2022,14,3,11:00:00,2,0,0
2022-03-14,2022,14,3,12:00:00,7,0,0
2022-03-14,2022,14,3,13:00:00,15,0,0
2022-03-14,2022,14,3,14:00:00,3,0,0
2022-03-14,2022,14,3,15:00:00,7,0,0
2022-03-14,2022,14,3,17:00:00,19,0,0
2022-03-14,2022,14,3,18:00:00,4,0,0
2022-03-14,2022,14,3,20:00:00,6,0,0
2022-03-14,2022,14,3,21:00:00,1,0,0
2022-03-15,2022,15,3,08:00:00,6,0,2
2022-03-15,2022,15,3,09:00:00,86,6,12
2022-03-15,2022,15,3,10:00:00,154,137,10
2022-03-15,2022,15,3,11:00:00,60,98,18
2022-03-15,2022,15,3,12:00:00,90,90,6
2022-03-15,2022,15,3,13:00:00,126,119,14
2022-03-15,2022,15,3,14:00:00,88,99,21
2022-03-15,2022,15,3,15:00:00,98,148,19
2022-03-15,2022,15,3,16:00:00,75,94,18
2022-03-15,2022,15,3,17:00:00,95,153,8
2022-03-15,2022,15,3,18:00:00,42,135,5
2022-03-15,2022,15,3,19:00:00,5,0,0
2022-03-15,2022,15,3,20:00:00,1,0,0
2022-03-16,2022,16,3,08:00:00,16,0,0
2022-03-16,2022,16,3,09:00:00,72,14,11
2022-03-16,2022,16,3,10:00:00,158,197,13
2022-03-16,2022,16,3,11:00:00,162,235,7
2022-03-16,2022,16,3,12:00:00,87,89,9
2022-03-16,2022,16,3,13:00:00,156,156,21
2022-03-16,2022,16,3,14:00:00,245,143,35
2022-03-16,2022,16,3,15:00:00,241,357,24
2022-03-16,2022,16,3,16:00:00,183,234,29
2022-03-16,2022,16,3,17:00:00,245,203,27
2022-03-16,2022,16,3,18:00:00,36,129,10
2022-03-16,2022,16,3,22:00:00,1,0,0
2022-03-17,2022,17,3,08:00:00,5,0,0
2022-03-17,2022,17,3,09:00:00,20,100,10
2022-03-17,2022,17,3,10:00:00,66,88,15
2022-03-17,2022,17,3,11:00:00,99,73,8
2022-03-17,2022,17,3,12:00:00,69,76,12
2022-03-17,2022,17,3,13:00:00,36,66,12
2022-03-17,2022,17,3,14:00:00,86,92,22
2022-03-17,2022,17,3,15:00:00,101,61,12
2022-03-17,2022,17,3,16:00:00,120,119,20
2022-03-17,2022,17,3,17:00:00,52,64,15
2022-03-17,2022,17,3,18:00:00,27,98,11
2022-03-17,2022,17,3,19:00:00,17,0,0
2022-03-17,2022,17,3,22:00:00,6,0,0
2022-03-18,2022,18,3,08:00:00,1,0,0
2022-03-18,2022,18,3,09:00:00,38,8,6
2022-03-18,2022,18,3,10:00:00,60,88,13
2022-03-18,2022,18,3,11:00:00,51,39,12
2022-03-18,2022,18,3,12:00:00,76,87,13
2022-03-18,2022,18,3,13:00:00,94,83,12
2022-03-18,2022,18,3,14:00:00,56,84,13
2022-03-18,2022,18,3,15:00:00,47,96,12
2022-03-18,2022,18,3,16:00:00,79,48,13
2022-03-18,2022,18,3,17:00:00,73,55,27
2022-03-18,2022,18,3,18:00:00,28,69,2
2022-03-18,2022,18,3,23:00:00,10,0,0
2022-03-19,2022,19,3,08:00:00,21,0,0
2022-03-19,2022,19,3,09:00:00,114,33,15
2022-03-19,2022,19,3,10:00:00,262,255,12
2022-03-19,2022,19,3,11:00:00,339,307,8
2022-03-19,2022,19,3,12:00:00,160,261,13
2022-03-19,2022,19,3,13:00:00,136,82,8
2022-03-19,2022,19,3,14:00:00,209,286,20
2022-03-19,2022,19,3,15:00:00,271,248,31
2022-03-19,2022,19,3,16:00:00,204,412,15
2022-03-19,2022,19,3,17:00:00,121,301,12
2022-03-19,2022,19,3,18:00:00,57,158,6
2022-03-19,2022,19,3,19:00:00,2,0,0
2022-03-20,2022,20,3,11:00:00,12,0,0
2022-03-20,2022,20,3,12:00:00,6,0,0
2022-03-20,2022,20,3,16:00:00,14,0,0
2022-03-20,2022,20,3,17:00:00,2,0,0
2022-03-20,2022,20,3,18:00:00,9,0,0
2022-03-20,2022,20,3,19:00:00,2,0,0
2022-03-21,2022,21,3,07:00:00,1,0,0
2022-03-21,2022,21,3,08:00:00,11,0,0
2022-03-21,2022,21,3,09:00:00,13,0,0
2022-03-21,2022,21,3,10:00:00,8,0,0
2022-03-21,2022,21,3,11:00:00,5,0,0
2022-03-21,2022,21,3,14:00:00,1,0,0
2022-03-21,2022,21,3,15:00:00,1,0,0
2022-03-21,2022,21,3,16:00:00,6,0,0
2022-03-21,2022,21,3,17:00:00,4,0,0
2022-03-21,2022,21,3,18:00:00,14,0,0
2022-03-21,2022,21,3,19:00:00,9,0,0
2022-03-22,2022,22,3,07:00:00,4,0,0
2022-03-22,2022,22,3,08:00:00,21,0,0
2022-03-22,2022,22,3,09:00:00,72,90,9
2022-03-22,2022,22,3,10:00:00,107,195,18
2022-03-22,2022,22,3,11:00:00,93,158,9
2022-03-22,2022,22,3,12:00:00,92,83,14
2022-03-22,2022,22,3,13:00:00,133,102,12
2022-03-22,2022,22,3,14:00:00,82,82,18
2022-03-22,2022,22,3,15:00:00,109,51,24
2022-03-22,2022,22,3,16:00:00,148,130,15
2022-03-22,2022,22,3,17:00:00,108,104,12
2022-03-22,2022,22,3,18:00:00,99,111,3
2022-03-22,2022,22,3,19:00:00,5,0,0
2022-03-23,2022,23,3,06:00:00,2,0,0
2022-03-23,2022,23,3,08:00:00,8,0,0
2022-03-23,2022,23,3,09:00:00,31,115,9
2022-03-23,2022,23,3,10:00:00,203,193,23
2022-03-23,2022,23,3,11:00:00,144,223,9
2022-03-23,2022,23,3,12:00:00,99,86,4
2022-03-23,2022,23,3,13:00:00,241,180,13
2022-03-23,2022,23,3,14:00:00,254,173,23
2022-03-23,2022,23,3,15:00:00,262,287,15
2022-03-23,2022,23,3,16:00:00,192,231,24
2022-03-23,2022,23,3,17:00:00,177,189,16
2022-03-23,2022,23,3,18:00:00,71,73,5
2022-03-24,2022,24,3,07:00:00,4,0,0
2022-03-24,2022,24,3,08:00:00,12,0,0
2022-03-24,2022,24,3,09:00:00,32,13,13
2022-03-24,2022,24,3,10:00:00,85,15,14
2022-03-24,2022,24,3,11:00:00,48,32,11
2022-03-24,2022,24,3,12:00:00,50,56,11
2022-03-24,2022,24,3,13:00:00,52,108,15
2022-03-24,2022,24,3,14:00:00,92,64,14
2022-03-24,2022,24,3,15:00:00,45,40,17
2022-03-24,2022,24,3,16:00:00,56,30,22
2022-03-24,2022,24,3,17:00:00,83,68,15
2022-03-24,2022,24,3,18:00:00,66,117,5
2022-03-24,2022,24,3,19:00:00,2,0,0
2022-03-25,2022,25,3,06:00:00,7,0,0
2022-03-25,2022,25,3,07:00:00,1,0,0
2022-03-25,2022,25,3,08:00:00,5,0,0
2022-03-25,2022,25,3,09:00:00,91,25,11
2022-03-25,2022,25,3,10:00:00,76,38,13
2022-03-25,2022,25,3,11:00:00,97,41,6
2022-03-25,2022,25,3,12:00:00,86,107,8
2022-03-25,2022,25,3,13:00:00,46,40,13
2022-03-25,2022,25,3,14:00:00,98,105,16
2022-03-25,2022,25,3,15:00:00,74,91,14
2022-03-25,2022,25,3,16:00:00,82,93,12
2022-03-25,2022,25,3,17:00:00,70,126,14
2022-03-25,2022,25,3,18:00:00,44,63,6
2022-03-25,2022,25,3,23:00:00,3,0,0
2022-03-26,2022,26,3,08:00:00,8,0,0
2022-03-26,2022,26,3,09:00:00,88,17,6
2022-03-26,2022,26,3,10:00:00,259,230,8
2022-03-26,2022,26,3,11:00:00,264,276,18
2022-03-26,2022,26,3,12:00:00,96,88,10
2022-03-26,2022,26,3,13:00:00,119,82,13
2022-03-26,2022,26,3,14:00:00,243,181,15
2022-03-26,2022,26,3,15:00:00,187,179,23
2022-03-26,2022,26,3,16:00:00,112,227,22
2022-03-26,2022,26,3,17:00:00,182,221,16
2022-03-26,2022,26,3,18:00:00,62,113,4
2022-03-27,2022,27,3,13:00:00,2,0,0
2022-03-27,2022,27,3,14:00:00,2,0,0
2022-03-27,2022,27,3,15:00:00,7,0,0
2022-03-27,2022,27,3,18:00:00,8,0,0
2022-03-28,2022,28,3,07:00:00,2,0,0
2022-03-28,2022,28,3,08:00:00,1,0,0
2022-03-28,2022,28,3,10:00:00,2,0,0
2022-03-28,2022,28,3,11:00:00,2,0,0
2022-03-28,2022,28,3,12:00:00,21,0,0
2022-03-28,2022,28,3,14:00:00,1,0,0
2022-03-28,2022,28,3,15:00:00,29,0,0
2022-03-28,2022,28,3,16:00:00,33,0,0
2022-03-28,2022,28,3,17:00:00,6,0,0
2022-03-28,2022,28,3,18:00:00,4,0,0
2022-03-28,2022,28,3,20:00:00,1,0,0
2022-03-29,2022,29,3,06:00:00,4,0,0
2022-03-29,2022,29,3,07:00:00,6,0,0
2022-03-29,2022,29,3,08:00:00,15,0,0
2022-03-29,2022,29,3,09:00:00,118,19,11
2022-03-29,2022,29,3,10:00:00,155,193,13
2022-03-29,2022,29,3,11:00:00,91,97,15
2022-03-29,2022,29,3,12:00:00,48,60,10
2022-03-29,2022,29,3,13:00:00,90,127,19
2022-03-29,2022,29,3,14:00:00,56,57,12
2022-03-29,2022,29,3,15:00:00,139,108,17
2022-03-29,2022,29,3,16:00:00,109,131,13
2022-03-29,2022,29,3,17:00:00,93,111,13
2022-03-29,2022,29,3,18:00:00,139,99,7
2022-03-29,2022,29,3,19:00:00,2,0,0
2022-03-30,2022,30,3,08:00:00,27,0,0
2022-03-30,2022,30,3,09:00:00,24,5,5
2022-03-30,2022,30,3,10:00:00,200,155,11
2022-03-30,2022,30,3,11:00:00,173,237,18
2022-03-30,2022,30,3,12:00:00,88,96,14
2022-03-30,2022,30,3,13:00:00,100,99,10
2022-03-30,2022,30,3,14:00:00,209,163,23
2022-03-30,2022,30,3,15:00:00,301,283,37
2022-03-30,2022,30,3,16:00:00,254,309,38
2022-03-30,2022,30,3,17:00:00,158,144,16
2022-03-30,2022,30,3,18:00:00,44,109,10
2022-03-30,2022,30,3,21:00:00,2,0,0
2022-03-31,2022,31,3,00:00:00,6,0,0
2022-03-31,2022,31,3,07:00:00,1,0,0
2022-03-31,2022,31,3,08:00:00,2,0,0
2022-03-31,2022,31,3,09:00:00,23,8,9
2022-03-31,2022,31,3,10:00:00,91,37,9
2022-03-31,2022,31,3,11:00:00,55,9,7
2022-03-31,2022,31,3,12:00:00,79,105,7
2022-03-31,2022,31,3,13:00:00,114,65,10
2022-03-31,2022,31,3,14:00:00,96,93,14
2022-03-31,2022,31,3,15:00:00,91,131,17
2022-03-31,2022,31,3,16:00:00,109,88,15
2022-03-31,2022,31,3,17:00:00,61,94,10
2022-03-31,2022,31,3,18:00:00,57,53,6
2022-03-31,2022,31,3,20:00:00,4,0,0
2022-03-31,2022,31,3,22:00:00,2,0,0
2022-04-01,2022,1,4,08:00:00,13,0,0
2022-04-01,2022,1,4,09:00:00,6,8,4
2022-04-01,2022,1,4,10:00:00,48,124,5
2022-04-01,2022,1,4,11:00:00,130,139,8
2022-04-01,2022,1,4,12:00:00,66,50,8
2022-04-01,2022,1,4,13:00:00,45,69,9
2022-04-01,2022,1,4,14:00:00,119,37,13
2022-04-01,2022,1,4,15:00:00,88,87,20
2022-04-01,2022,1,4,16:00:00,77,70,15
2022-04-01,2022,1,4,17:00:00,104,153,6
2022-04-01,2022,1,4,18:00:00,66,130,5
2022-04-01,2022,1,4,19:00:00,9,0,0
2022-04-02,2022,2,4,08:00:00,17,0,0
2022-04-02,2022,2,4,09:00:00,54,6,2
2022-04-02,2022,2,4,10:00:00,232,238,10
2022-04-02,2022,2,4,11:00:00,237,336,23
2022-04-02,2022,2,4,12:00:00,176,223,17
2022-04-02,2022,2,4,13:00:00,156,137,16
2022-04-02,2022,2,4,14:00:00,291,226,21
2022-04-02,2022,2,4,15:00:00,313,278,24
2022-04-02,2022,2,4,16:00:00,263,277,20
2022-04-02,2022,2,4,17:00:00,271,314,28
2022-04-02,2022,2,4,18:00:00,142,306,7
2022-04-03,2022,3,4,11:00:00,9,0,0
2022-04-03,2022,3,4,12:00:00,15,0,0
2022-04-03,2022,3,4,15:00:00,1,0,0
2022-04-03,2022,3,4,16:00:00,10,0,0
2022-04-03,2022,3,4,18:00:00,5,0,0
2022-04-04,2022,4,4,08:00:00,1,0,0
2022-04-04,2022,4,4,09:00:00,4,0,0
2022-04-04,2022,4,4,11:00:00,1,0,0
2022-04-04,2022,4,4,12:00:00,15,0,0
2022-04-04,2022,4,4,15:00:00,23,0,0
2022-04-04,2022,4,4,18:00:00,1,0,0
2022-04-04,2022,4,4,19:00:00,1,0,0
2022-04-05,2022,5,4,08:00:00,7,0,0
2022-04-05,2022,5,4,09:00:00,44,14,7
2022-04-05,2022,5,4,10:00:00,132,102,8
2022-04-05,2022,5,4,11:00:00,45,95,21
2022-04-05,2022,5,4,12:00:00,167,135,15
2022-04-05,2022,5,4,13:00:00,104,80,8
2022-04-05,2022,5,4,14:00:00,114,74,28
2022-04-05,2022,5,4,15:00:00,96,165,27
2022-04-05,2022,5,4,16:00:00,330,219,11
2022-04-05,2022,5,4,17:00:00,284,238,18
2022-04-05,2022,5,4,18:00:00,90,72,12
2022-04-05,2022,5,4,20:00:00,6,0,0
2022-04-06,2022,6,4,06:00:00,5,0,0
2022-04-06,2022,6,4,08:00:00,2,0,0
2022-04-06,2022,6,4,09:00:00,57,14,7
2022-04-06,2022,6,4,10:00:00,446,320,10
2022-04-06,2022,6,4,11:00:00,412,385,16
2022-04-06,2022,6,4,12:00:00,296,293,16
2022-04-06,2022,6,4,13:00:00,137,155,16
2022-04-06,2022,6,4,14:00:00,408,273,32
2022-04-06,2022,6,4,15:00:00,315,351,25
2022-04-06,2022,6,4,16:00:00,297,293,25
2022-04-06,2022,6,4,17:00:00,238,355,20
2022-04-06,2022,6,4,18:00:00,60,171,10
2022-04-06,2022,6,4,20:00:00,1,0,0
2022-04-06,2022,6,4,22:00:00,2,0,0
2022-04-07,2022,7,4,08:00:00,3,0,0
2022-04-07,2022,7,4,09:00:00,63,4,10
2022-04-07,2022,7,4,10:00:00,75,38,7
2022-04-07,2022,7,4,11:00:00,139,89,19
2022-04-07,2022,7,4,12:00:00,83,53,14
2022-04-07,2022,7,4,13:00:00,142,91,11
2022-04-07,2022,7,4,14:00:00,70,134,13
2022-04-07,2022,7,4,15:00:00,271,193,24
2022-04-07,2022,7,4,16:00:00,393,261,18
2022-04-07,2022,7,4,17:00:00,261,180,8
2022-04-07,2022,7,4,18:00:00,16,80,5
2022-04-08,2022,8,4,07:00:00,3,0,0
2022-04-08,2022,8,4,08:00:00,73,0,0
2022-04-08,2022,8,4,09:00:00,71,11,3
2022-04-08,2022,8,4,10:00:00,108,86,11
2022-04-08,2022,8,4,11:00:00,142,86,11
2022-04-08,2022,8,4,12:00:00,111,211,12
2022-04-08,2022,8,4,13:00:00,167,224,9
2022-04-08,2022,8,4,14:00:00,136,136,17
2022-04-08,2022,8,4,15:00:00,157,87,25
2022-04-08,2022,8,4,16:00:00,230,207,11
2022-04-08,2022,8,4,17:00:00,153,147,13
2022-04-08,2022,8,4,18:00:00,36,76,8
2022-04-08,2022,8,4,19:00:00,0,2,0
2022-04-09,2022,9,4,08:00:00,5,0,0
2022-04-09,2022,9,4,09:00:00,404,203,5
2022-04-09,2022,9,4,10:00:00,528,251,10
2022-04-09,2022,9,4,11:00:00,642,670,10
2022-04-09,2022,9,4,12:00:00,203,291,12
2022-04-09,2022,9,4,13:00:00,114,97,10
2022-04-09,2022,9,4,14:00:00,442,238,15
2022-04-09,2022,9,4,15:00:00,461,554,35
2022-04-09,2022,9,4,16:00:00,246,372,29
2022-04-09,2022,9,4,17:00:00,133,356,15
2022-04-09,2022,9,4,18:00:00,103,159,10
2022-04-09,2022,9,4,19:00:00,22,0,0
2022-04-10,2022,10,4,07:00:00,3,0,0
2022-04-10,2022,10,4,10:00:00,2,0,0
2022-04-10,2022,10,4,11:00:00,2,0,0
2022-04-10,2022,10,4,12:00:00,1,0,0
2022-04-10,2022,10,4,13:00:00,2,0,0
2022-04-10,2022,10,4,15:00:00,1,0,0
2022-04-10,2022,10,4,17:00:00,12,0,0
2022-04-10,2022,10,4,18:00:00,1,0,0
2022-04-11,2022,11,4,15:00:00,1,0,0
2022-04-11,2022,11,4,16:00:00,15,0,0
2022-04-11,2022,11,4,17:00:00,27,0,0
2022-04-11,2022,11,4,18:00:00,2,0,0
2022-04-11,2022,11,4,20:00:00,1,0,0
2022-04-12,2022,12,4,08:00:00,21,0,0
2022-04-12,2022,12,4,09:00:00,66,86,8
2022-04-12,2022,12,4,10:00:00,194,150,17
2022-04-12,2022,12,4,11:00:00,337,311,12
2022-04-12,2022,12,4,12:00:00,83,75,15
2022-04-12,2022,12,4,13:00:00,108,184,16
2022-04-12,2022,12,4,14:00:00,183,230,17
2022-04-12,2022,12,4,15:00:00,265,222,32
2022-04-12,2022,12,4,16:00:00,177,258,25
2022-04-12,2022,12,4,17:00:00,103,200,20
2022-04-12,2022,12,4,18:00:00,19,0,0
2022-04-12,2022,12,4,19:00:00,1,0,0
2022-04-13,2022,13,4,08:00:00,22,0,0
2022-04-13,2022,13,4,09:00:00,59,12,7
2022-04-13,2022,13,4,10:00:00,134,173,11
2022-04-13,2022,13,4,11:00:00,76,211,7
2022-04-13,2022,13,4,12:00:00,100,114,8
2022-04-13,2022,13,4,13:00:00,193,111,14
2022-04-13,2022,13,4,14:00:00,152,182,25
2022-04-13,2022,13,4,15:00:00,177,127,18
2022-04-13,2022,13,4,16:00:00,169,254,30
2022-04-13,2022,13,4,17:00:00,107,166,18
2022-04-13,2022,13,4,18:00:00,40,5,0
2022-04-14,2022,14,4,08:00:00,2,0,0
2022-04-14,2022,14,4,09:00:00,58,12,6
2022-04-14,2022,14,4,10:00:00,23,63,15
2022-04-14,2022,14,4,11:00:00,44,83,10
2022-04-14,2022,14,4,12:00:00,51,61,9
2022-04-14,2022,14,4,13:00:00,70,88,12
2022-04-14,2022,14,4,14:00:00,146,73,11
2022-04-14,2022,14,4,15:00:00,90,91,28
2022-04-14,2022,14,4,16:00:00,149,127,21
2022-04-14,2022,14,4,17:00:00,86,159,19
2022-04-14,2022,14,4,18:00:00,0,7,0
2022-04-14,2022,14,4,19:00:00,1,0,0
2022-04-15,2022,15,4,06:00:00,4,0,0
2022-04-15,2022,15,4,07:00:00,9,0,0
2022-04-15,2022,15,4,08:00:00,5,0,0
2022-04-15,2022,15,4,09:00:00,36,12,4
2022-04-15,2022,15,4,10:00:00,60,66,5
2022-04-15,2022,15,4,11:00:00,141,110,14
2022-04-15,2022,15,4,12:00:00,99,59,20
2022-04-15,2022,15,4,13:00:00,82,96,8
2022-04-15,2022,15,4,14:00:00,160,94,16
2022-04-15,2022,15,4,15:00:00,119,114,26
2022-04-15,2022,15,4,16:00:00,123,130,20
2022-04-15,2022,15,4,17:00:00,129,196,7
2022-04-15,2022,15,4,18:00:00,1,0,0
2022-04-16,2022,16,4,08:00:00,18,0,0
2022-04-16,2022,16,4,09:00:00,76,43,6
2022-04-16,2022,16,4,10:00:00,261,88,8
2022-04-16,2022,16,4,11:00:00,139,244,13
2022-04-16,2022,16,4,12:00:00,120,142,11
2022-04-16,2022,16,4,13:00:00,105,147,16
2022-04-16,2022,16,4,14:00:00,157,146,8
2022-04-16,2022,16,4,15:00:00,90,100,16
2022-04-16,2022,16,4,16:00:00,172,193,20
2022-04-16,2022,16,4,17:00:00,153,195,12
2022-04-16,2022,16,4,18:00:00,0,6,0
2022-04-17,2022,17,4,04:00:00,8,0,0
2022-04-17,2022,17,4,05:00:00,7,0,0
2022-04-17,2022,17,4,08:00:00,8,0,0
2022-04-17,2022,17,4,09:00:00,2,0,0
2022-04-17,2022,17,4,10:00:00,1,0,0
2022-04-17,2022,17,4,12:00:00,13,0,0
2022-04-17,2022,17,4,14:00:00,2,0,0
2022-04-17,2022,17,4,18:00:00,6,0,0
2022-04-18,2022,18,4,09:00:00,5,0,0
2022-04-18,2022,18,4,10:00:00,34,0,0
2022-04-18,2022,18,4,11:00:00,10,0,0
2022-04-18,2022,18,4,14:00:00,2,0,0
2022-04-18,2022,18,4,15:00:00,7,0,0
2022-04-18,2022,18,4,17:00:00,10,0,0
2022-04-19,2022,19,4,06:00:00,1,0,0
2022-04-19,2022,19,4,08:00:00,17,0,0
2022-04-19,2022,19,4,09:00:00,63,95,8
2022-04-19,2022,19,4,10:00:00,65,117,14
2022-04-19,2022,19,4,11:00:00,82,54,9
2022-04-19,2022,19,4,12:00:00,95,156,14
2022-04-19,2022,19,4,13:00:00,183,101,24
2022-04-19,2022,19,4,14:00:00,168,176,35
2022-04-19,2022,19,4,15:00:00,154,164,21
2022-04-19,2022,19,4,16:00:00,113,135,22
2022-04-19,2022,19,4,17:00:00,96,163,13
2022-04-19,2022,19,4,18:00:00,9,5,0
2022-04-20,2022,20,4,08:00:00,37,0,0
2022-04-20,2022,20,4,09:00:00,97,5,12
2022-04-20,2022,20,4,10:00:00,72,29,9
2022-04-20,2022,20,4,11:00:00,178,167,22
2022-04-20,2022,20,4,12:00:00,85,81,12
2022-04-20,2022,20,4,13:00:00,24,93,13
2022-04-20,2022,20,4,14:00:00,212,105,21
2022-04-20,2022,20,4,15:00:00,155,105,25
2022-04-20,2022,20,4,16:00:00,138,185,32
2022-04-20,2022,20,4,17:00:00,101,193,20
2022-04-20,2022,20,4,18:00:00,10,7,0
2022-04-20,2022,20,4,19:00:00,2,0,0
2022-04-21,2022,21,4,08:00:00,8,0,0
2022-04-21,2022,21,4,09:00:00,15,15,6
2022-04-21,2022,21,4,10:00:00,77,59,11
2022-04-21,2022,21,4,11:00:00,122,147,17
2022-04-21,2022,21,4,12:00:00,41,61,23
2022-04-21,2022,21,4,13:00:00,122,72,14
2022-04-21,2022,21,4,14:00:00,128,116,27
2022-04-21,2022,21,4,15:00:00,147,120,23
2022-04-21,2022,21,4,16:00:00,53,90,19
2022-04-21,2022,21,4,17:00:00,65,103,14
2022-04-21,2022,21,4,18:00:00,4,1,0
2022-04-22,2022,22,4,08:00:00,2,0,0
2022-04-22,2022,22,4,09:00:00,32,3,6
2022-04-22,2022,22,4,10:00:00,114,82,8
2022-04-22,2022,22,4,11:00:00,95,131,14
2022-04-22,2022,22,4,12:00:00,122,83,17
2022-04-22,2022,22,4,13:00:00,127,115,13
2022-04-22,2022,22,4,14:00:00,121,85,26
2022-04-22,2022,22,4,15:00:00,182,130,18
2022-04-22,2022,22,4,16:00:00,88,105,19
2022-04-22,2022,22,4,17:00:00,95,176,21
2022-04-22,2022,22,4,18:00:00,19,25,0
2022-04-22,2022,22,4,19:00:00,7,0,0
2022-04-23,2022,23,4,08:00:00,23,0,0
2022-04-23,2022,23,4,09:00:00,63,19,10
2022-04-23,2022,23,4,10:00:00,229,127,8
2022-04-23,2022,23,4,11:00:00,218,242,18
2022-04-23,2022,23,4,12:00:00,88,177,11
2022-04-23,2022,23,4,13:00:00,168,114,14
2022-04-23,2022,23,4,14:00:00,181,118,22
2022-04-23,2022,23,4,15:00:00,219,318,23
2022-04-23,2022,23,4,16:00:00,192,172,21
2022-04-23,2022,23,4,17:00:00,208,243,17
2022-04-23,2022,23,4,18:00:00,20,19,0
2022-04-23,2022,23,4,19:00:00,42,0,0
2022-04-24,2022,24,4,09:00:00,1,0,0
2022-04-24,2022,24,4,11:00:00,1,0,0
2022-04-24,2022,24,4,12:00:00,15,0,0
2022-04-24,2022,24,4,13:00:00,1,0,0
2022-04-24,2022,24,4,14:00:00,4,0,0
2022-04-24,2022,24,4,15:00:00,10,0,0
2022-04-24,2022,24,4,16:00:00,4,0,0
2022-04-24,2022,24,4,18:00:00,9,0,0
2022-04-25,2022,25,4,06:00:00,4,0,0
2022-04-25,2022,25,4,07:00:00,8,0,0
2022-04-25,2022,25,4,08:00:00,2,0,0
2022-04-25,2022,25,4,09:00:00,9,0,0
2022-04-25,2022,25,4,10:00:00,36,0,0
2022-04-25,2022,25,4,12:00:00,14,0,0
2022-04-25,2022,25,4,13:00:00,5,0,0
2022-04-25,2022,25,4,14:00:00,21,0,0
2022-04-25,2022,25,4,15:00:00,4,0,0
2022-04-25,2022,25,4,16:00:00,7,0,0
2022-04-25,2022,25,4,17:00:00,1,0,0
2022-04-25,2022,25,4,18:00:00,27,0,0
2022-04-25,2022,25,4,19:00:00,1,0,0
2022-04-26,2022,26,4,07:00:00,10,0,0
2022-04-26,2022,26,4,08:00:00,16,0,0
2022-04-26,2022,26,4,09:00:00,66,7,9
2022-04-26,2022,26,4,10:00:00,106,89,15
2022-04-26,2022,26,4,11:00:00,107,100,14
2022-04-26,2022,26,4,12:00:00,80,117,17
2022-04-26,2022,26,4,13:00:00,151,134,9
2022-04-26,2022,26,4,14:00:00,65,56,36
2022-04-26,2022,26,4,15:00:00,138,71,27
2022-04-26,2022,26,4,16:00:00,168,176,22
2022-04-26,2022,26,4,17:00:00,125,133,16
2022-04-26,2022,26,4,18:00:00,34,71,13
2022-04-26,2022,26,4,20:00:00,6,0,0
2022-04-27,2022,27,4,08:00:00,49,0,0
2022-04-27,2022,27,4,09:00:00,82,26,9
2022-04-27,2022,27,4,10:00:00,172,128,11
2022-04-27,2022,27,4,11:00:00,148,161,6
2022-04-27,2022,27,4,12:00:00,81,115,18
2022-04-27,2022,27,4,13:00:00,211,126,19
2022-04-27,2022,27,4,14:00:00,257,156,24
2022-04-27,2022,27,4,15:00:00,203,220,28
2022-04-27,2022,27,4,16:00:00,125,235,23
2022-04-27,2022,27,4,17:00:00,223,112,10
2022-04-27,2022,27,4,18:00:00,40,123,6
2022-04-27,2022,27,4,19:00:00,1,0,0
2022-04-28,2022,28,4,08:00:00,19,0,0
2022-04-28,2022,28,4,09:00:00,46,27,6
2022-04-28,2022,28,4,10:00:00,123,72,14
2022-04-28,2022,28,4,11:00:00,78,101,9
2022-04-28,2022,28,4,12:00:00,109,60,18
2022-04-28,2022,28,4,13:00:00,113,62,16
2022-04-28,2022,28,4,14:00:00,65,95,20
2022-04-28,2022,28,4,15:00:00,37,50,16
2022-04-28,2022,28,4,16:00:00,91,62,19
2022-04-28,2022,28,4,17:00:00,94,80,14
2022-04-28,2022,28,4,18:00:00,14,49,5
2022-04-28,2022,28,4,19:00:00,11,0,0
2022-04-29,2022,29,4,08:00:00,32,0,0
2022-04-29,2022,29,4,09:00:00,35,20,14
2022-04-29,2022,29,4,10:00:00,90,37,8
2022-04-29,2022,29,4,11:00:00,38,83,12
2022-04-29,2022,29,4,12:00:00,108,70,10
2022-04-29,2022,29,4,13:00:00,75,66,18
2022-04-29,2022,29,4,14:00:00,111,150,23
2022-04-29,2022,29,4,15:00:00,79,49,11
2022-04-29,2022,29,4,16:00:00,88,93,21
2022-04-29,2022,29,4,17:00:00,114,222,20
2022-04-29,2022,29,4,18:00:00,58,122,6
2022-04-29,2022,29,4,20:00:00,2,0,0
2022-04-30,2022,30,4,08:00:00,6,0,0
2022-04-30,2022,30,4,09:00:00,43,9,24
2022-04-30,2022,30,4,10:00:00,130,103,16
2022-04-30,2022,30,4,11:00:00,362,398,9
2022-04-30,2022,30,4,12:00:00,126,286,14
2022-04-30,2022,30,4,13:00:00,190,119,18
2022-04-30,2022,30,4,14:00:00,415,320,20
2022-04-30,2022,30,4,15:00:00,264,372,21
2022-04-30,2022,30,4,16:00:00,300,352,24
2022-04-30,2022,30,4,17:00:00,245,372,13
2022-04-30,2022,30,4,18:00:00,108,142,10
2022-04-30,2022,30,4,20:00:00,1,0,0
2022-05-01,2022,1,5,11:00:00,1,0,0
2022-05-01,2022,1,5,12:00:00,19,0,0
2022-05-01,2022,1,5,13:00:00,11,0,0
2022-05-01,2022,1,5,15:00:00,33,0,0
2022-05-01,2022,1,5,16:00:00,3,0,0
2022-05-01,2022,1,5,17:00:00,1,0,0
2022-05-01,2022,1,5,18:00:00,2,0,0
2022-05-02,2022,2,5,08:00:00,4,0,0
2022-05-02,2022,2,5,09:00:00,14,0,0
2022-05-02,2022,2,5,10:00:00,4,0,0
2022-05-02,2022,2,5,11:00:00,5,0,0
2022-05-02,2022,2,5,12:00:00,12,0,0
2022-05-02,2022,2,5,13:00:00,4,0,0
2022-05-02,2022,2,5,14:00:00,11,0,0
2022-05-02,2022,2,5,15:00:00,4,0,0
2022-05-02,2022,2,5,16:00:00,8,0,0
2022-05-02,2022,2,5,17:00:00,4,0,0
2022-05-02,2022,2,5,18:00:00,5,0,0
2022-05-02,2022,2,5,22:00:00,1,0,0
2022-05-03,2022,3,5,06:00:00,2,0,0
2022-05-03,2022,3,5,08:00:00,20,0,0
2022-05-03,2022,3,5,09:00:00,88,18,23
2022-05-03,2022,3,5,10:00:00,81,90,15
2022-05-03,2022,3,5,11:00:00,63,85,15
2022-05-03,2022,3,5,12:00:00,80,60,15
2022-05-03,2022,3,5,13:00:00,120,118,15
2022-05-03,2022,3,5,14:00:00,50,103,20
2022-05-03,2022,3,5,15:00:00,72,109,17
2022-05-03,2022,3,5,16:00:00,108,120,12
2022-05-03,2022,3,5,17:00:00,135,98,7
2022-05-03,2022,3,5,18:00:00,54,84,4
2022-05-04,2022,4,5,06:00:00,2,0,0
2022-05-04,2022,4,5,08:00:00,1,0,0
2022-05-04,2022,4,5,09:00:00,21,0,9
2022-05-04,2022,4,5,10:00:00,100,103,12
2022-05-04,2022,4,5,11:00:00,211,100,13
2022-05-04,2022,4,5,12:00:00,136,116,14
2022-05-04,2022,4,5,13:00:00,146,101,20
2022-05-04,2022,4,5,14:00:00,239,188,24
2022-05-04,2022,4,5,15:00:00,304,255,31
2022-05-04,2022,4,5,16:00:00,143,305,32
2022-05-04,2022,4,5,17:00:00,225,219,16
2022-05-04,2022,4,5,18:00:00,70,193,10
2022-05-04,2022,4,5,19:00:00,1,0,0
2022-05-04,2022,4,5,23:00:00,1,0,0
2022-05-05,2022,5,5,08:00:00,12,0,0
2022-05-05,2022,5,5,09:00:00,35,12,11
2022-05-05,2022,5,5,10:00:00,48,30,10
2022-05-05,2022,5,5,11:00:00,39,37,12
2022-05-05,2022,5,5,12:00:00,86,50,10
2022-05-05,2022,5,5,13:00:00,15,47,15
2022-05-05,2022,5,5,14:00:00,85,44,16
2022-05-05,2022,5,5,15:00:00,69,71,20
2022-05-05,2022,5,5,16:00:00,29,33,19
2022-05-05,2022,5,5,17:00:00,74,68,14
2022-05-05,2022,5,5,18:00:00,39,41,6
2022-05-05,2022,5,5,19:00:00,0,2,0
2022-05-06,2022,6,5,08:00:00,20,0,0
2022-05-06,2022,6,5,09:00:00,38,0,10
2022-05-06,2022,6,5,10:00:00,108,112,26
2022-05-06,2022,6,5,11:00:00,63,60,8
2022-05-06,2022,6,5,12:00:00,55,61,9
2022-05-06,2022,6,5,13:00:00,53,27,3
2022-05-06,2022,6,5,14:00:00,86,127,20
2022-05-06,2022,6,5,15:00:00,68,40,20
2022-05-06,2022,6,5,16:00:00,92,69,21
2022-05-06,2022,6,5,17:00:00,86,101,14
2022-05-06,2022,6,5,18:00:00,32,50,5
2022-05-06,2022,6,5,19:00:00,0,3,0
2022-05-07,2022,7,5,06:00:00,10,0,0
2022-05-07,2022,7,5,08:00:00,14,0,0
2022-05-07,2022,7,5,09:00:00,83,27,9
2022-05-07,2022,7,5,10:00:00,209,204,19
2022-05-07,2022,7,5,11:00:00,234,191,12
2022-05-07,2022,7,5,12:00:00,176,242,17
2022-05-07,2022,7,5,13:00:00,81,140,18
2022-05-07,2022,7,5,14:00:00,195,129,22
2022-05-07,2022,7,5,15:00:00,285,216,25
2022-05-07,2022,7,5,16:00:00,195,309,22
2022-05-07,2022,7,5,17:00:00,226,263,25
2022-05-07,2022,7,5,18:00:00,94,188,7
2022-05-07,2022,7,5,19:00:00,0,17,0
2022-05-08,2022,8,5,08:00:00,5,0,0
2022-05-08,2022,8,5,10:00:00,2,0,0
2022-05-08,2022,8,5,11:00:00,11,0,0
2022-05-08,2022,8,5,12:00:00,5,0,0
2022-05-08,2022,8,5,14:00:00,1,0,0
2022-05-08,2022,8,5,15:00:00,3,0,0
2022-05-08,2022,8,5,16:00:00,2,0,0
2022-05-08,2022,8,5,17:00:00,1,0,0
2022-05-09,2022,9,5,06:00:00,6,0,0
2022-05-09,2022,9,5,08:00:00,8,0,0
2022-05-09,2022,9,5,09:00:00,2,0,0
2022-05-09,2022,9,5,10:00:00,7,0,0
2022-05-09,2022,9,5,13:00:00,7,0,0
2022-05-09,2022,9,5,14:00:00,9,0,0
2022-05-09,2022,9,5,17:00:00,23,0,0
2022-05-09,2022,9,5,18:00:00,9,0,0
2022-05-09,2022,9,5,19:00:00,5,0,0
2022-05-09,2022,9,5,21:00:00,3,0,0
2022-05-10,2022,10,5,08:00:00,30,0,0
2022-05-10,2022,10,5,09:00:00,73,13,11
2022-05-10,2022,10,5,10:00:00,130,117,11
2022-05-10,2022,10,5,11:00:00,57,155,16
2022-05-10,2022,10,5,12:00:00,86,58,17
2022-05-10,2022,10,5,13:00:00,81,99,16
2022-05-10,2022,10,5,14:00:00,94,53,17
2022-05-10,2022,10,5,15:00:00,85,87,19
2022-05-10,2022,10,5,16:00:00,71,58,10
2022-05-10,2022,10,5,17:00:00,96,103,23
2022-05-10,2022,10,5,18:00:00,57,54,19
2022-05-11,2022,11,5,08:00:00,4,0,0
2022-05-11,2022,11,5,09:00:00,30,29,10
2022-05-11,2022,11,5,10:00:00,151,158,15
2022-05-11,2022,11,5,11:00:00,127,134,12
2022-05-11,2022,11,5,12:00:00,108,99,12
2022-05-11,2022,11,5,13:00:00,119,96,12
2022-05-11,2022,11,5,14:00:00,223,164,22
2022-05-11,2022,11,5,15:00:00,179,200,30
2022-05-11,2022,11,5,16:00:00,93,206,30
2022-05-11,2022,11,5,17:00:00,86,149,15
2022-05-11,2022,11,5,18:00:00,47,114,17
2022-05-11,2022,11,5,19:00:00,0,5,0
2022-05-12,2022,12,5,08:00:00,7,0,0
2022-05-12,2022,12,5,09:00:00,22,0,13
2022-05-12,2022,12,5,10:00:00,75,48,12
2022-05-12,2022,12,5,11:00:00,56,49,8
2022-05-12,2022,12,5,12:00:00,79,36,11
2022-05-12,2022,12,5,13:00:00,11,31,14
2022-05-12,2022,12,5,14:00:00,41,43,14
2022-05-12,2022,12,5,15:00:00,59,56,17
2022-05-12,2022,12,5,16:00:00,111,87,28
2022-05-12,2022,12,5,17:00:00,147,135,11
2022-05-12,2022,12,5,18:00:00,33,79,9
2022-05-12,2022,12,5,21:00:00,13,0,0
2022-05-12,2022,12,5,22:00:00,1,0,0
2022-05-13,2022,13,5,06:00:00,4,0,0
2022-05-13,2022,13,5,08:00:00,3,0,0
2022-05-13,2022,13,5,09:00:00,46,13,5
2022-05-13,2022,13,5,10:00:00,57,73,21
2022-05-13,2022,13,5,11:00:00,106,58,9
2022-05-13,2022,13,5,12:00:00,80,56,10
2022-05-13,2022,13,5,13:00:00,61,82,17
2022-05-13,2022,13,5,14:00:00,22,58,21
2022-05-13,2022,13,5,15:00:00,105,83,25
2022-05-13,2022,13,5,16:00:00,102,86,15
2022-05-13,2022,13,5,17:00:00,132,112,24
2022-05-13,2022,13,5,18:00:00,85,141,10
2022-05-13,2022,13,5,19:00:00,1,23,0
2022-05-13,2022,13,5,21:00:00,2,0,0
2022-05-14,2022,14,5,08:00:00,3,0,0
2022-05-14,2022,14,5,09:00:00,72,10,7
2022-05-14,2022,14,5,10:00:00,245,148,15
2022-05-14,2022,14,5,11:00:00,106,234,21
2022-05-14,2022,14,5,12:00:00,129,127,8
2022-05-14,2022,14,5,13:00:00,103,87,12
2022-05-14,2022,14,5,14:00:00,185,193,32
2022-05-14,2022,14,5,15:00:00,283,261,21
2022-05-14,2022,14,5,16:00:00,243,223,20
2022-05-14,2022,14,5,17:00:00,253,297,12
2022-05-14,2022,14,5,18:00:00,58,163,12
2022-05-14,2022,14,5,19:00:00,1,2,0
2022-05-15,2022,15,5,10:00:00,2,0,0
2022-05-15,2022,15,5,11:00:00,1,0,0
2022-05-15,2022,15,5,12:00:00,51,0,0
2022-05-15,2022,15,5,16:00:00,17,0,0
2022-05-15,2022,15,5,19:00:00,3,0,0
2022-05-16,2022,16,5,07:00:00,6,0,0
2022-05-16,2022,16,5,08:00:00,4,0,0
2022-05-16,2022,16,5,10:00:00,1,0,0
2022-05-16,2022,16,5,11:00:00,3,0,0
2022-05-16,2022,16,5,14:00:00,8,0,0
2022-05-16,2022,16,5,15:00:00,10,0,0
2022-05-16,2022,16,5,16:00:00,26,0,0
2022-05-16,2022,16,5,17:00:00,14,0,0
2022-05-16,2022,16,5,18:00:00,13,0,0
2022-05-16,2022,16,5,19:00:00,1,0,0
2022-05-17,2022,17,5,07:00:00,4,0,0
2022-05-17,2022,17,5,08:00:00,38,0,0
2022-05-17,2022,17,5,09:00:00,66,12,15
2022-05-17,2022,17,5,10:00:00,99,65,24
2022-05-17,2022,17,5,11:00:00,62,63,23
2022-05-17,2022,17,5,12:00:00,98,76,13
2022-05-17,2022,17,5,13:00:00,167,124,22
2022-05-17,2022,17,5,14:00:00,97,76,29
2022-05-17,2022,17,5,15:00:00,134,114,29
2022-05-17,2022,17,5,16:00:00,78,134,32
2022-05-17,2022,17,5,17:00:00,208,123,17
2022-05-17,2022,17,5,18:00:00,50,77,9
2022-05-17,2022,17,5,19:00:00,4,0,0
2022-05-18,2022,18,5,06:00:00,2,0,0
2022-05-18,2022,18,5,07:00:00,10,0,0
2022-05-18,2022,18,5,08:00:00,24,0,0
2022-05-18,2022,18,5,09:00:00,85,8,24
2022-05-18,2022,18,5,10:00:00,172,98,23
2022-05-18,2022,18,5,11:00:00,144,269,8
2022-05-18,2022,18,5,12:00:00,146,97,16
2022-05-18,2022,18,5,13:00:00,182,178,18
2022-05-18,2022,18,5,14:00:00,142,133,25
2022-05-18,2022,18,5,15:00:00,172,115,35
2022-05-18,2022,18,5,16:00:00,161,170,29
2022-05-18,2022,18,5,17:00:00,260,190,19
2022-05-18,2022,18,5,18:00:00,31,136,8
2022-05-18,2022,18,5,20:00:00,6,0,0
2022-05-19,2022,19,5,08:00:00,15,0,1
2022-05-19,2022,19,5,09:00:00,61,7,15
2022-05-19,2022,19,5,10:00:00,68,42,24
2022-05-19,2022,19,5,11:00:00,111,48,22
2022-05-19,2022,19,5,12:00:00,55,48,7
2022-05-19,2022,19,5,13:00:00,56,43,16
2022-05-19,2022,19,5,14:00:00,42,37,26
2022-05-19,2022,19,5,15:00:00,75,70,31
2022-05-19,2022,19,5,16:00:00,57,37,20
2022-05-19,2022,19,5,17:00:00,98,86,11
2022-05-19,2022,19,5,18:00:00,20,68,15
2022-05-19,2022,19,5,19:00:00,8,0,0
2022-05-20,2022,20,5,07:00:00,1,0,0
2022-05-20,2022,20,5,08:00:00,20,0,0
2022-05-20,2022,20,5,09:00:00,54,13,14
2022-05-20,2022,20,5,10:00:00,53,63,18
2022-05-20,2022,20,5,11:00:00,57,90,5
2022-05-20,2022,20,5,12:00:00,17,28,12
2022-05-20,2022,20,5,13:00:00,63,70,11
2022-05-20,2022,20,5,14:00:00,78,147,15
2022-05-20,2022,20,5,15:00:00,86,146,28
2022-05-20,2022,20,5,16:00:00,112,90,24
2022-05-20,2022,20,5,17:00:00,163,176,19
2022-05-20,2022,20,5,18:00:00,70,153,7
2022-05-20,2022,20,5,19:00:00,3,1,0
2022-05-20,2022,20,5,23:00:00,1,0,0
2022-05-21,2022,21,5,08:00:00,31,0,0
2022-05-21,2022,21,5,09:00:00,40,18,9
2022-05-21,2022,21,5,10:00:00,229,137,11
2022-05-21,2022,21,5,11:00:00,257,275,15
2022-05-21,2022,21,5,12:00:00,111,220,27
2022-05-21,2022,21,5,13:00:00,112,127,15
2022-05-21,2022,21,5,14:00:00,208,252,27
2022-05-21,2022,21,5,15:00:00,170,259,19
2022-05-21,2022,21,5,16:00:00,253,232,27
2022-05-21,2022,21,5,17:00:00,228,292,17
2022-05-21,2022,21,5,18:00:00,97,220,3
2022-05-21,2022,21,5,19:00:00,15,0,0
2022-05-21,2022,21,5,20:00:00,5,0,0
2022-05-22,2022,22,5,09:00:00,1,0,0
2022-05-22,2022,22,5,10:00:00,2,0,0
2022-05-22,2022,22,5,13:00:00,4,0,0
2022-05-22,2022,22,5,15:00:00,16,0,0
2022-05-22,2022,22,5,17:00:00,2,0,0
2022-05-22,2022,22,5,18:00:00,1,0,0
2022-05-22,2022,22,5,19:00:00,11,0,0
2022-05-22,2022,22,5,20:00:00,6,0,0
2022-05-23,2022,23,5,07:00:00,10,0,0
2022-05-23,2022,23,5,10:00:00,2,0,0
2022-05-23,2022,23,5,12:00:00,6,0,0
2022-05-23,2022,23,5,14:00:00,48,0,0
2022-05-23,2022,23,5,16:00:00,2,0,0
2022-05-23,2022,23,5,17:00:00,23,0,0
2022-05-23,2022,23,5,18:00:00,7,0,0
2022-05-23,2022,23,5,19:00:00,9,0,0
2022-05-24,2022,24,5,06:00:00,1,0,0
2022-05-24,2022,24,5,08:00:00,20,0,0
2022-05-24,2022,24,5,09:00:00,87,27,10
2022-05-24,2022,24,5,10:00:00,168,122,24
2022-05-24,2022,24,5,11:00:00,118,40,10
2022-05-24,2022,24,5,12:00:00,38,50,12
2022-05-24,2022,24,5,13:00:00,75,67,14
2022-05-24,2022,24,5,14:00:00,71,139,21
2022-05-24,2022,24,5,15:00:00,135,140,21
2022-05-24,2022,24,5,16:00:00,101,114,23
2022-05-24,2022,24,5,17:00:00,97,105,16
2022-05-24,2022,24,5,18:00:00,94,138,5
2022-05-25,2022,25,5,08:00:00,13,0,0
2022-05-25,2022,25,5,09:00:00,52,9,8
2022-05-25,2022,25,5,10:00:00,265,139,14
2022-05-25,2022,25,5,11:00:00,134,225,11
2022-05-25,2022,25,5,12:00:00,82,126,20
2022-05-25,2022,25,5,13:00:00,204,168,14
2022-05-25,2022,25,5,14:00:00,213,123,35
2022-05-25,2022,25,5,15:00:00,265,288,29
2022-05-25,2022,25,5,16:00:00,239,339,31
2022-05-25,2022,25,5,17:00:00,163,175,25
2022-05-25,2022,25,5,18:00:00,74,201,11
2022-05-25,2022,25,5,19:00:00,2,0,0
2022-05-26,2022,26,5,09:00:00,13,0,0
2022-05-26,2022,26,5,10:00:00,6,0,0
2022-05-26,2022,26,5,11:00:00,5,0,0
2022-05-26,2022,26,5,13:00:00,1,0,0
2022-05-26,2022,26,5,18:00:00,12,0,0
2022-05-26,2022,26,5,21:00:00,5,0,0
2022-05-27,2022,27,5,07:00:00,7,0,0
2022-05-27,2022,27,5,08:00:00,6,0,0
2022-05-27,2022,27,5,09:00:00,58,14,7
2022-05-27,2022,27,5,10:00:00,96,108,15
2022-05-27,2022,27,5,11:00:00,110,144,14
2022-05-27,2022,27,5,12:00:00,82,78,9
2022-05-27,2022,27,5,13:00:00,52,44,14
2022-05-27,2022,27,5,14:00:00,231,215,20
2022-05-27,2022,27,5,15:00:00,122,175,18
2022-05-27,2022,27,5,16:00:00,114,121,16
2022-05-27,2022,27,5,17:00:00,66,117,15
2022-05-27,2022,27,5,18:00:00,49,66,11
2022-05-27,2022,27,5,19:00:00,2,0,0
2022-05-27,2022,27,5,20:00:00,1,0,0
2022-05-28,2022,28,5,08:00:00,6,0,0
2022-05-28,2022,28,5,09:00:00,32,6,8
2022-05-28,2022,28,5,10:00:00,207,154,14
2022-05-28,2022,28,5,11:00:00,164,205,14
2022-05-28,2022,28,5,12:00:00,65,134,14
2022-05-28,2022,28,5,13:00:00,94,93,17
2022-05-28,2022,28,5,14:00:00,184,184,25
2022-05-28,2022,28,5,15:00:00,155,153,24
2022-05-28,2022,28,5,16:00:00,176,243,21
2022-05-28,2022,28,5,17:00:00,93,117,18
2022-05-28,2022,28,5,18:00:00,27,124,10
2022-05-28,2022,28,5,19:00:00,0,3,0
2022-05-29,2022,29,5,10:00:00,1,0,0
2022-05-29,2022,29,5,15:00:00,1,0,0
2022-05-29,2022,29,5,16:00:00,6,0,0
2022-05-29,2022,29,5,18:00:00,12,0,0
2022-05-29,2022,29,5,19:00:00,15,0,0
2022-05-30,2022,30,5,08:00:00,2,0,0
2022-05-30,2022,30,5,09:00:00,1,0,0
2022-05-30,2022,30,5,10:00:00,1,0,0
2022-05-30,2022,30,5,11:00:00,4,0,0
2022-05-30,2022,30,5,12:00:00,5,0,0
2022-05-30,2022,30,5,13:00:00,14,0,0
2022-05-30,2022,30,5,14:00:00,11,0,0
2022-05-30,2022,30,5,16:00:00,7,0,0
2022-05-30,2022,30,5,17:00:00,2,0,0
2022-05-30,2022,30,5,18:00:00,1,0,0
2022-05-31,2022,31,5,06:00:00,10,0,0
2022-05-31,2022,31,5,08:00:00,24,0,0
2022-05-31,2022,31,5,09:00:00,96,14,12
2022-05-31,2022,31,5,10:00:00,120,84,11
2022-05-31,2022,31,5,11:00:00,132,109,19
2022-05-31,2022,31,5,12:00:00,99,9,7
2022-05-31,2022,31,5,13:00:00,81,54,20
2022-05-31,2022,31,5,14:00:00,153,132,27
2022-05-31,2022,31,5,15:00:00,627,108,23
2022-05-31,2022,31,5,16:00:00,92,130,21
2022-05-31,2022,31,5,17:00:00,81,134,17
2022-05-31,2022,31,5,18:00:00,124,98,7
2022-05-31,2022,31,5,19:00:00,4,4,0
2022-06-01,2022,1,6,07:00:00,1,0,0
2022-06-01,2022,1,6,08:00:00,26,0,0
2022-06-01,2022,1,6,09:00:00,67,22,12
2022-06-01,2022,1,6,10:00:00,153,100,13
2022-06-01,2022,1,6,11:00:00,142,120,18
2022-06-01,2022,1,6,12:00:00,108,135,21
2022-06-01,2022,1,6,13:00:00,143,120,26
2022-06-01,2022,1,6,14:00:00,231,165,31
2022-06-01,2022,1,6,15:00:00,497,287,35
2022-06-01,2022,1,6,16:00:00,221,324,41
2022-06-01,2022,1,6,17:00:00,188,253,22
2022-06-01,2022,1,6,18:00:00,97,107,13
2022-06-01,2022,1,6,19:00:00,1,4,0
2022-06-01,2022,1,6,20:00:00,5,0,0
2022-06-02,2022,2,6,00:00:00,1,0,0
2022-06-02,2022,2,6,07:00:00,2,0,0
2022-06-02,2022,2,6,08:00:00,14,0,1
2022-06-02,2022,2,6,09:00:00,97,8,8
2022-06-02,2022,2,6,10:00:00,315,92,14
2022-06-02,2022,2,6,11:00:00,331,53,12
2022-06-02,2022,2,6,12:00:00,27,36,5
2022-06-02,2022,2,6,13:00:00,102,83,16
2022-06-02,2022,2,6,14:00:00,118,73,20
2022-06-02,2022,2,6,15:00:00,58,84,20
2022-06-02,2022,2,6,16:00:00,382,94,21
2022-06-02,2022,2,6,17:00:00,90,106,30
2022-06-02,2022,2,6,18:00:00,55,90,5
2022-06-02,2022,2,6,19:00:00,1,0,0
2022-06-02,2022,2,6,20:00:00,1,0,0
2022-06-03,2022,3,6,08:00:00,13,0,0
2022-06-03,2022,3,6,09:00:00,55,7,10
2022-06-03,2022,3,6,10:00:00,475,32,15
2022-06-03,2022,3,6,11:00:00,46,21,10
2022-06-03,2022,3,6,12:00:00,86,81,14
2022-06-03,2022,3,6,13:00:00,121,99,11
2022-06-03,2022,3,6,14:00:00,85,46,17
2022-06-03,2022,3,6,15:00:00,93,76,20
2022-06-03,2022,3,6,16:00:00,63,41,10
2022-06-03,2022,3,6,17:00:00,117,119,12
2022-06-03,2022,3,6,18:00:00,19,35,2
2022-06-04,2022,4,6,08:00:00,8,0,0
2022-06-04,2022,4,6,09:00:00,77,13,8
2022-06-04,2022,4,6,10:00:00,212,184,14
2022-06-04,2022,4,6,11:00:00,136,187,15
2022-06-04,2022,4,6,12:00:00,170,259,13
2022-06-04,2022,4,6,13:00:00,63,43,24
2022-06-04,2022,4,6,14:00:00,194,139,32
2022-06-04,2022,4,6,15:00:00,274,290,28
2022-06-04,2022,4,6,16:00:00,169,299,21
2022-06-04,2022,4,6,17:00:00,137,140,12
2022-06-04,2022,4,6,18:00:00,107,160,7
2022-06-04,2022,4,6,19:00:00,9,15,0
2022-06-04,2022,4,6,20:00:00,6,0,0
2022-06-05,2022,5,6,09:00:00,5,0,0
2022-06-05,2022,5,6,13:00:00,14,0,0
2022-06-05,2022,5,6,17:00:00,4,0,0
2022-06-05,2022,5,6,18:00:00,1,0,0
2022-06-06,2022,6,6,10:00:00,3,0,0
2022-06-06,2022,6,6,11:00:00,8,0,0
2022-06-06,2022,6,6,12:00:00,4,0,0
2022-06-06,2022,6,6,15:00:00,2,0,0
2022-06-06,2022,6,6,16:00:00,3,0,0
2022-06-06,2022,6,6,17:00:00,4,0,0
2022-06-07,2022,7,6,08:00:00,19,0,0
2022-06-07,2022,7,6,09:00:00,51,15,8
2022-06-07,2022,7,6,10:00:00,437,102,13
2022-06-07,2022,7,6,11:00:00,110,76,8
2022-06-07,2022,7,6,12:00:00,67,73,12
2022-06-07,2022,7,6,13:00:00,42,79,15
2022-06-07,2022,7,6,14:00:00,49,47,19
2022-06-07,2022,7,6,15:00:00,403,115,23
2022-06-07,2022,7,6,16:00:00,76,116,23
2022-06-07,2022,7,6,17:00:00,43,99,33
2022-06-07,2022,7,6,18:00:00,17,88,10
2022-06-07,2022,7,6,19:00:00,4,0,0
2022-06-08,2022,8,6,07:00:00,2,0,0
2022-06-08,2022,8,6,08:00:00,15,0,0
2022-06-08,2022,8,6,09:00:00,58,37,9
2022-06-08,2022,8,6,10:00:00,99,118,16
2022-06-08,2022,8,6,11:00:00,133,153,9
2022-06-08,2022,8,6,12:00:00,83,132,13
2022-06-08,2022,8,6,13:00:00,73,95,19
2022-06-08,2022,8,6,14:00:00,110,152,32
2022-06-08,2022,8,6,15:00:00,184,308,29
2022-06-08,2022,8,6,16:00:00,158,185,30
2022-06-08,2022,8,6,17:00:00,87,194,13
2022-06-08,2022,8,6,18:00:00,84,81,17
2022-06-08,2022,8,6,19:00:00,1,8,0
2022-06-09,2022,9,6,06:00:00,7,0,0
2022-06-09,2022,9,6,08:00:00,13,0,0
2022-06-09,2022,9,6,09:00:00,18,6,11
2022-06-09,2022,9,6,10:00:00,258,27,12
2022-06-09,2022,9,6,11:00:00,322,38,9
2022-06-09,2022,9,6,12:00:00,55,59,15
2022-06-09,2022,9,6,13:00:00,35,83,12
2022-06-09,2022,9,6,14:00:00,44,57,18
2022-06-09,2022,9,6,15:00:00,36,54,20
2022-06-09,2022,9,6,16:00:00,126,76,27
2022-06-09,2022,9,6,17:00:00,132,36,18
2022-06-09,2022,9,6,18:00:00,17,59,4
2022-06-09,2022,9,6,20:00:00,1,0,0
2022-06-10,2022,10,6,09:00:00,36,2,8
2022-06-10,2022,10,6,10:00:00,411,33,9
2022-06-10,2022,10,6,11:00:00,54,75,9
2022-06-10,2022,10,6,12:00:00,59,53,15
2022-06-10,2022,10,6,13:00:00,87,121,6
2022-06-10,2022,10,6,14:00:00,39,113,20
2022-06-10,2022,10,6,15:00:00,180,68,21
2022-06-10,2022,10,6,16:00:00,287,90,12
2022-06-10,2022,10,6,17:00:00,89,76,15
2022-06-10,2022,10,6,18:00:00,34,111,7
2022-06-11,2022,11,6,07:00:00,1,0,0
2022-06-11,2022,11,6,08:00:00,28,0,0
2022-06-11,2022,11,6,09:00:00,79,34,8
2022-06-11,2022,11,6,10:00:00,187,236,10
2022-06-11,2022,11,6,11:00:00,221,269,7
2022-06-11,2022,11,6,12:00:00,75,107,19
2022-06-11,2022,11,6,13:00:00,83,110,31
2022-06-11,2022,11,6,14:00:00,146,146,21
2022-06-11,2022,11,6,15:00:00,151,230,25
2022-06-11,2022,11,6,16:00:00,246,361,22
2022-06-11,2022,11,6,17:00:00,154,291,18
2022-06-11,2022,11,6,18:00:00,40,119,5
2022-06-12,2022,12,6,08:00:00,1,0,0
2022-06-12,2022,12,6,09:00:00,2,0,0
2022-06-12,2022,12,6,10:00:00,6,0,0
2022-06-12,2022,12,6,17:00:00,1,0,0
2022-06-13,2022,13,6,09:00:00,12,0,0
2022-06-13,2022,13,6,11:00:00,2,0,0
2022-06-13,2022,13,6,12:00:00,5,0,0
2022-06-13,2022,13,6,13:00:00,1,0,0
2022-06-13,2022,13,6,14:00:00,5,0,0
2022-06-13,2022,13,6,15:00:00,19,0,0
2022-06-13,2022,13,6,16:00:00,18,0,0
2022-06-13,2022,13,6,17:00:00,13,0,0
2022-06-13,2022,13,6,18:00:00,16,0,0
2022-06-14,2022,14,6,08:00:00,10,0,0
2022-06-14,2022,14,6,09:00:00,118,2,11
2022-06-14,2022,14,6,10:00:00,416,89,26
2022-06-14,2022,14,6,11:00:00,283,120,6
2022-06-14,2022,14,6,12:00:00,123,75,14
2022-06-14,2022,14,6,13:00:00,122,95,23
2022-06-14,2022,14,6,14:00:00,66,74,42
2022-06-14,2022,14,6,15:00:00,37,45,25
2022-06-14,2022,14,6,16:00:00,281,94,25
2022-06-14,2022,14,6,17:00:00,124,105,15
2022-06-14,2022,14,6,18:00:00,45,108,26
2022-06-14,2022,14,6,19:00:00,1,0,0
2022-06-15,2022,15,6,06:00:00,7,0,0
2022-06-15,2022,15,6,07:00:00,1,0,0
2022-06-15,2022,15,6,08:00:00,30,0,0
2022-06-15,2022,15,6,09:00:00,68,14,9
2022-06-15,2022,15,6,10:00:00,258,189,18
2022-06-15,2022,15,6,11:00:00,196,237,8
2022-06-15,2022,15,6,12:00:00,91,109,21
2022-06-15,2022,15,6,13:00:00,139,125,16
2022-06-15,2022,15,6,14:00:00,164,151,22
2022-06-15,2022,15,6,15:00:00,212,193,33
2022-06-15,2022,15,6,16:00:00,119,149,26
2022-06-15,2022,15,6,17:00:00,86,139,10
2022-06-15,2022,15,6,18:00:00,69,31,5
2022-06-15,2022,15,6,19:00:00,0,6,0
2022-06-16,2022,16,6,08:00:00,3,0,3
2022-06-16,2022,16,6,09:00:00,71,16,13
2022-06-16,2022,16,6,10:00:00,547,42,6
2022-06-16,2022,16,6,11:00:00,30,51,23
2022-06-16,2022,16,6,12:00:00,34,43,11
2022-06-16,2022,16,6,13:00:00,75,62,24
2022-06-16,2022,16,6,14:00:00,38,24,15
2022-06-16,2022,16,6,15:00:00,409,98,19
2022-06-16,2022,16,6,16:00:00,129,46,18
2022-06-16,2022,16,6,17:00:00,48,30,10
2022-06-16,2022,16,6,18:00:00,31,42,4
2022-06-16,2022,16,6,19:00:00,8,0,0
2022-06-16,2022,16,6,23:00:00,2,0,0
2022-06-17,2022,17,6,06:00:00,3,0,0
2022-06-17,2022,17,6,08:00:00,9,0,0
2022-06-17,2022,17,6,09:00:00,61,44,10
2022-06-17,2022,17,6,10:00:00,72,102,12
2022-06-17,2022,17,6,11:00:00,428,59,22
2022-06-17,2022,17,6,12:00:00,90,46,12
2022-06-17,2022,17,6,13:00:00,53,56,18
2022-06-17,2022,17,6,14:00:00,60,57,17
2022-06-17,2022,17,6,15:00:00,485,44,24
2022-06-17,2022,17,6,16:00:00,150,65,14
2022-06-17,2022,17,6,17:00:00,69,110,15
2022-06-17,2022,17,6,18:00:00,83,87,5
2022-06-18,2022,18,6,08:00:00,3,0,0
2022-06-18,2022,18,6,09:00:00,116,37,10
2022-06-18,2022,18,6,10:00:00,248,159,7
2022-06-18,2022,18,6,11:00:00,238,198,25
2022-06-18,2022,18,6,12:00:00,81,206,25
2022-06-18,2022,18,6,13:00:00,67,73,12
2022-06-18,2022,18,6,14:00:00,175,72,16
2022-06-18,2022,18,6,15:00:00,199,172,25
2022-06-18,2022,18,6,16:00:00,184,195,25
2022-06-18,2022,18,6,17:00:00,118,193,18
2022-06-18,2022,18,6,18:00:00,93,111,10
2022-06-18,2022,18,6,19:00:00,0,2,0
2022-06-18,2022,18,6,21:00:00,4,0,0
2022-06-18,2022,18,6,23:00:00,1,0,0
2022-06-19,2022,19,6,11:00:00,5,0,0
2022-06-19,2022,19,6,14:00:00,2,0,0
2022-06-19,2022,19,6,15:00:00,34,0,0
2022-06-19,2022,19,6,16:00:00,16,0,0
2022-06-21,2022,21,6,08:00:00,18,0,0
2022-06-21,2022,21,6,09:00:00,77,15,13
2022-06-21,2022,21,6,10:00:00,533,69,15
2022-06-21,2022,21,6,11:00:00,82,86,17
2022-06-21,2022,21,6,12:00:00,78,36,15
2022-06-21,2022,21,6,13:00:00,84,72,17
2022-06-21,2022,21,6,14:00:00,179,123,30
2022-06-21,2022,21,6,15:00:00,515,100,25
2022-06-21,2022,21,6,16:00:00,347,73,27
2022-06-21,2022,21,6,17:00:00,128,130,14
2022-06-21,2022,21,6,18:00:00,52,120,10
2022-06-22,2022,22,6,08:00:00,1,0,0
2022-06-22,2022,22,6,09:00:00,58,3,17
2022-06-22,2022,22,6,10:00:00,144,120,11
2022-06-22,2022,22,6,11:00:00,156,177,10
2022-06-22,2022,22,6,12:00:00,134,112,19
2022-06-22,2022,22,6,13:00:00,89,157,16
2022-06-22,2022,22,6,14:00:00,206,76,26
2022-06-22,2022,22,6,15:00:00,223,199,20
2022-06-22,2022,22,6,16:00:00,157,250,23
2022-06-22,2022,22,6,17:00:00,176,209,15
2022-06-22,2022,22,6,18:00:00,40,65,8
2022-06-22,2022,22,6,20:00:00,10,0,0
2022-06-23,2022,23,6,07:00:00,1,0,0
2022-06-23,2022,23,6,08:00:00,3,0,0
2022-06-23,2022,23,6,09:00:00,52,7,7
2022-06-23,2022,23,6,10:00:00,558,71,15
2022-06-23,2022,23,6,11:00:00,55,47,13
2022-06-23,2022,23,6,12:00:00,23,41,13
2022-06-23,2022,23,6,13:00:00,72,61,23
2022-06-23,2022,23,6,14:00:00,56,27,20
2022-06-23,2022,23,6,15:00:00,57,87,21
2022-06-23,2022,23,6,16:00:00,30,69,22
2022-06-23,2022,23,6,17:00:00,49,39,7
2022-06-23,2022,23,6,18:00:00,40,39,12
2022-06-23,2022,23,6,20:00:00,2,0,0
2022-06-24,2022,24,6,08:00:00,19,0,2
2022-06-24,2022,24,6,09:00:00,21,2,10
2022-06-24,2022,24,6,10:00:00,69,40,7
2022-06-24,2022,24,6,11:00:00,50,36,16
2022-06-24,2022,24,6,12:00:00,111,38,11
2022-06-24,2022,24,6,13:00:00,54,40,9
2022-06-24,2022,24,6,14:00:00,101,60,16
2022-06-24,2022,24,6,15:00:00,133,81,22
2022-06-24,2022,24,6,16:00:00,77,79,15
2022-06-24,2022,24,6,17:00:00,45,72,6
2022-06-24,2022,24,6,18:00:00,105,105,7
2022-06-25,2022,25,6,08:00:00,5,0,0
2022-06-25,2022,25,6,09:00:00,48,10,9
2022-06-25,2022,25,6,10:00:00,174,137,13
2022-06-25,2022,25,6,11:00:00,172,266,24
2022-06-25,2022,25,6,12:00:00,90,130,19
2022-06-25,2022,25,6,13:00:00,70,126,15
2022-06-25,2022,25,6,14:00:00,266,196,35
2022-06-25,2022,25,6,15:00:00,186,250,16
2022-06-25,2022,25,6,16:00:00,262,264,29
2022-06-25,2022,25,6,17:00:00,110,225,19
2022-06-25,2022,25,6,18:00:00,104,115,3
2022-06-25,2022,25,6,19:00:00,0,1,0
2022-06-26,2022,26,6,08:00:00,1,0,0
2022-06-26,2022,26,6,09:00:00,4,0,0
2022-06-26,2022,26,6,10:00:00,10,0,0
2022-06-26,2022,26,6,16:00:00,10,0,0
2022-06-26,2022,26,6,17:00:00,4,0,0
2022-06-26,2022,26,6,19:00:00,15,0,0
2022-06-26,2022,26,6,20:00:00,2,0,0
2022-06-27,2022,27,6,06:00:00,2,0,0
2022-06-27,2022,27,6,07:00:00,5,0,0
2022-06-27,2022,27,6,09:00:00,6,0,0
2022-06-27,2022,27,6,10:00:00,8,0,0
2022-06-27,2022,27,6,11:00:00,2,0,0
2022-06-27,2022,27,6,12:00:00,7,0,0
2022-06-27,2022,27,6,13:00:00,6,0,0
2022-06-27,2022,27,6,14:00:00,1,0,0
2022-06-27,2022,27,6,15:00:00,11,0,0
2022-06-27,2022,27,6,16:00:00,19,0,0
2022-06-27,2022,27,6,17:00:00,17,0,0
2022-06-27,2022,27,6,18:00:00,6,0,0
2022-06-27,2022,27,6,23:00:00,1,0,0
2022-06-28,2022,28,6,08:00:00,4,0,0
2022-06-28,2022,28,6,09:00:00,115,33,18
2022-06-28,2022,28,6,10:00:00,139,128,23
2022-06-28,2022,28,6,11:00:00,329,100,20
2022-06-28,2022,28,6,12:00:00,172,68,15
2022-06-28,2022,28,6,13:00:00,175,82,21
2022-06-28,2022,28,6,14:00:00,211,64,37
2022-06-28,2022,28,6,15:00:00,90,141,35
2022-06-28,2022,28,6,16:00:00,513,82,19
2022-06-28,2022,28,6,17:00:00,390,172,7
2022-06-28,2022,28,6,18:00:00,70,115,8
2022-06-28,2022,28,6,19:00:00,8,0,0
2022-06-29,2022,29,6,07:00:00,2,0,0
2022-06-29,2022,29,6,08:00:00,19,0,0
2022-06-29,2022,29,6,09:00:00,71,6,15
2022-06-29,2022,29,6,10:00:00,205,144,8
2022-06-29,2022,29,6,11:00:00,336,244,12
2022-06-29,2022,29,6,12:00:00,185,114,15
2022-06-29,2022,29,6,13:00:00,105,150,18
2022-06-29,2022,29,6,14:00:00,137,122,35
2022-06-29,2022,29,6,15:00:00,240,209,38
2022-06-29,2022,29,6,16:00:00,238,238,28
2022-06-29,2022,29,6,17:00:00,94,205,12
2022-06-29,2022,29,6,18:00:00,73,157,7
2022-06-29,2022,29,6,19:00:00,14,0,0
2022-06-29,2022,29,6,21:00:00,4,0,0
2022-06-30,2022,30,6,07:00:00,6,0,0
2022-06-30,2022,30,6,08:00:00,1,0,0
2022-06-30,2022,30,6,09:00:00,130,2,11
2022-06-30,2022,30,6,10:00:00,73,45,11
2022-06-30,2022,30,6,11:00:00,68,139,20
2022-06-30,2022,30,6,12:00:00,292,108,32
2022-06-30,2022,30,6,13:00:00,258,77,16
2022-06-30,2022,30,6,14:00:00,30,30,19
2022-06-30,2022,30,6,15:00:00,102,114,11
2022-06-30,2022,30,6,16:00:00,697,96,22
2022-06-30,2022,30,6,17:00:00,68,101,16
2022-06-30,2022,30,6,18:00:00,20,35,11
2022-06-30,2022,30,6,19:00:00,8,0,0
2022-07-01,2022,1,7,08:00:00,6,0,0
2022-07-01,2022,1,7,09:00:00,36,6,19
2022-07-01,2022,1,7,10:00:00,73,68,24
2022-07-01,2022,1,7,11:00:00,367,62,26
2022-07-01,2022,1,7,12:00:00,441,76,17
2022-07-01,2022,1,7,13:00:00,321,111,16
2022-07-01,2022,1,7,14:00:00,158,126,26
2022-07-01,2022,1,7,15:00:00,120,111,21
2022-07-01,2022,1,7,16:00:00,509,104,13
2022-07-01,2022,1,7,17:00:00,59,65,10
2022-07-01,2022,1,7,18:00:00,64,181,9
2022-07-01,2022,1,7,19:00:00,17,0,0
2022-07-01,2022,1,7,22:00:00,4,0,0
2022-07-01,2022,1,7,23:00:00,3,0,0
2022-07-02,2022,2,7,07:00:00,8,0,0
2022-07-02,2022,2,7,08:00:00,7,0,0
2022-07-02,2022,2,7,09:00:00,49,8,9
2022-07-02,2022,2,7,10:00:00,216,175,7
2022-07-02,2022,2,7,11:00:00,239,333,10
2022-07-02,2022,2,7,12:00:00,125,129,22
2022-07-02,2022,2,7,13:00:00,87,124,16
2022-07-02,2022,2,7,14:00:00,211,154,16
2022-07-02,2022,2,7,15:00:00,203,242,22
2022-07-02,2022,2,7,16:00:00,221,242,18
2022-07-02,2022,2,7,17:00:00,164,216,12
2022-07-02,2022,2,7,18:00:00,53,115,12
2022-07-03,2022,3,7,06:00:00,6,0,0
2022-07-03,2022,3,7,07:00:00,1,0,0
2022-07-03,2022,3,7,12:00:00,5,0,0
2022-07-03,2022,3,7,13:00:00,10,0,0
2022-07-03,2022,3,7,14:00:00,2,0,0
2022-07-03,2022,3,7,17:00:00,28,0,0
2022-07-04,2022,4,7,06:00:00,6,0,0
2022-07-04,2022,4,7,07:00:00,3,0,0
2022-07-04,2022,4,7,08:00:00,19,0,0
2022-07-04,2022,4,7,09:00:00,7,0,0
2022-07-04,2022,4,7,11:00:00,17,0,0
2022-07-04,2022,4,7,12:00:00,10,0,0
2022-07-04,2022,4,7,13:00:00,4,0,0
2022-07-04,2022,4,7,14:00:00,10,0,0
2022-07-04,2022,4,7,15:00:00,11,0,0
2022-07-04,2022,4,7,17:00:00,36,0,0
2022-07-04,2022,4,7,19:00:00,2,0,0
2022-07-04,2022,4,7,20:00:00,2,0,0
2022-07-05,2022,5,7,08:00:00,34,0,0
2022-07-05,2022,5,7,09:00:00,88,23,13
2022-07-05,2022,5,7,10:00:00,173,13,18
2022-07-05,2022,5,7,11:00:00,255,73,11
2022-07-05,2022,5,7,12:00:00,47,35,24
2022-07-05,2022,5,7,13:00:00,120,235,17
2022-07-05,2022,5,7,14:00:00,92,166,24
2022-07-05,2022,5,7,15:00:00,96,186,22
2022-07-05,2022,5,7,16:00:00,99,75,15
2022-07-05,2022,5,7,17:00:00,77,129,12
2022-07-05,2022,5,7,18:00:00,26,0,0
2022-07-05,2022,5,7,19:00:00,7,0,0
2022-07-05,2022,5,7,20:00:00,1,0,0
2022-07-05,2022,5,7,22:00:00,14,0,0
2022-07-06,2022,6,7,08:00:00,2,0,0
2022-07-06,2022,6,7,09:00:00,78,22,8
2022-07-06,2022,6,7,10:00:00,157,45,9
2022-07-06,2022,6,7,11:00:00,47,52,10
2022-07-06,2022,6,7,12:00:00,73,55,23
2022-07-06,2022,6,7,13:00:00,128,110,18
2022-07-06,2022,6,7,14:00:00,185,148,22
2022-07-06,2022,6,7,15:00:00,151,210,19
2022-07-06,2022,6,7,16:00:00,258,179,21
2022-07-06,2022,6,7,17:00:00,164,287,28
2022-07-06,2022,6,7,18:00:00,47,1,0
2022-07-07,2022,7,7,08:00:00,30,0,0
2022-07-07,2022,7,7,09:00:00,38,7,10
2022-07-07,2022,7,7,10:00:00,77,27,5
2022-07-07,2022,7,7,11:00:00,36,20,17
2022-07-07,2022,7,7,12:00:00,58,46,23
2022-07-07,2022,7,7,13:00:00,116,106,23
2022-07-07,2022,7,7,14:00:00,121,111,18
2022-07-07,2022,7,7,15:00:00,77,136,14
2022-07-07,2022,7,7,16:00:00,156,185,14
2022-07-07,2022,7,7,17:00:00,134,283,4
2022-07-07,2022,7,7,18:00:00,5,0,0
2022-07-08,2022,8,7,08:00:00,18,0,0
2022-07-08,2022,8,7,09:00:00,102,24,9
2022-07-08,2022,8,7,10:00:00,113,75,11
2022-07-08,2022,8,7,11:00:00,74,20,20
2022-07-08,2022,8,7,12:00:00,79,15,15
2022-07-08,2022,8,7,13:00:00,114,184,10
2022-07-08,2022,8,7,14:00:00,114,102,15
2022-07-08,2022,8,7,15:00:00,284,339,17
2022-07-08,2022,8,7,16:00:00,205,307,22
2022-07-08,2022,8,7,17:00:00,125,239,10
2022-07-08,2022,8,7,18:00:00,1,0,0
2022-07-08,2022,8,7,19:00:00,3,0,0
2022-07-09,2022,9,7,06:00:00,2,0,0
2022-07-09,2022,9,7,08:00:00,13,0,0
2022-07-09,2022,9,7,09:00:00,75,15,5
2022-07-09,2022,9,7,10:00:00,233,133,10
2022-07-09,2022,9,7,11:00:00,141,91,10
2022-07-09,2022,9,7,12:00:00,85,92,5
2022-07-09,2022,9,7,13:00:00,165,144,9
2022-07-09,2022,9,7,14:00:00,50,143,6
2022-07-09,2022,9,7,15:00:00,114,144,16
2022-07-09,2022,9,7,16:00:00,204,203,10
2022-07-09,2022,9,7,17:00:00,114,274,11
2022-07-09,2022,9,7,18:00:00,0,1,0
2022-07-10,2022,10,7,10:00:00,2,0,0
2022-07-10,2022,10,7,14:00:00,31,0,0
2022-07-10,2022,10,7,16:00:00,8,0,0
2022-07-10,2022,10,7,17:00:00,2,0,0
2022-07-10,2022,10,7,19:00:00,12,0,0
2022-07-10,2022,10,7,20:00:00,8,0,0
2022-07-10,2022,10,7,22:00:00,3,0,0
2022-07-11,2022,11,7,07:00:00,3,0,0
2022-07-11,2022,11,7,09:00:00,17,0,0
2022-07-11,2022,11,7,10:00:00,23,0,0
2022-07-11,2022,11,7,11:00:00,13,0,0
2022-07-11,2022,11,7,12:00:00,10,0,0
2022-07-11,2022,11,7,13:00:00,2,0,0
2022-07-11,2022,11,7,14:00:00,2,0,0
2022-07-11,2022,11,7,15:00:00,4,0,0
2022-07-11,2022,11,7,17:00:00,19,0,0
2022-07-11,2022,11,7,18:00:00,1,0,0
2022-07-11,2022,11,7,20:00:00,5,0,0
2022-07-12,2022,12,7,07:00:00,16,0,0
2022-07-12,2022,12,7,08:00:00,49,0,0
2022-07-12,2022,12,7,09:00:00,86,24,12
2022-07-12,2022,12,7,10:00:00,103,49,21
2022-07-12,2022,12,7,11:00:00,86,97,19
2022-07-12,2022,12,7,12:00:00,76,15,13
2022-07-12,2022,12,7,13:00:00,245,283,8
2022-07-12,2022,12,7,14:00:00,136,200,18
2022-07-12,2022,12,7,15:00:00,225,145,29
2022-07-12,2022,12,7,16:00:00,138,253,12
2022-07-12,2022,12,7,17:00:00,106,201,10
2022-07-12,2022,12,7,18:00:00,0,0,1
2022-07-12,2022,12,7,19:00:00,3,0,0
2022-07-12,2022,12,7,20:00:00,10,0,0
2022-07-12,2022,12,7,21:00:00,8,0,0
2022-07-13,2022,13,7,08:00:00,3,0,0
2022-07-13,2022,13,7,09:00:00,12,8,7
2022-07-13,2022,13,7,10:00:00,122,31,12
2022-07-13,2022,13,7,11:00:00,153,22,9
2022-07-13,2022,13,7,12:00:00,9,46,23
2022-07-13,2022,13,7,13:00:00,233,173,14
2022-07-13,2022,13,7,14:00:00,159,356,19
2022-07-13,2022,13,7,15:00:00,198,292,13
2022-07-13,2022,13,7,16:00:00,189,122,14
2022-07-13,2022,13,7,17:00:00,91,227,16
2022-07-13,2022,13,7,18:00:00,33,22,0
2022-07-13,2022,13,7,19:00:00,6,0,0
2022-07-13,2022,13,7,20:00:00,9,0,0
2022-07-14,2022,14,7,10:00:00,10,0,0
2022-07-14,2022,14,7,11:00:00,6,0,0
2022-07-14,2022,14,7,12:00:00,13,0,0
2022-07-14,2022,14,7,13:00:00,9,0,0
2022-07-14,2022,14,7,14:00:00,11,0,0
2022-07-14,2022,14,7,16:00:00,9,0,0
2022-07-14,2022,14,7,17:00:00,0,0,2
2022-07-14,2022,14,7,18:00:00,10,0,0
2022-07-14,2022,14,7,19:00:00,1,0,0
2022-07-14,2022,14,7,21:00:00,8,0,0
2022-07-14,2022,14,7,22:00:00,10,0,0
2022-07-15,2022,15,7,08:00:00,9,0,2
2022-07-15,2022,15,7,09:00:00,22,13,12
2022-07-15,2022,15,7,10:00:00,110,18,13
2022-07-15,2022,15,7,11:00:00,77,74,14
2022-07-15,2022,15,7,12:00:00,63,36,9
2022-07-15,2022,15,7,13:00:00,121,174,14
2022-07-15,2022,15,7,14:00:00,159,202,23
2022-07-15,2022,15,7,15:00:00,235,295,17
2022-07-15,2022,15,7,16:00:00,131,223,10
2022-07-15,2022,15,7,17:00:00,80,138,7
2022-07-15,2022,15,7,20:00:00,6,0,0
2022-07-16,2022,16,7,08:00:00,3,0,0
2022-07-16,2022,16,7,09:00:00,37,14,4
2022-07-16,2022,16,7,10:00:00,66,40,10
2022-07-16,2022,16,7,11:00:00,91,12,10
2022-07-16,2022,16,7,12:00:00,15,12,19
2022-07-16,2022,16,7,13:00:00,136,77,19
2022-07-16,2022,16,7,14:00:00,125,157,15
2022-07-16,2022,16,7,15:00:00,262,395,8
2022-07-16,2022,16,7,16:00:00,253,343,22
2022-07-16,2022,16,7,17:00:00,163,427,12
2022-07-16,2022,16,7,18:00:00,19,6,0
2022-07-17,2022,17,7,08:00:00,1,0,0
2022-07-17,2022,17,7,09:00:00,2,0,0
2022-07-17,2022,17,7,10:00:00,15,0,0
2022-07-17,2022,17,7,11:00:00,5,0,0
2022-07-17,2022,17,7,12:00:00,1,0,0
2022-07-17,2022,17,7,18:00:00,10,0,0
2022-07-17,2022,17,7,21:00:00,3,0,0
2022-07-18,2022,18,7,08:00:00,2,0,0
2022-07-18,2022,18,7,09:00:00,9,0,0
2022-07-18,2022,18,7,10:00:00,2,0,0
2022-07-18,2022,18,7,11:00:00,7,0,0
2022-07-18,2022,18,7,12:00:00,19,0,0
2022-07-18,2022,18,7,15:00:00,7,0,0
2022-07-18,2022,18,7,17:00:00,3,0,0
2022-07-19,2022,19,7,06:00:00,5,0,0
2022-07-19,2022,19,7,08:00:00,23,0,0
2022-07-19,2022,19,7,09:00:00,75,51,19
2022-07-19,2022,19,7,10:00:00,47,34,17
2022-07-19,2022,19,7,11:00:00,126,19,21
2022-07-19,2022,19,7,12:00:00,29,66,7
2022-07-19,2022,19,7,13:00:00,66,74,13
2022-07-19,2022,19,7,14:00:00,77,141,22
2022-07-19,2022,19,7,15:00:00,88,129,21
2022-07-19,2022,19,7,16:00:00,75,98,11
2022-07-19,2022,19,7,17:00:00,60,130,12
2022-07-20,2022,20,7,08:00:00,5,0,0
2022-07-20,2022,20,7,09:00:00,43,15,9
2022-07-20,2022,20,7,10:00:00,32,17,5
2022-07-20,2022,20,7,11:00:00,129,61,16
2022-07-20,2022,20,7,12:00:00,78,27,20
2022-07-20,2022,20,7,13:00:00,163,165,29
2022-07-20,2022,20,7,14:00:00,178,206,32
2022-07-20,2022,20,7,15:00:00,203,276,23
2022-07-20,2022,20,7,16:00:00,118,192,37
2022-07-20,2022,20,7,17:00:00,143,321,13
2022-07-20,2022,20,7,18:00:00,8,0,0
2022-07-20,2022,20,7,19:00:00,1,0,0
2022-07-21,2022,21,7,06:00:00,1,0,0
2022-07-21,2022,21,7,07:00:00,1,0,0
2022-07-21,2022,21,7,08:00:00,4,0,0
2022-07-21,2022,21,7,09:00:00,57,4,18
2022-07-21,2022,21,7,10:00:00,70,32,16
2022-07-21,2022,21,7,11:00:00,21,11,23
2022-07-21,2022,21,7,12:00:00,32,24,15
2022-07-21,2022,21,7,13:00:00,81,143,10
2022-07-21,2022,21,7,14:00:00,180,117,24
2022-07-21,2022,21,7,15:00:00,106,199,27
2022-07-21,2022,21,7,16:00:00,223,263,20
2022-07-21,2022,21,7,17:00:00,28,220,22
2022-07-21,2022,21,7,18:00:00,17,4,0
2022-07-21,2022,21,7,19:00:00,10,0,0
2022-07-21,2022,21,7,20:00:00,1,0,0
2022-07-22,2022,22,7,00:00:00,1,0,0
2022-07-22,2022,22,7,07:00:00,2,0,0
2022-07-22,2022,22,7,08:00:00,10,0,2
2022-07-22,2022,22,7,09:00:00,28,17,10
2022-07-22,2022,22,7,10:00:00,34,20,13
2022-07-22,2022,22,7,11:00:00,78,21,9
2022-07-22,2022,22,7,12:00:00,64,21,14
2022-07-22,2022,22,7,13:00:00,118,86,14
2022-07-22,2022,22,7,14:00:00,134,190,13
2022-07-22,2022,22,7,15:00:00,73,121,13
2022-07-22,2022,22,7,16:00:00,37,92,11
2022-07-22,2022,22,7,17:00:00,121,224,10
2022-07-22,2022,22,7,18:00:00,34,47,0
2022-07-22,2022,22,7,21:00:00,2,0,0
2022-07-23,2022,23,7,08:00:00,1,0,0
2022-07-23,2022,23,7,09:00:00,10,10,9
2022-07-23,2022,23,7,10:00:00,61,16,11
2022-07-23,2022,23,7,11:00:00,78,38,15
2022-07-23,2022,23,7,12:00:00,32,13,15
2022-07-23,2022,23,7,13:00:00,75,94,17
2022-07-23,2022,23,7,14:00:00,242,253,11
2022-07-23,2022,23,7,15:00:00,247,269,22
2022-07-23,2022,23,7,16:00:00,187,194,16
2022-07-23,2022,23,7,17:00:00,164,317,8
2022-07-23,2022,23,7,18:00:00,1,0,0
2022-07-24,2022,24,7,09:00:00,2,0,0
2022-07-24,2022,24,7,10:00:00,1,0,0
2022-07-24,2022,24,7,11:00:00,8,0,0
2022-07-24,2022,24,7,16:00:00,2,0,0
2022-07-24,2022,24,7,18:00:00,11,0,0
2022-07-24,2022,24,7,21:00:00,15,0,0
2022-07-25,2022,25,7,00:00:00,4,0,0
2022-07-25,2022,25,7,08:00:00,2,0,0
2022-07-25,2022,25,7,09:00:00,11,0,0
2022-07-25,2022,25,7,10:00:00,1,0,0
2022-07-25,2022,25,7,11:00:00,37,0,0
2022-07-25,2022,25,7,12:00:00,5,0,0
2022-07-25,2022,25,7,13:00:00,7,0,0
2022-07-25,2022,25,7,16:00:00,9,0,0
2022-07-25,2022,25,7,17:00:00,1,0,0
2022-07-25,2022,25,7,18:00:00,7,0,0
2022-07-26,2022,26,7,07:00:00,3,0,0
2022-07-26,2022,26,7,08:00:00,7,0,0
2022-07-26,2022,26,7,09:00:00,28,20,11
2022-07-26,2022,26,7,10:00:00,93,74,19
2022-07-26,2022,26,7,11:00:00,66,35,13
2022-07-26,2022,26,7,12:00:00,82,24,15
2022-07-26,2022,26,7,13:00:00,233,239,21
2022-07-26,2022,26,7,14:00:00,241,252,16
2022-07-26,2022,26,7,15:00:00,259,369,12
2022-07-26,2022,26,7,16:00:00,146,277,14
2022-07-26,2022,26,7,17:00:00,153,318,18
2022-07-26,2022,26,7,18:00:00,5,11,0
2022-07-26,2022,26,7,19:00:00,5,0,0
2022-07-27,2022,27,7,08:00:00,4,0,0
2022-07-27,2022,27,7,09:00:00,25,13,10
2022-07-27,2022,27,7,10:00:00,81,49,17
2022-07-27,2022,27,7,11:00:00,42,53,10
2022-07-27,2022,27,7,12:00:00,133,36,18
2022-07-27,2022,27,7,13:00:00,125,164,18
2022-07-27,2022,27,7,14:00:00,204,174,15
2022-07-27,2022,27,7,15:00:00,86,187,13
2022-07-27,2022,27,7,16:00:00,196,158,18
2022-07-27,2022,27,7,17:00:00,101,350,10
2022-07-27,2022,27,7,18:00:00,1,2,0
2022-07-27,2022,27,7,19:00:00,1,0,0
2022-07-28,2022,28,7,09:00:00,23,2,5
2022-07-28,2022,28,7,10:00:00,34,75,7
2022-07-28,2022,28,7,11:00:00,38,14,17
2022-07-28,2022,28,7,12:00:00,53,28,13
2022-07-28,2022,28,7,13:00:00,95,145,7
2022-07-28,2022,28,7,14:00:00,76,48,16
2022-07-28,2022,28,7,15:00:00,129,142,22
2022-07-28,2022,28,7,16:00:00,91,176,21
2022-07-28,2022,28,7,17:00:00,154,185,11
2022-07-28,2022,28,7,18:00:00,2,0,0
2022-07-28,2022,28,7,20:00:00,2,0,0
2022-07-28,2022,28,7,21:00:00,1,0,0
2022-07-29,2022,29,7,08:00:00,2,0,0
2022-07-29,2022,29,7,09:00:00,116,4,10
2022-07-29,2022,29,7,10:00:00,28,31,13
2022-07-29,2022,29,7,11:00:00,42,25,13
2022-07-29,2022,29,7,12:00:00,24,6,9
2022-07-29,2022,29,7,13:00:00,83,66,11
2022-07-29,2022,29,7,14:00:00,105,88,20
2022-07-29,2022,29,7,15:00:00,117,63,15
2022-07-29,2022,29,7,16:00:00,89,138,22
2022-07-29,2022,29,7,17:00:00,140,152,11
2022-07-29,2022,29,7,18:00:00,24,11,0
2022-07-30,2022,30,7,08:00:00,1,0,1
2022-07-30,2022,30,7,09:00:00,61,13,11
2022-07-30,2022,30,7,10:00:00,38,30,8
2022-07-30,2022,30,7,11:00:00,106,73,9
2022-07-30,2022,30,7,12:00:00,19,29,11
2022-07-30,2022,30,7,13:00:00,180,178,11
2022-07-30,2022,30,7,14:00:00,213,204,14
2022-07-30,2022,30,7,15:00:00,139,333,12
2022-07-30,2022,30,7,16:00:00,62,131,9
2022-07-30,2022,30,7,17:00:00,55,171,14
2022-07-30,2022,30,7,18:00:00,13,47,0
2022-07-30,2022,30,7,19:00:00,1,0,0
2022-07-30,2022,30,7,20:00:00,7,0,0
2022-07-31,2022,31,7,10:00:00,2,0,0
2022-07-31,2022,31,7,11:00:00,2,0,0
2022-07-31,2022,31,7,13:00:00,7,0,0
2022-07-31,2022,31,7,14:00:00,7,0,0
2022-07-31,2022,31,7,15:00:00,4,0,0
2022-07-31,2022,31,7,16:00:00,1,0,0
2022-07-31,2022,31,7,17:00:00,10,0,0
2022-07-31,2022,31,7,18:00:00,28,0,0
2022-08-01,2022,1,8,11:00:00,11,0,0
2022-08-01,2022,1,8,12:00:00,5,0,0
2022-08-01,2022,1,8,13:00:00,26,0,0
2022-08-01,2022,1,8,15:00:00,13,0,0
2022-08-01,2022,1,8,16:00:00,5,0,0
2022-08-01,2022,1,8,17:00:00,24,0,0
2022-08-01,2022,1,8,18:00:00,12,0,0
2022-08-01,2022,1,8,21:00:00,2,0,0
2022-08-02,2022,2,8,07:00:00,1,0,0
2022-08-02,2022,2,8,08:00:00,10,0,0
2022-08-02,2022,2,8,09:00:00,26,10,12
2022-08-02,2022,2,8,10:00:00,84,10,16
2022-08-02,2022,2,8,11:00:00,40,18,14
2022-08-02,2022,2,8,12:00:00,103,20,8
2022-08-02,2022,2,8,13:00:00,112,147,20
2022-08-02,2022,2,8,14:00:00,197,166,23
2022-08-02,2022,2,8,15:00:00,208,232,20
2022-08-02,2022,2,8,16:00:00,230,164,13
2022-08-02,2022,2,8,17:00:00,133,241,10
2022-08-02,2022,2,8,18:00:00,13,5,0
2022-08-03,2022,3,8,00:00:00,3,0,0
2022-08-03,2022,3,8,07:00:00,6,0,0
2022-08-03,2022,3,8,08:00:00,3,0,0
2022-08-03,2022,3,8,09:00:00,48,12,12
2022-08-03,2022,3,8,10:00:00,58,29,15
2022-08-03,2022,3,8,11:00:00,48,23,12
2022-08-03,2022,3,8,12:00:00,10,12,10
2022-08-03,2022,3,8,13:00:00,92,98,14
2022-08-03,2022,3,8,14:00:00,142,106,16
2022-08-03,2022,3,8,15:00:00,215,171,17
2022-08-03,2022,3,8,16:00:00,183,142,22
2022-08-03,2022,3,8,17:00:00,139,244,9
2022-08-03,2022,3,8,18:00:00,0,17,0
2022-08-03,2022,3,8,19:00:00,11,0,0
2022-08-04,2022,4,8,00:00:00,1,0,0
2022-08-04,2022,4,8,08:00:00,6,0,0
2022-08-04,2022,4,8,09:00:00,5,0,6
2022-08-04,2022,4,8,10:00:00,59,51,14
2022-08-04,2022,4,8,11:00:00,21,7,9
2022-08-04,2022,4,8,12:00:00,39,5,13
2022-08-04,2022,4,8,13:00:00,146,116,13
2022-08-04,2022,4,8,14:00:00,86,146,11
2022-08-04,2022,4,8,15:00:00,109,79,16
2022-08-04,2022,4,8,16:00:00,92,162,11
2022-08-04,2022,4,8,17:00:00,176,147,7
2022-08-04,2022,4,8,18:00:00,12,23,0
2022-08-05,2022,5,8,08:00:00,2,0,0
2022-08-05,2022,5,8,09:00:00,35,10,10
2022-08-05,2022,5,8,10:00:00,28,6,9
2022-08-05,2022,5,8,11:00:00,38,13,15
2022-08-05,2022,5,8,12:00:00,72,38,12
2022-08-05,2022,5,8,13:00:00,108,147,7
2022-08-05,2022,5,8,14:00:00,173,151,11
2022-08-05,2022,5,8,15:00:00,233,116,17
2022-08-05,2022,5,8,16:00:00,203,228,20
2022-08-05,2022,5,8,17:00:00,84,137,9
2022-08-05,2022,5,8,18:00:00,0,18,0
2022-08-05,2022,5,8,19:00:00,2,0,0
2022-08-05,2022,5,8,20:00:00,13,0,0
2022-08-06,2022,6,8,09:00:00,28,24,9
2022-08-06,2022,6,8,10:00:00,25,15,11
2022-08-06,2022,6,8,11:00:00,79,11,11
2022-08-06,2022,6,8,12:00:00,37,17,7
2022-08-06,2022,6,8,13:00:00,85,74,10
2022-08-06,2022,6,8,14:00:00,149,53,10
2022-08-06,2022,6,8,15:00:00,130,214,16
2022-08-06,2022,6,8,16:00:00,136,163,12
2022-08-06,2022,6,8,17:00:00,76,188,5
2022-08-07,2022,7,8,12:00:00,1,0,0
2022-08-07,2022,7,8,17:00:00,7,0,0
2022-08-08,2022,8,8,07:00:00,5,0,0
2022-08-08,2022,8,8,08:00:00,12,0,0
2022-08-08,2022,8,8,09:00:00,6,0,0
2022-08-08,2022,8,8,11:00:00,1,0,0
2022-08-08,2022,8,8,13:00:00,7,0,0
2022-08-08,2022,8,8,14:00:00,15,0,0
2022-08-08,2022,8,8,15:00:00,4,0,0
2022-08-08,2022,8,8,16:00:00,1,0,0
2022-08-08,2022,8,8,17:00:00,16,0,0
2022-08-08,2022,8,8,18:00:00,10,0,0
2022-08-08,2022,8,8,19:00:00,1,0,0
2022-08-09,2022,9,8,07:00:00,4,0,0
2022-08-09,2022,9,8,08:00:00,18,0,0
2022-08-09,2022,9,8,09:00:00,37,20,7
2022-08-09,2022,9,8,10:00:00,67,27,13
2022-08-09,2022,9,8,11:00:00,53,69,20
2022-08-09,2022,9,8,12:00:00,62,33,22
2022-08-09,2022,9,8,13:00:00,239,165,10
2022-08-09,2022,9,8,14:00:00,97,183,20
2022-08-09,2022,9,8,15:00:00,120,160,20
2022-08-09,2022,9,8,16:00:00,171,239,23
2022-08-09,2022,9,8,17:00:00,108,215,10
2022-08-09,2022,9,8,18:00:00,9,0,0
2022-08-09,2022,9,8,19:00:00,4,0,0
2022-08-10,2022,10,8,08:00:00,8,0,0
2022-08-10,2022,10,8,09:00:00,17,15,8
2022-08-10,2022,10,8,10:00:00,35,7,10
2022-08-10,2022,10,8,11:00:00,47,33,15
2022-08-10,2022,10,8,12:00:00,72,36,19
2022-08-10,2022,10,8,13:00:00,134,110,16
2022-08-10,2022,10,8,14:00:00,39,79,17
2022-08-10,2022,10,8,15:00:00,181,177,15
2022-08-10,2022,10,8,16:00:00,130,199,20
2022-08-10,2022,10,8,17:00:00,114,152,15
2022-08-10,2022,10,8,19:00:00,8,0,0
2022-08-11,2022,11,8,08:00:00,6,0,0
2022-08-11,2022,11,8,09:00:00,16,37,4
2022-08-11,2022,11,8,10:00:00,90,25,11
2022-08-11,2022,11,8,11:00:00,43,18,12
2022-08-11,2022,11,8,12:00:00,25,9,8
2022-08-11,2022,11,8,13:00:00,84,67,8
2022-08-11,2022,11,8,14:00:00,166,133,19
2022-08-11,2022,11,8,15:00:00,152,160,10
2022-08-11,2022,11,8,16:00:00,96,262,12
2022-08-11,2022,11,8,17:00:00,148,253,9
2022-08-11,2022,11,8,18:00:00,0,22,0
2022-08-12,2022,12,8,08:00:00,3,0,0
2022-08-12,2022,12,8,09:00:00,91,74,10
2022-08-12,2022,12,8,10:00:00,40,31,12
2022-08-12,2022,12,8,11:00:00,109,74,13
2022-08-12,2022,12,8,12:00:00,41,25,10
2022-08-12,2022,12,8,13:00:00,106,99,14
2022-08-12,2022,12,8,14:00:00,93,164,13
2022-08-12,2022,12,8,15:00:00,67,171,6
2022-08-12,2022,12,8,16:00:00,93,132,9
2022-08-12,2022,12,8,17:00:00,159,225,13
2022-08-12,2022,12,8,18:00:00,17,3,0
2022-08-13,2022,13,8,07:00:00,2,0,0
2022-08-13,2022,13,8,08:00:00,21,0,0
2022-08-13,2022,13,8,09:00:00,56,63,5
2022-08-13,2022,13,8,10:00:00,44,42,10
2022-08-13,2022,13,8,11:00:00,43,56,6
2022-08-13,2022,13,8,12:00:00,59,38,3
2022-08-13,2022,13,8,13:00:00,154,157,9
2022-08-13,2022,13,8,14:00:00,97,112,11
2022-08-13,2022,13,8,15:00:00,247,275,15
2022-08-13,2022,13,8,16:00:00,80,215,16
2022-08-13,2022,13,8,17:00:00,126,230,14
2022-08-13,2022,13,8,18:00:00,13,0,0
2022-08-14,2022,14,8,08:00:00,3,0,0
2022-08-14,2022,14,8,10:00:00,3,0,0
2022-08-14,2022,14,8,17:00:00,10,0,0
2022-08-14,2022,14,8,18:00:00,1,0,0
2022-08-15,2022,15,8,08:00:00,9,0,0
2022-08-15,2022,15,8,10:00:00,16,0,0
2022-08-15,2022,15,8,11:00:00,1,0,0
2022-08-15,2022,15,8,12:00:00,11,0,0
2022-08-15,2022,15,8,19:00:00,13,0,0
2022-08-16,2022,16,8,07:00:00,2,0,0
2022-08-16,2022,16,8,08:00:00,18,0,0
2022-08-16,2022,16,8,09:00:00,29,12,5
2022-08-16,2022,16,8,10:00:00,114,68,12
2022-08-16,2022,16,8,11:00:00,66,33,15
2022-08-16,2022,16,8,12:00:00,68,51,13
2022-08-16,2022,16,8,13:00:00,206,164,13
2022-08-16,2022,16,8,14:00:00,256,291,21
2022-08-16,2022,16,8,15:00:00,193,307,17
2022-08-16,2022,16,8,16:00:00,105,220,12
2022-08-16,2022,16,8,17:00:00,118,182,7
2022-08-16,2022,16,8,18:00:00,7,3,0
2022-08-17,2022,17,8,08:00:00,13,0,0
2022-08-17,2022,17,8,09:00:00,6,37,6
2022-08-17,2022,17,8,10:00:00,40,69,10
2022-08-17,2022,17,8,11:00:00,93,111,6
2022-08-17,2022,17,8,12:00:00,96,33,8
2022-08-17,2022,17,8,13:00:00,147,119,9
2022-08-17,2022,17,8,14:00:00,121,161,16
2022-08-17,2022,17,8,15:00:00,298,333,19
2022-08-17,2022,17,8,16:00:00,187,300,21
2022-08-17,2022,17,8,17:00:00,155,274,16
2022-08-17,2022,17,8,18:00:00,3,4,0
2022-08-17,2022,17,8,19:00:00,22,0,0
2022-08-17,2022,17,8,20:00:00,4,0,0
2022-08-17,2022,17,8,21:00:00,2,0,0
2022-08-18,2022,18,8,07:00:00,2,0,0
2022-08-18,2022,18,8,08:00:00,11,0,0
2022-08-18,2022,18,8,09:00:00,9,57,7
2022-08-18,2022,18,8,10:00:00,27,37,7
2022-08-18,2022,18,8,11:00:00,43,49,9
2022-08-18,2022,18,8,12:00:00,64,57,7
2022-08-18,2022,18,8,13:00:00,83,153,10
2022-08-18,2022,18,8,14:00:00,93,200,16
2022-08-18,2022,18,8,15:00:00,164,223,14
2022-08-18,2022,18,8,16:00:00,55,75,13
2022-08-18,2022,18,8,17:00:00,83,180,13
2022-08-18,2022,18,8,18:00:00,29,1,0
2022-08-18,2022,18,8,19:00:00,16,0,0
2022-08-19,2022,19,8,09:00:00,34,48,6
2022-08-19,2022,19,8,10:00:00,49,35,9
2022-08-19,2022,19,8,11:00:00,70,80,13
2022-08-19,2022,19,8,12:00:00,61,107,6
2022-08-19,2022,19,8,13:00:00,86,209,6
2022-08-19,2022,19,8,14:00:00,127,161,16
2022-08-19,2022,19,8,15:00:00,187,288,25
2022-08-19,2022,19,8,16:00:00,145,237,17
2022-08-19,2022,19,8,17:00:00,228,344,13
2022-08-19,2022,19,8,18:00:00,16,82,0
2022-08-19,2022,19,8,19:00:00,4,0,0
2022-08-20,2022,20,8,08:00:00,5,0,0
2022-08-20,2022,20,8,09:00:00,31,14,5
2022-08-20,2022,20,8,10:00:00,57,32,12
2022-08-20,2022,20,8,11:00:00,105,216,15
2022-08-20,2022,20,8,12:00:00,100,50,11
2022-08-20,2022,20,8,13:00:00,343,306,15
2022-08-20,2022,20,8,14:00:00,152,308,11
2022-08-20,2022,20,8,15:00:00,267,397,13
2022-08-20,2022,20,8,16:00:00,71,307,11
2022-08-20,2022,20,8,17:00:00,98,139,4
2022-08-20,2022,20,8,18:00:00,19,50,0
2022-08-21,2022,21,8,11:00:00,3,0,0
2022-08-21,2022,21,8,13:00:00,1,0,0
2022-08-21,2022,21,8,15:00:00,1,0,0
2022-08-21,2022,21,8,17:00:00,10,0,0
2022-08-22,2022,22,8,07:00:00,8,0,0
2022-08-22,2022,22,8,08:00:00,20,0,0
2022-08-22,2022,22,8,09:00:00,2,0,0
2022-08-22,2022,22,8,10:00:00,6,0,0
2022-08-22,2022,22,8,11:00:00,1,0,0
2022-08-22,2022,22,8,12:00:00,6,0,0
2022-08-22,2022,22,8,13:00:00,2,0,0
2022-08-22,2022,22,8,15:00:00,10,0,0
2022-08-22,2022,22,8,16:00:00,4,0,0
2022-08-22,2022,22,8,17:00:00,29,0,0
2022-08-23,2022,23,8,08:00:00,36,0,0
2022-08-23,2022,23,8,09:00:00,51,115,13
2022-08-23,2022,23,8,10:00:00,55,185,15
2022-08-23,2022,23,8,11:00:00,52,106,15
2022-08-23,2022,23,8,12:00:00,143,120,12
2022-08-23,2022,23,8,13:00:00,183,235,16
2022-08-23,2022,23,8,14:00:00,301,333,19
2022-08-23,2022,23,8,15:00:00,271,579,22
2022-08-23,2022,23,8,16:00:00,249,294,16
2022-08-23,2022,23,8,17:00:00,153,268,11
2022-08-23,2022,23,8,18:00:00,5,0,0
2022-08-24,2022,24,8,08:00:00,21,0,1
2022-08-24,2022,24,8,09:00:00,47,135,14
2022-08-24,2022,24,8,10:00:00,25,108,9
2022-08-24,2022,24,8,11:00:00,111,174,10
2022-08-24,2022,24,8,12:00:00,18,6,13
2022-08-24,2022,24,8,13:00:00,52,226,3
2022-08-24,2022,24,8,14:00:00,159,374,17
2022-08-24,2022,24,8,15:00:00,133,431,25
2022-08-24,2022,24,8,16:00:00,318,362,15
2022-08-24,2022,24,8,17:00:00,68,199,10
2022-08-24,2022,24,8,18:00:00,12,11,0
2022-08-25,2022,25,8,07:00:00,6,0,0
2022-08-25,2022,25,8,08:00:00,12,0,1
2022-08-25,2022,25,8,09:00:00,29,393,3
2022-08-25,2022,25,8,10:00:00,68,428,13
2022-08-25,2022,25,8,11:00:00,78,239,12
2022-08-25,2022,25,8,12:00:00,55,76,9
2022-08-25,2022,25,8,13:00:00,113,375,11
2022-08-25,2022,25,8,14:00:00,163,368,16
2022-08-25,2022,25,8,15:00:00,173,298,26
2022-08-25,2022,25,8,16:00:00,69,172,20
2022-08-25,2022,25,8,17:00:00,81,161,10
2022-08-25,2022,25,8,18:00:00,1,0,0
2022-08-26,2022,26,8,08:00:00,15,0,0
2022-08-26,2022,26,8,09:00:00,38,334,6
2022-08-26,2022,26,8,10:00:00,127,337,9
2022-08-26,2022,26,8,11:00:00,38,327,13
2022-08-26,2022,26,8,12:00:00,46,22,5
2022-08-26,2022,26,8,13:00:00,175,148,11
2022-08-26,2022,26,8,14:00:00,132,200,10
2022-08-26,2022,26,8,15:00:00,160,132,16
2022-08-26,2022,26,8,16:00:00,123,200,16
2022-08-26,2022,26,8,17:00:00,58,255,7
2022-08-26,2022,26,8,18:00:00,36,0,0
2022-08-26,2022,26,8,19:00:00,1,0,0
2022-08-26,2022,26,8,20:00:00,10,0,0
2022-08-26,2022,26,8,22:00:00,1,0,0
2022-08-27,2022,27,8,08:00:00,7,0,0
2022-08-27,2022,27,8,09:00:00,64,17,4
2022-08-27,2022,27,8,10:00:00,103,41,7
2022-08-27,2022,27,8,11:00:00,157,36,10
2022-08-27,2022,27,8,12:00:00,25,10,9
2022-08-27,2022,27,8,13:00:00,237,139,9
2022-08-27,2022,27,8,14:00:00,201,317,9
2022-08-27,2022,27,8,15:00:00,242,447,14
2022-08-27,2022,27,8,16:00:00,248,395,12
2022-08-27,2022,27,8,17:00:00,138,285,14
2022-08-27,2022,27,8,18:00:00,37,1,0
2022-08-27,2022,27,8,19:00:00,3,0,0
2022-08-28,2022,28,8,10:00:00,8,0,0
2022-08-28,2022,28,8,12:00:00,9,0,0
2022-08-28,2022,28,8,18:00:00,28,0,0
2022-08-28,2022,28,8,21:00:00,1,0,0
2022-08-29,2022,29,8,07:00:00,7,0,0
2022-08-29,2022,29,8,08:00:00,3,0,0
2022-08-29,2022,29,8,10:00:00,2,0,0
2022-08-29,2022,29,8,11:00:00,6,0,0
2022-08-29,2022,29,8,12:00:00,7,0,0
2022-08-29,2022,29,8,13:00:00,11,0,0
2022-08-29,2022,29,8,14:00:00,12,0,0
2022-08-29,2022,29,8,15:00:00,43,0,0
2022-08-29,2022,29,8,17:00:00,37,0,0
2022-08-30,2022,30,8,07:00:00,3,0,0
2022-08-30,2022,30,8,08:00:00,31,0,0
2022-08-30,2022,30,8,09:00:00,90,31,10
2022-08-30,2022,30,8,10:00:00,125,66,16
2022-08-30,2022,30,8,11:00:00,118,35,16
2022-08-30,2022,30,8,12:00:00,85,47,30
2022-08-30,2022,30,8,13:00:00,196,171,14
2022-08-30,2022,30,8,14:00:00,191,207,23
2022-08-30,2022,30,8,15:00:00,280,332,18
2022-08-30,2022,30,8,16:00:00,220,249,17
2022-08-30,2022,30,8,17:00:00,228,275,17
2022-08-30,2022,30,8,18:00:00,21,34,0
2022-08-30,2022,30,8,19:00:00,2,0,0
2022-08-30,2022,30,8,23:00:00,16,0,0
2022-08-31,2022,31,8,08:00:00,8,0,0
2022-08-31,2022,31,8,09:00:00,27,11,8
2022-08-31,2022,31,8,10:00:00,78,137,9
2022-08-31,2022,31,8,11:00:00,96,174,10
2022-08-31,2022,31,8,12:00:00,125,65,14
2022-08-31,2022,31,8,13:00:00,167,189,19
2022-08-31,2022,31,8,14:00:00,228,251,18
2022-08-31,2022,31,8,15:00:00,422,427,26
2022-08-31,2022,31,8,16:00:00,188,312,34
2022-08-31,2022,31,8,17:00:00,67,296,14
2022-08-31,2022,31,8,18:00:00,19,0,0
2022-08-31,2022,31,8,20:00:00,4,0,0
2022-08-31,2022,31,8,21:00:00,2,0,0
2022-09-01,2022,1,9,06:00:00,2,0,0
2022-09-01,2022,1,9,08:00:00,4,0,0
2022-09-01,2022,1,9,09:00:00,41,10,19
2022-09-01,2022,1,9,10:00:00,189,72,9
2022-09-01,2022,1,9,11:00:00,54,47,16
2022-09-01,2022,1,9,12:00:00,43,25,9
2022-09-01,2022,1,9,13:00:00,77,55,16
2022-09-01,2022,1,9,14:00:00,83,83,14
2022-09-01,2022,1,9,15:00:00,122,101,21
2022-09-01,2022,1,9,16:00:00,106,87,13
2022-09-01,2022,1,9,17:00:00,66,149,14
2022-09-01,2022,1,9,18:00:00,1,23,0
2022-09-01,2022,1,9,19:00:00,2,0,0
2022-09-02,2022,2,9,08:00:00,9,0,0
2022-09-02,2022,2,9,09:00:00,59,36,15
2022-09-02,2022,2,9,10:00:00,14,21,11
2022-09-02,2022,2,9,11:00:00,28,112,7
2022-09-02,2022,2,9,12:00:00,45,61,14
2022-09-02,2022,2,9,13:00:00,28,134,8
2022-09-02,2022,2,9,14:00:00,55,105,27
2022-09-02,2022,2,9,15:00:00,77,156,26
2022-09-02,2022,2,9,16:00:00,120,170,10
2022-09-02,2022,2,9,17:00:00,35,74,10
2022-09-03,2022,3,9,08:00:00,28,0,0
2022-09-03,2022,3,9,09:00:00,48,30,5
2022-09-03,2022,3,9,10:00:00,87,134,15
2022-09-03,2022,3,9,11:00:00,107,91,13
2022-09-03,2022,3,9,12:00:00,143,71,9
2022-09-03,2022,3,9,13:00:00,268,277,8
2022-09-03,2022,3,9,14:00:00,168,555,9
2022-09-03,2022,3,9,15:00:00,453,416,16
2022-09-03,2022,3,9,16:00:00,218,364,7
2022-09-03,2022,3,9,17:00:00,188,369,16
2022-09-03,2022,3,9,18:00:00,20,27,0
2022-09-03,2022,3,9,19:00:00,2,0,0
2022-09-04,2022,4,9,09:00:00,20,0,0
2022-09-04,2022,4,9,10:00:00,1,0,0
2022-09-04,2022,4,9,11:00:00,1,0,0
2022-09-04,2022,4,9,13:00:00,13,0,0
2022-09-04,2022,4,9,16:00:00,18,0,0
2022-09-04,2022,4,9,17:00:00,10,0,0
2022-09-05,2022,5,9,07:00:00,8,0,0
2022-09-05,2022,5,9,08:00:00,7,0,0
2022-09-05,2022,5,9,09:00:00,13,0,0
2022-09-05,2022,5,9,10:00:00,1,0,0
2022-09-05,2022,5,9,11:00:00,7,0,0
2022-09-05,2022,5,9,12:00:00,8,0,0
2022-09-05,2022,5,9,13:00:00,1,0,0
2022-09-05,2022,5,9,14:00:00,39,0,0
2022-09-05,2022,5,9,17:00:00,5,0,0
2022-09-05,2022,5,9,18:00:00,5,0,0
2022-09-05,2022,5,9,19:00:00,17,0,0
2022-09-06,2022,6,9,07:00:00,1,0,0
2022-09-06,2022,6,9,08:00:00,13,0,0
2022-09-06,2022,6,9,09:00:00,72,13,10
2022-09-06,2022,6,9,10:00:00,149,123,15
2022-09-06,2022,6,9,11:00:00,74,81,11
2022-09-06,2022,6,9,12:00:00,60,45,17
2022-09-06,2022,6,9,13:00:00,118,130,16
2022-09-06,2022,6,9,14:00:00,208,164,18
2022-09-06,2022,6,9,15:00:00,98,89,19
2022-09-06,2022,6,9,16:00:00,125,121,21
2022-09-06,2022,6,9,17:00:00,82,82,22
2022-09-06,2022,6,9,18:00:00,21,20,9
2022-09-06,2022,6,9,19:00:00,2,0,0
2022-09-07,2022,7,9,07:00:00,5,0,0
2022-09-07,2022,7,9,08:00:00,16,0,0
2022-09-07,2022,7,9,09:00:00,62,12,12
2022-09-07,2022,7,9,10:00:00,102,113,11
2022-09-07,2022,7,9,11:00:00,156,207,13
2022-09-07,2022,7,9,12:00:00,92,146,11
2022-09-07,2022,7,9,13:00:00,150,126,24
2022-09-07,2022,7,9,14:00:00,160,166,33
2022-09-07,2022,7,9,15:00:00,220,293,13
2022-09-07,2022,7,9,16:00:00,139,218,21
2022-09-07,2022,7,9,17:00:00,139,196,15
2022-09-07,2022,7,9,18:00:00,10,104,4
2022-09-08,2022,8,9,07:00:00,3,0,0
2022-09-08,2022,8,9,08:00:00,15,0,0
2022-09-08,2022,8,9,09:00:00,46,1,7
2022-09-08,2022,8,9,10:00:00,34,43,11
2022-09-08,2022,8,9,11:00:00,38,59,8
2022-09-08,2022,8,9,12:00:00,49,42,16
2022-09-08,2022,8,9,13:00:00,65,131,12
2022-09-08,2022,8,9,14:00:00,22,25,13
2022-09-08,2022,8,9,15:00:00,85,257,21
2022-09-08,2022,8,9,16:00:00,59,259,12
2022-09-08,2022,8,9,17:00:00,66,157,20
2022-09-08,2022,8,9,18:00:00,26,43,4
2022-09-09,2022,9,9,09:00:00,40,6,11
2022-09-09,2022,9,9,10:00:00,71,164,6
2022-09-09,2022,9,9,11:00:00,36,94,15
2022-09-09,2022,9,9,12:00:00,53,72,14
2022-09-09,2022,9,9,13:00:00,64,62,12
2022-09-09,2022,9,9,14:00:00,30,44,17
2022-09-09,2022,9,9,15:00:00,145,95,15
2022-09-09,2022,9,9,16:00:00,52,132,22
2022-09-09,2022,9,9,17:00:00,143,162,13
2022-09-09,2022,9,9,18:00:00,66,113,11
2022-09-09,2022,9,9,19:00:00,8,0,0
2022-09-10,2022,10,9,07:00:00,1,0,0
2022-09-10,2022,10,9,08:00:00,17,0,0
2022-09-10,2022,10,9,09:00:00,22,97,10
2022-09-10,2022,10,9,10:00:00,162,387,15
2022-09-10,2022,10,9,11:00:00,270,470,13
2022-09-10,2022,10,9,12:00:00,56,152,17
2022-09-10,2022,10,9,13:00:00,139,69,25
2022-09-10,2022,10,9,14:00:00,164,216,24
2022-09-10,2022,10,9,15:00:00,401,316,36
2022-09-10,2022,10,9,16:00:00,171,299,26
2022-09-10,2022,10,9,17:00:00,164,205,25
2022-09-10,2022,10,9,18:00:00,72,188,8
2022-09-11,2022,11,9,08:00:00,1,0,0
2022-09-11,2022,11,9,10:00:00,7,0,0
2022-09-11,2022,11,9,11:00:00,7,0,0
2022-09-11,2022,11,9,12:00:00,1,1,0
2022-09-11,2022,11,9,13:00:00,24,0,0
2022-09-11,2022,11,9,14:00:00,96,113,9
2022-09-11,2022,11,9,15:00:00,133,148,7
2022-09-11,2022,11,9,16:00:00,89,173,11
2022-09-11,2022,11,9,17:00:00,34,122,6
2022-09-11,2022,11,9,18:00:00,0,1,0
2022-09-11,2022,11,9,20:00:00,2,0,0
2022-09-12,2022,12,9,08:00:00,3,0,0
2022-09-12,2022,12,9,09:00:00,4,0,0
2022-09-12,2022,12,9,11:00:00,1,0,0
2022-09-12,2022,12,9,12:00:00,1,0,0
2022-09-12,2022,12,9,13:00:00,6,0,0
2022-09-12,2022,12,9,14:00:00,12,0,0
2022-09-12,2022,12,9,15:00:00,12,0,0
2022-09-12,2022,12,9,16:00:00,9,0,0
2022-09-12,2022,12,9,18:00:00,5,0,0
2022-09-12,2022,12,9,19:00:00,14,0,0
2022-09-13,2022,13,9,08:00:00,16,0,0
2022-09-13,2022,13,9,09:00:00,130,13,15
2022-09-13,2022,13,9,10:00:00,102,94,11
2022-09-13,2022,13,9,11:00:00,27,71,19
2022-09-13,2022,13,9,12:00:00,78,71,18
2022-09-13,2022,13,9,13:00:00,106,86,17
2022-09-13,2022,13,9,14:00:00,73,57,26
2022-09-13,2022,13,9,15:00:00,103,110,18
2022-09-13,2022,13,9,16:00:00,104,241,20
2022-09-13,2022,13,9,17:00:00,84,103,14
2022-09-13,2022,13,9,18:00:00,55,73,11
2022-09-13,2022,13,9,20:00:00,1,0,0
2022-09-13,2022,13,9,21:00:00,9,0,0
2022-09-13,2022,13,9,23:00:00,2,0,0
2022-09-14,2022,14,9,08:00:00,21,0,0
2022-09-14,2022,14,9,09:00:00,59,3,12
2022-09-14,2022,14,9,10:00:00,108,139,14
2022-09-14,2022,14,9,11:00:00,130,194,12
2022-09-14,2022,14,9,12:00:00,113,133,20
2022-09-14,2022,14,9,13:00:00,122,111,31
2022-09-14,2022,14,9,14:00:00,185,131,38
2022-09-14,2022,14,9,15:00:00,242,366,36
2022-09-14,2022,14,9,16:00:00,158,265,27
2022-09-14,2022,14,9,17:00:00,58,233,20
2022-09-14,2022,14,9,18:00:00,61,144,11
2022-09-14,2022,14,9,19:00:00,6,0,0
2022-09-14,2022,14,9,20:00:00,10,0,0
2022-09-15,2022,15,9,08:00:00,5,0,0
2022-09-15,2022,15,9,09:00:00,32,33,10
2022-09-15,2022,15,9,10:00:00,43,25,12
2022-09-15,2022,15,9,11:00:00,27,38,8
2022-09-15,2022,15,9,12:00:00,63,84,10
2022-09-15,2022,15,9,13:00:00,47,124,15
2022-09-15,2022,15,9,14:00:00,42,45,19
2022-09-15,2022,15,9,15:00:00,47,48,26
2022-09-15,2022,15,9,16:00:00,64,101,15
2022-09-15,2022,15,9,17:00:00,55,77,9
2022-09-15,2022,15,9,18:00:00,24,82,11
2022-09-16,2022,16,9,06:00:00,3,0,0
2022-09-16,2022,16,9,07:00:00,1,0,0
2022-09-16,2022,16,9,08:00:00,17,0,0
2022-09-16,2022,16,9,09:00:00,30,5,10
2022-09-16,2022,16,9,10:00:00,58,41,12
2022-09-16,2022,16,9,11:00:00,28,122,15
2022-09-16,2022,16,9,12:00:00,52,101,12
2022-09-16,2022,16,9,13:00:00,63,98,5
2022-09-16,2022,16,9,14:00:00,24,35,18
2022-09-16,2022,16,9,15:00:00,44,31,20
2022-09-16,2022,16,9,16:00:00,96,77,16
2022-09-16,2022,16,9,17:00:00,106,72,19
2022-09-16,2022,16,9,18:00:00,56,127,9
2022-09-17,2022,17,9,09:00:00,21,5,6
2022-09-17,2022,17,9,10:00:00,168,112,23
2022-09-17,2022,17,9,11:00:00,136,158,17
2022-09-17,2022,17,9,12:00:00,127,155,15
2022-09-17,2022,17,9,13:00:00,170,135,14
2022-09-17,2022,17,9,14:00:00,348,332,21
2022-09-17,2022,17,9,15:00:00,333,360,23
2022-09-17,2022,17,9,16:00:00,126,237,20
2022-09-17,2022,17,9,17:00:00,127,321,22
2022-09-17,2022,17,9,18:00:00,93,157,21
2022-09-17,2022,17,9,19:00:00,5,0,0
2022-09-18,2022,18,9,09:00:00,1,0,0
2022-09-18,2022,18,9,10:00:00,9,0,0
2022-09-18,2022,18,9,11:00:00,1,0,0
2022-09-18,2022,18,9,13:00:00,17,0,0
2022-09-18,2022,18,9,14:00:00,182,83,18
2022-09-18,2022,18,9,15:00:00,89,210,16
2022-09-18,2022,18,9,16:00:00,273,137,16
2022-09-18,2022,18,9,17:00:00,51,209,15
2022-09-18,2022,18,9,18:00:00,5,42,0
2022-09-19,2022,19,9,01:00:00,1,0,0
2022-09-19,2022,19,9,06:00:00,6,0,0
2022-09-19,2022,19,9,07:00:00,1,0,0
2022-09-19,2022,19,9,08:00:00,3,0,0
2022-09-19,2022,19,9,10:00:00,5,0,0
2022-09-19,2022,19,9,12:00:00,1,0,0
2022-09-19,2022,19,9,14:00:00,2,0,0
2022-09-19,2022,19,9,15:00:00,2,0,0
2022-09-19,2022,19,9,16:00:00,3,0,0
2022-09-19,2022,19,9,17:00:00,7,0,0
2022-09-19,2022,19,9,18:00:00,2,0,0
2022-09-20,2022,20,9,07:00:00,5,0,0
2022-09-20,2022,20,9,08:00:00,3,0,0
2022-09-20,2022,20,9,09:00:00,59,9,14
2022-09-20,2022,20,9,10:00:00,65,102,17
2022-09-20,2022,20,9,11:00:00,55,133,15
2022-09-20,2022,20,9,12:00:00,102,108,8
2022-09-20,2022,20,9,13:00:00,65,65,11
2022-09-20,2022,20,9,14:00:00,122,96,20
2022-09-20,2022,20,9,15:00:00,129,82,18
2022-09-20,2022,20,9,16:00:00,73,250,17
2022-09-20,2022,20,9,17:00:00,57,168,23
2022-09-20,2022,20,9,18:00:00,37,50,12
2022-09-20,2022,20,9,19:00:00,1,0,0
2022-09-21,2022,21,9,08:00:00,15,0,0
2022-09-21,2022,21,9,09:00:00,61,50,7
2022-09-21,2022,21,9,10:00:00,147,125,14
2022-09-21,2022,21,9,11:00:00,176,258,26
2022-09-21,2022,21,9,12:00:00,114,145,28
2022-09-21,2022,21,9,13:00:00,158,143,23
2022-09-21,2022,21,9,14:00:00,72,154,37
2022-09-21,2022,21,9,15:00:00,232,213,20
2022-09-21,2022,21,9,16:00:00,227,298,38
2022-09-21,2022,21,9,17:00:00,128,174,18
2022-09-21,2022,21,9,18:00:00,59,127,8
2022-09-21,2022,21,9,20:00:00,7,0,0
2022-09-22,2022,22,9,08:00:00,18,0,0
2022-09-22,2022,22,9,09:00:00,20,14,10
2022-09-22,2022,22,9,10:00:00,28,16,9
2022-09-22,2022,22,9,11:00:00,88,13,8
2022-09-22,2022,22,9,12:00:00,91,172,23
2022-09-22,2022,22,9,13:00:00,75,70,21
2022-09-22,2022,22,9,14:00:00,69,258,21
2022-09-22,2022,22,9,15:00:00,61,155,18
2022-09-22,2022,22,9,16:00:00,101,262,25
2022-09-22,2022,22,9,17:00:00,53,161,27
2022-09-22,2022,22,9,18:00:00,31,45,12
2022-09-23,2022,23,9,08:00:00,8,0,0
2022-09-23,2022,23,9,09:00:00,20,10,11
2022-09-23,2022,23,9,10:00:00,46,43,14
2022-09-23,2022,23,9,11:00:00,56,217,15
2022-09-23,2022,23,9,12:00:00,36,61,17
2022-09-23,2022,23,9,13:00:00,50,58,5
2022-09-23,2022,23,9,14:00:00,46,39,19
2022-09-23,2022,23,9,15:00:00,25,58,19
2022-09-23,2022,23,9,16:00:00,66,86,21
2022-09-23,2022,23,9,17:00:00,47,71,16
2022-09-23,2022,23,9,18:00:00,33,21,4
2022-09-24,2022,24,9,07:00:00,3,0,0
2022-09-24,2022,24,9,08:00:00,2,0,0
2022-09-24,2022,24,9,09:00:00,141,16,3
2022-09-24,2022,24,9,10:00:00,202,193,15
2022-09-24,2022,24,9,11:00:00,224,402,11
2022-09-24,2022,24,9,12:00:00,162,171,9
2022-09-24,2022,24,9,13:00:00,215,99,12
2022-09-24,2022,24,9,14:00:00,226,274,19
2022-09-24,2022,24,9,15:00:00,333,287,30
2022-09-24,2022,24,9,16:00:00,198,257,24
2022-09-24,2022,24,9,17:00:00,133,231,16
2022-09-24,2022,24,9,18:00:00,63,187,11
2022-09-24,2022,24,9,19:00:00,3,4,0
2022-09-25,2022,25,9,11:00:00,31,0,0
2022-09-25,2022,25,9,13:00:00,27,1,0
2022-09-25,2022,25,9,14:00:00,218,138,7
2022-09-25,2022,25,9,15:00:00,161,241,20
2022-09-25,2022,25,9,16:00:00,159,157,27
2022-09-25,2022,25,9,17:00:00,114,224,10
2022-09-26,2022,26,9,07:00:00,2,0,0
2022-09-26,2022,26,9,09:00:00,1,0,0
2022-09-26,2022,26,9,12:00:00,1,0,0
2022-09-26,2022,26,9,15:00:00,1,0,0
2022-09-26,2022,26,9,16:00:00,7,0,0
2022-09-26,2022,26,9,17:00:00,1,0,0
2022-09-27,2022,27,9,07:00:00,2,0,0
2022-09-27,2022,27,9,08:00:00,1,0,0
2022-09-27,2022,27,9,09:00:00,45,0,23
2022-09-27,2022,27,9,10:00:00,60,0,18
2022-09-27,2022,27,9,11:00:00,32,0,16
2022-09-27,2022,27,9,12:00:00,37,0,16
2022-09-27,2022,27,9,13:00:00,66,0,13
2022-09-27,2022,27,9,14:00:00,83,0,21
2022-09-27,2022,27,9,15:00:00,80,0,24
2022-09-27,2022,27,9,16:00:00,134,0,26
2022-09-27,2022,27,9,17:00:00,61,0,17
2022-09-27,2022,27,9,18:00:00,32,0,16
2022-09-28,2022,28,9,08:00:00,2,0,0
2022-09-28,2022,28,9,09:00:00,30,8,3
2022-09-28,2022,28,9,10:00:00,164,243,18
2022-09-28,2022,28,9,11:00:00,90,329,20
2022-09-28,2022,28,9,12:00:00,122,81,20
2022-09-28,2022,28,9,13:00:00,207,265,23
2022-09-28,2022,28,9,14:00:00,332,331,40
2022-09-28,2022,28,9,15:00:00,218,252,30
2022-09-28,2022,28,9,16:00:00,182,265,30
2022-09-28,2022,28,9,17:00:00,102,385,17
2022-09-28,2022,28,9,18:00:00,68,78,14
2022-09-28,2022,28,9,19:00:00,33,0,0
2022-09-29,2022,29,9,08:00:00,8,0,0
2022-09-29,2022,29,9,09:00:00,33,10,8
2022-09-29,2022,29,9,10:00:00,25,43,9
2022-09-29,2022,29,9,11:00:00,47,168,12
2022-09-29,2022,29,9,12:00:00,81,94,14
2022-09-29,2022,29,9,13:00:00,101,78,10
2022-09-29,2022,29,9,14:00:00,84,66,18
2022-09-29,2022,29,9,15:00:00,69,148,13
2022-09-29,2022,29,9,16:00:00,61,81,24
2022-09-29,2022,29,9,17:00:00,48,126,17
2022-09-29,2022,29,9,18:00:00,17,55,8
2022-09-29,2022,29,9,19:00:00,15,0,0
2022-09-30,2022,30,9,07:00:00,5,0,0
2022-09-30,2022,30,9,08:00:00,4,0,0
2022-09-30,2022,30,9,09:00:00,11,8,10
2022-09-30,2022,30,9,10:00:00,75,50,12
2022-09-30,2022,30,9,11:00:00,46,62,11
2022-09-30,2022,30,9,12:00:00,69,36,21
2022-09-30,2022,30,9,13:00:00,50,94,8
2022-09-30,2022,30,9,14:00:00,68,67,12
2022-09-30,2022,30,9,15:00:00,70,66,22
2022-09-30,2022,30,9,16:00:00,76,88,17
2022-09-30,2022,30,9,17:00:00,77,68,13
2022-09-30,2022,30,9,18:00:00,23,111,11
2022-10-01,2022,1,10,08:00:00,3,0,0
2022-10-01,2022,1,10,09:00:00,56,17,26
2022-10-01,2022,1,10,10:00:00,208,96,11
2022-10-01,2022,1,10,11:00:00,209,285,20
2022-10-01,2022,1,10,12:00:00,75,228,22
2022-10-01,2022,1,10,13:00:00,118,170,14
2022-10-01,2022,1,10,14:00:00,225,262,33
2022-10-01,2022,1,10,15:00:00,272,232,30
2022-10-01,2022,1,10,16:00:00,144,239,19
2022-10-01,2022,1,10,17:00:00,255,454,28
2022-10-01,2022,1,10,18:00:00,41,108,7
2022-10-01,2022,1,10,19:00:00,6,5,0
2022-10-01,2022,1,10,23:00:00,1,0,0
2022-10-02,2022,2,10,07:00:00,3,0,0
2022-10-02,2022,2,10,12:00:00,19,0,0
2022-10-02,2022,2,10,13:00:00,10,1,0
2022-10-02,2022,2,10,14:00:00,147,116,7
2022-10-02,2022,2,10,15:00:00,154,168,22
2022-10-02,2022,2,10,16:00:00,136,324,14
2022-10-02,2022,2,10,17:00:00,118,349,3
2022-10-02,2022,2,10,18:00:00,5,5,0
2022-10-02,2022,2,10,20:00:00,1,0,0
2022-10-03,2022,3,10,06:00:00,7,0,0
2022-10-03,2022,3,10,07:00:00,11,0,0
2022-10-03,2022,3,10,08:00:00,16,0,0
2022-10-03,2022,3,10,09:00:00,1,0,0
2022-10-03,2022,3,10,11:00:00,12,0,0
2022-10-03,2022,3,10,12:00:00,6,0,0
2022-10-03,2022,3,10,13:00:00,11,0,0
2022-10-03,2022,3,10,14:00:00,4,0,0
2022-10-03,2022,3,10,15:00:00,10,0,0
2022-10-03,2022,3,10,17:00:00,15,0,0
2022-10-03,2022,3,10,18:00:00,10,0,0
2022-10-03,2022,3,10,19:00:00,1,0,0
2022-10-04,2022,4,10,08:00:00,5,0,0
2022-10-04,2022,4,10,09:00:00,81,10,15
2022-10-04,2022,4,10,10:00:00,107,70,25
2022-10-04,2022,4,10,11:00:00,60,89,21
2022-10-04,2022,4,10,12:00:00,115,139,14
2022-10-04,2022,4,10,13:00:00,76,38,17
2022-10-04,2022,4,10,14:00:00,94,99,27
2022-10-04,2022,4,10,15:00:00,97,73,20
2022-10-04,2022,4,10,16:00:00,61,141,28
2022-10-04,2022,4,10,17:00:00,73,127,19
2022-10-04,2022,4,10,18:00:00,45,51,9
2022-10-04,2022,4,10,19:00:00,4,3,0
2022-10-05,2022,5,10,08:00:00,17,0,0
2022-10-05,2022,5,10,09:00:00,72,32,11
2022-10-05,2022,5,10,10:00:00,123,65,21
2022-10-05,2022,5,10,11:00:00,83,83,17
2022-10-05,2022,5,10,12:00:00,69,121,19
2022-10-05,2022,5,10,13:00:00,161,92,14
2022-10-05,2022,5,10,14:00:00,103,157,32
2022-10-05,2022,5,10,15:00:00,264,301,30
2022-10-05,2022,5,10,16:00:00,171,170,28
2022-10-05,2022,5,10,17:00:00,177,379,27
2022-10-05,2022,5,10,18:00:00,98,130,6
2022-10-05,2022,5,10,19:00:00,4,3,0
2022-10-06,2022,6,10,07:00:00,2,0,0
2022-10-06,2022,6,10,08:00:00,6,0,0
2022-10-06,2022,6,10,09:00:00,50,2,7
2022-10-06,2022,6,10,10:00:00,43,25,14
2022-10-06,2022,6,10,11:00:00,112,102,7
2022-10-06,2022,6,10,12:00:00,23,23,13
2022-10-06,2022,6,10,13:00:00,47,70,17
2022-10-06,2022,6,10,14:00:00,45,42,18
2022-10-06,2022,6,10,15:00:00,26,138,19
2022-10-06,2022,6,10,16:00:00,73,44,12
2022-10-06,2022,6,10,17:00:00,59,125,0
2022-10-06,2022,6,10,18:00:00,34,95,0
2022-10-07,2022,7,10,08:00:00,20,0,0
2022-10-07,2022,7,10,09:00:00,22,25,0
2022-10-07,2022,7,10,10:00:00,21,81,0
2022-10-07,2022,7,10,11:00:00,95,101,0
2022-10-07,2022,7,10,12:00:00,42,49,0
2022-10-07,2022,7,10,13:00:00,94,77,1
2022-10-07,2022,7,10,14:00:00,53,80,17
2022-10-07,2022,7,10,15:00:00,66,87,19
2022-10-07,2022,7,10,16:00:00,100,128,24
2022-10-07,2022,7,10,17:00:00,90,125,25
2022-10-07,2022,7,10,18:00:00,46,60,6
2022-10-07,2022,7,10,19:00:00,4,0,0
2022-10-07,2022,7,10,20:00:00,2,0,0
2022-10-08,2022,8,10,08:00:00,2,0,0
2022-10-08,2022,8,10,09:00:00,22,11,10
2022-10-08,2022,8,10,10:00:00,221,135,8
2022-10-08,2022,8,10,11:00:00,365,448,21
2022-10-08,2022,8,10,12:00:00,52,133,18
2022-10-08,2022,8,10,13:00:00,148,84,15
2022-10-08,2022,8,10,14:00:00,236,247,19
2022-10-08,2022,8,10,15:00:00,308,303,31
2022-10-08,2022,8,10,16:00:00,245,264,30
2022-10-08,2022,8,10,17:00:00,124,238,21
2022-10-08,2022,8,10,18:00:00,65,156,11
2022-10-08,2022,8,10,19:00:00,4,0,0
2022-10-09,2022,9,10,09:00:00,7,0,0
2022-10-09,2022,9,10,11:00:00,9,0,0
2022-10-09,2022,9,10,13:00:00,4,0,0
2022-10-09,2022,9,10,14:00:00,176,138,21
2022-10-09,2022,9,10,15:00:00,198,273,17
2022-10-09,2022,9,10,16:00:00,149,191,14
2022-10-09,2022,9,10,17:00:00,133,225,7
2022-10-10,2022,10,10,08:00:00,1,0,0
2022-10-10,2022,10,10,09:00:00,12,0,0
2022-10-10,2022,10,10,10:00:00,2,0,0
2022-10-10,2022,10,10,14:00:00,12,0,0
2022-10-10,2022,10,10,15:00:00,4,0,0
2022-10-10,2022,10,10,16:00:00,3,0,0
2022-10-10,2022,10,10,17:00:00,8,0,0
2022-10-10,2022,10,10,18:00:00,4,0,0
2022-10-11,2022,11,10,07:00:00,10,0,0
2022-10-11,2022,11,10,08:00:00,7,0,0
2022-10-11,2022,11,10,09:00:00,89,15,16
2022-10-11,2022,11,10,10:00:00,46,63,23
2022-10-11,2022,11,10,11:00:00,69,143,15
2022-10-11,2022,11,10,12:00:00,70,99,20
2022-10-11,2022,11,10,13:00:00,53,55,19
2022-10-11,2022,11,10,14:00:00,81,65,19
2022-10-11,2022,11,10,15:00:00,86,113,30
2022-10-11,2022,11,10,16:00:00,97,101,19
2022-10-11,2022,11,10,17:00:00,83,161,20
2022-10-11,2022,11,10,18:00:00,57,103,6
2022-10-11,2022,11,10,19:00:00,13,0,0
2022-10-12,2022,12,10,06:00:00,3,0,0
2022-10-12,2022,12,10,07:00:00,4,0,0
2022-10-12,2022,12,10,08:00:00,10,0,0
2022-10-12,2022,12,10,09:00:00,50,115,12
2022-10-12,2022,12,10,10:00:00,139,118,10
2022-10-12,2022,12,10,11:00:00,92,209,10
2022-10-12,2022,12,10,12:00:00,68,134,19
2022-10-12,2022,12,10,13:00:00,85,68,20
2022-10-12,2022,12,10,14:00:00,288,214,44
2022-10-12,2022,12,10,15:00:00,177,233,38
2022-10-12,2022,12,10,16:00:00,223,254,24
2022-10-12,2022,12,10,17:00:00,201,347,40
2022-10-12,2022,12,10,18:00:00,49,119,16
2022-10-12,2022,12,10,19:00:00,1,0,0
2022-10-12,2022,12,10,20:00:00,9,0,0
2022-10-13,2022,13,10,08:00:00,18,0,0
2022-10-13,2022,13,10,09:00:00,54,61,13
2022-10-13,2022,13,10,10:00:00,29,57,13
2022-10-13,2022,13,10,11:00:00,65,49,7
2022-10-13,2022,13,10,12:00:00,100,50,12
2022-10-13,2022,13,10,13:00:00,31,40,7
2022-10-13,2022,13,10,14:00:00,80,97,10
2022-10-13,2022,13,10,15:00:00,78,46,19
2022-10-13,2022,13,10,16:00:00,33,77,15
2022-10-13,2022,13,10,17:00:00,70,111,20
2022-10-13,2022,13,10,18:00:00,47,81,10
2022-10-13,2022,13,10,20:00:00,1,0,0
2022-10-14,2022,14,10,07:00:00,1,0,0
2022-10-14,2022,14,10,08:00:00,10,0,0
2022-10-14,2022,14,10,09:00:00,45,11,11
2022-10-14,2022,14,10,10:00:00,63,100,14
2022-10-14,2022,14,10,11:00:00,33,83,14
2022-10-14,2022,14,10,12:00:00,70,57,11
2022-10-14,2022,14,10,13:00:00,123,72,11
2022-10-14,2022,14,10,14:00:00,77,67,12
2022-10-14,2022,14,10,15:00:00,75,78,22
2022-10-14,2022,14,10,16:00:00,77,114,23
2022-10-14,2022,14,10,17:00:00,113,87,24
2022-10-14,2022,14,10,18:00:00,35,139,7
2022-10-15,2022,15,10,08:00:00,31,0,0
2022-10-15,2022,15,10,09:00:00,23,22,9
2022-10-15,2022,15,10,10:00:00,265,195,13
2022-10-15,2022,15,10,11:00:00,358,322,15
2022-10-15,2022,15,10,12:00:00,138,221,21
2022-10-15,2022,15,10,13:00:00,128,193,14
2022-10-15,2022,15,10,14:00:00,225,204,16
2022-10-15,2022,15,10,15:00:00,275,263,30
2022-10-15,2022,15,10,16:00:00,308,375,39
2022-10-15,2022,15,10,17:00:00,236,369,29
2022-10-15,2022,15,10,18:00:00,117,271,12
2022-10-15,2022,15,10,19:00:00,2,37,1
2022-10-15,2022,15,10,20:00:00,4,0,0
2022-10-15,2022,15,10,21:00:00,1,0,0
2022-10-16,2022,16,10,10:00:00,14,0,0
2022-10-16,2022,16,10,11:00:00,4,0,0
2022-10-16,2022,16,10,13:00:00,5,0,0
2022-10-16,2022,16,10,14:00:00,160,116,11
2022-10-16,2022,16,10,15:00:00,187,161,10
2022-10-16,2022,16,10,16:00:00,163,216,15
2022-10-16,2022,16,10,17:00:00,66,182,14
2022-10-16,2022,16,10,18:00:00,19,14,0
2022-10-18,2022,18,10,08:00:00,1,0,0
2022-10-18,2022,18,10,09:00:00,76,21,24
2022-10-18,2022,18,10,10:00:00,111,95,17
2022-10-18,2022,18,10,11:00:00,114,86,14
2022-10-18,2022,18,10,12:00:00,196,170,20
2022-10-18,2022,18,10,13:00:00,160,99,14
2022-10-18,2022,18,10,14:00:00,275,168,21
2022-10-18,2022,18,10,15:00:00,154,262,16
2022-10-18,2022,18,10,16:00:00,285,258,14
2022-10-18,2022,18,10,17:00:00,174,162,19
2022-10-18,2022,18,10,18:00:00,52,16,8
2022-10-18,2022,18,10,19:00:00,1,0,0
2022-10-19,2022,19,10,06:00:00,8,0,0
2022-10-19,2022,19,10,07:00:00,1,0,0
2022-10-19,2022,19,10,08:00:00,12,0,1
2022-10-19,2022,19,10,09:00:00,197,112,11
2022-10-19,2022,19,10,10:00:00,337,253,18
2022-10-19,2022,19,10,11:00:00,262,282,13
2022-10-19,2022,19,10,12:00:00,71,142,17
2022-10-19,2022,19,10,13:00:00,223,178,24
2022-10-19,2022,19,10,14:00:00,148,160,41
2022-10-19,2022,19,10,15:00:00,232,190,41
2022-10-19,2022,19,10,16:00:00,264,315,23
2022-10-19,2022,19,10,17:00:00,230,273,24
2022-10-19,2022,19,10,18:00:00,79,162,8
2022-10-19,2022,19,10,19:00:00,1,0,0
2022-10-20,2022,20,10,07:00:00,1,0,0
2022-10-20,2022,20,10,08:00:00,4,0,0
2022-10-20,2022,20,10,09:00:00,20,16,13
2022-10-20,2022,20,10,10:00:00,73,109,11
2022-10-20,2022,20,10,11:00:00,210,113,14
2022-10-20,2022,20,10,12:00:00,288,241,16
2022-10-20,2022,20,10,13:00:00,75,109,13
2022-10-20,2022,20,10,14:00:00,230,138,20
2022-10-20,2022,20,10,15:00:00,154,142,9
2022-10-20,2022,20,10,16:00:00,297,177,21
2022-10-20,2022,20,10,17:00:00,86,144,8
2022-10-20,2022,20,10,18:00:00,54,30,6
2022-10-21,2022,21,10,08:00:00,14,0,0
2022-10-21,2022,21,10,09:00:00,32,58,6
2022-10-21,2022,21,10,10:00:00,113,216,24
2022-10-21,2022,21,10,11:00:00,98,66,13
2022-10-21,2022,21,10,12:00:00,166,232,9
2022-10-21,2022,21,10,13:00:00,122,76,9
2022-10-21,2022,21,10,14:00:00,115,113,10
2022-10-21,2022,21,10,15:00:00,94,185,19
2022-10-21,2022,21,10,16:00:00,318,216,15
2022-10-21,2022,21,10,17:00:00,254,226,18
2022-10-21,2022,21,10,18:00:00,20,56,12
2022-10-21,2022,21,10,19:00:00,1,0,0
2022-10-22,2022,22,10,07:00:00,1,0,0
2022-10-22,2022,22,10,08:00:00,12,0,0
2022-10-22,2022,22,10,09:00:00,68,8,4
2022-10-22,2022,22,10,10:00:00,521,273,10
2022-10-22,2022,22,10,11:00:00,521,633,23
2022-10-22,2022,22,10,12:00:00,176,307,19
2022-10-22,2022,22,10,13:00:00,139,132,16
2022-10-22,2022,22,10,14:00:00,446,353,17
2022-10-22,2022,22,10,15:00:00,343,386,26
2022-10-22,2022,22,10,16:00:00,231,335,26
2022-10-22,2022,22,10,17:00:00,253,237,15
2022-10-22,2022,22,10,18:00:00,5,141,5
2022-10-23,2022,23,10,06:00:00,8,0,0
2022-10-23,2022,23,10,09:00:00,5,0,0
2022-10-23,2022,23,10,11:00:00,18,0,0
2022-10-23,2022,23,10,12:00:00,15,0,0
2022-10-23,2022,23,10,13:00:00,55,0,0
2022-10-23,2022,23,10,14:00:00,16,0,0
2022-10-23,2022,23,10,15:00:00,63,0,0
2022-10-23,2022,23,10,16:00:00,9,0,0
2022-10-23,2022,23,10,17:00:00,16,0,0
2022-10-23,2022,23,10,21:00:00,5,0,0
2022-10-24,2022,24,10,07:00:00,3,0,0
2022-10-24,2022,24,10,08:00:00,5,0,0
2022-10-24,2022,24,10,11:00:00,8,0,0
2022-10-24,2022,24,10,12:00:00,22,0,0
2022-10-24,2022,24,10,13:00:00,3,0,0
2022-10-24,2022,24,10,15:00:00,16,0,0
2022-10-25,2022,25,10,08:00:00,2,0,0
2022-10-25,2022,25,10,09:00:00,127,21,11
2022-10-25,2022,25,10,10:00:00,112,108,16
2022-10-25,2022,25,10,11:00:00,246,247,14
2022-10-25,2022,25,10,12:00:00,140,179,19
2022-10-25,2022,25,10,13:00:00,133,118,25
2022-10-25,2022,25,10,14:00:00,320,348,18
2022-10-25,2022,25,10,15:00:00,253,290,32
2022-10-25,2022,25,10,16:00:00,267,355,32
2022-10-25,2022,25,10,17:00:00,179,336,13
2022-10-25,2022,25,10,18:00:00,12,0,0
2022-10-25,2022,25,10,19:00:00,1,0,0
2022-10-26,2022,26,10,06:00:00,10,0,0
2022-10-26,2022,26,10,08:00:00,2,0,0
2022-10-26,2022,26,10,09:00:00,20,58,8
2022-10-26,2022,26,10,10:00:00,124,77,14
2022-10-26,2022,26,10,11:00:00,143,142,15
2022-10-26,2022,26,10,12:00:00,82,74,25
2022-10-26,2022,26,10,13:00:00,142,159,32
2022-10-26,2022,26,10,14:00:00,241,200,21
2022-10-26,2022,26,10,15:00:00,243,256,29
2022-10-26,2022,26,10,16:00:00,139,211,22
2022-10-26,2022,26,10,17:00:00,109,231,27
2022-10-26,2022,26,10,18:00:00,9,0,0
2022-10-27,2022,27,10,08:00:00,5,0,0
2022-10-27,2022,27,10,09:00:00,31,6,7
2022-10-27,2022,27,10,10:00:00,58,26,13
2022-10-27,2022,27,10,11:00:00,194,147,16
2022-10-27,2022,27,10,12:00:00,49,82,19
2022-10-27,2022,27,10,13:00:00,98,97,14
2022-10-27,2022,27,10,14:00:00,181,144,28
2022-10-27,2022,27,10,15:00:00,161,181,18
2022-10-27,2022,27,10,16:00:00,214,221,27
2022-10-27,2022,27,10,17:00:00,172,340,20
2022-10-27,2022,27,10,18:00:00,17,1,0
2022-10-27,2022,27,10,19:00:00,4,0,0
2022-10-28,2022,28,10,08:00:00,5,0,0
2022-10-28,2022,28,10,09:00:00,23,20,11
2022-10-28,2022,28,10,10:00:00,83,63,19
2022-10-28,2022,28,10,11:00:00,41,107,10
2022-10-28,2022,28,10,12:00:00,69,61,11
2022-10-28,2022,28,10,13:00:00,113,68,16
2022-10-28,2022,28,10,14:00:00,160,118,21
2022-10-28,2022,28,10,15:00:00,161,240,29
2022-10-28,2022,28,10,16:00:00,123,116,23
2022-10-28,2022,28,10,17:00:00,99,176,21
2022-10-28,2022,28,10,18:00:00,15,3,0
2022-10-29,2022,29,10,09:00:00,46,25,12
2022-10-29,2022,29,10,10:00:00,110,101,15
2022-10-29,2022,29,10,11:00:00,101,91,14
2022-10-29,2022,29,10,12:00:00,80,136,18
2022-10-29,2022,29,10,13:00:00,88,72,22
2022-10-29,2022,29,10,14:00:00,212,134,22
2022-10-29,2022,29,10,15:00:00,187,300,23
2022-10-29,2022,29,10,16:00:00,215,360,38
2022-10-29,2022,29,10,17:00:00,255,401,20
2022-10-29,2022,29,10,18:00:00,37,10,0
2022-10-29,2022,29,10,19:00:00,3,0,0
2022-10-30,2022,30,10,13:00:00,2,0,0
2022-10-30,2022,30,10,14:00:00,14,0,0
2022-10-30,2022,30,10,15:00:00,10,0,0
2022-10-30,2022,30,10,16:00:00,25,0,0
2022-10-30,2022,30,10,17:00:00,1,0,0
2022-10-30,2022,30,10,18:00:00,7,0,0
2022-10-31,2022,31,10,06:00:00,1,0,0
2022-10-31,2022,31,10,08:00:00,1,0,0
2022-10-31,2022,31,10,09:00:00,54,0,0
2022-10-31,2022,31,10,10:00:00,3,0,0
2022-10-31,2022,31,10,11:00:00,1,0,0
2022-10-31,2022,31,10,12:00:00,1,0,0
2022-10-31,2022,31,10,13:00:00,19,0,0
2022-10-31,2022,31,10,14:00:00,20,0,0
2022-10-31,2022,31,10,15:00:00,4,0,0
2022-10-31,2022,31,10,16:00:00,1,0,0
2022-10-31,2022,31,10,17:00:00,19,0,0
2022-10-31,2022,31,10,18:00:00,1,0,0
2022-11-01,2022,1,11,10:00:00,2,0,0
2022-11-01,2022,1,11,11:00:00,1,0,0
2022-11-02,2022,2,11,08:00:00,55,0,0
2022-11-02,2022,2,11,09:00:00,125,49,15
2022-11-02,2022,2,11,10:00:00,175,155,17
2022-11-02,2022,2,11,11:00:00,164,210,20
2022-11-02,2022,2,11,12:00:00,110,185,19
2022-11-02,2022,2,11,13:00:00,260,167,33
2022-11-02,2022,2,11,14:00:00,291,229,30
2022-11-02,2022,2,11,15:00:00,249,301,43
2022-11-02,2022,2,11,16:00:00,247,411,39
2022-11-02,2022,2,11,17:00:00,147,275,20
2022-11-02,2022,2,11,18:00:00,4,8,0
2022-11-03,2022,3,11,08:00:00,18,0,0
2022-11-03,2022,3,11,09:00:00,33,13,17
2022-11-03,2022,3,11,10:00:00,92,72,23
2022-11-03,2022,3,11,11:00:00,74,189,35
2022-11-03,2022,3,11,12:00:00,72,63,17
2022-11-03,2022,3,11,13:00:00,101,94,23
2022-11-03,2022,3,11,14:00:00,178,172,29
2022-11-03,2022,3,11,15:00:00,162,270,22
2022-11-03,2022,3,11,16:00:00,197,207,23
2022-11-03,2022,3,11,17:00:00,114,234,5
2022-11-03,2022,3,11,18:00:00,0,3,0
2022-11-04,2022,4,11,08:00:00,6,0,0
2022-11-04,2022,4,11,09:00:00,39,36,15
2022-11-04,2022,4,11,10:00:00,99,62,23
2022-11-04,2022,4,11,11:00:00,94,127,22
2022-11-04,2022,4,11,12:00:00,104,100,22
2022-11-04,2022,4,11,13:00:00,106,81,11
2022-11-04,2022,4,11,14:00:00,153,74,36
2022-11-04,2022,4,11,15:00:00,187,214,31
2022-11-04,2022,4,11,16:00:00,147,337,31
2022-11-04,2022,4,11,17:00:00,166,225,11
2022-11-04,2022,4,11,18:00:00,6,45,0
2022-11-04,2022,4,11,19:00:00,3,0,0
2022-11-05,2022,5,11,08:00:00,12,0,0
2022-11-05,2022,5,11,09:00:00,33,21,13
2022-11-05,2022,5,11,10:00:00,203,88,29
2022-11-05,2022,5,11,11:00:00,249,275,20
2022-11-05,2022,5,11,12:00:00,167,217,23
2022-11-05,2022,5,11,13:00:00,128,115,23
2022-11-05,2022,5,11,14:00:00,319,304,27
2022-11-05,2022,5,11,15:00:00,321,289,45
2022-11-05,2022,5,11,16:00:00,350,483,27
2022-11-05,2022,5,11,17:00:00,222,330,12
2022-11-05,2022,5,11,18:00:00,1,6,0
2022-11-06,2022,6,11,07:00:00,4,0,0
2022-11-06,2022,6,11,10:00:00,15,0,0
2022-11-06,2022,6,11,13:00:00,35,0,0
2022-11-06,2022,6,11,15:00:00,5,0,0
2022-11-06,2022,6,11,17:00:00,16,0,0
2022-11-06,2022,6,11,18:00:00,2,0,0
2022-11-07,2022,7,11,07:00:00,6,0,0
2022-11-07,2022,7,11,08:00:00,20,0,0
2022-11-07,2022,7,11,09:00:00,5,0,0
2022-11-07,2022,7,11,10:00:00,1,0,0
2022-11-07,2022,7,11,12:00:00,15,0,0
2022-11-07,2022,7,11,13:00:00,8,0,0
2022-11-07,2022,7,11,14:00:00,1,0,0
2022-11-07,2022,7,11,15:00:00,5,0,0
2022-11-07,2022,7,11,16:00:00,3,0,0
2022-11-07,2022,7,11,17:00:00,9,0,0
2022-11-08,2022,8,11,07:00:00,2,0,0
2022-11-08,2022,8,11,08:00:00,10,0,0
2022-11-08,2022,8,11,09:00:00,105,21,24
2022-11-08,2022,8,11,10:00:00,127,146,14
2022-11-08,2022,8,11,11:00:00,48,66,15
2022-11-08,2022,8,11,12:00:00,55,25,18
2022-11-08,2022,8,11,13:00:00,143,177,10
2022-11-08,2022,8,11,14:00:00,96,106,23
2022-11-08,2022,8,11,15:00:00,102,77,24
2022-11-08,2022,8,11,16:00:00,124,111,16
2022-11-08,2022,8,11,17:00:00,124,119,16
2022-11-08,2022,8,11,18:00:00,13,38,7
2022-11-08,2022,8,11,19:00:00,1,0,0
2022-11-09,2022,9,11,06:00:00,1,0,0
2022-11-09,2022,9,11,07:00:00,6,0,0
2022-11-09,2022,9,11,08:00:00,8,0,0
2022-11-09,2022,9,11,09:00:00,37,9,9
2022-11-09,2022,9,11,10:00:00,184,134,15
2022-11-09,2022,9,11,11:00:00,92,236,14
2022-11-09,2022,9,11,12:00:00,105,132,16
2022-11-09,2022,9,11,13:00:00,218,126,9
2022-11-09,2022,9,11,14:00:00,189,202,33
2022-11-09,2022,9,11,15:00:00,271,311,25
2022-11-09,2022,9,11,16:00:00,196,256,33
2022-11-09,2022,9,11,17:00:00,172,262,18
2022-11-09,2022,9,11,18:00:00,45,79,4
2022-11-09,2022,9,11,19:00:00,4,0,0
2022-11-10,2022,10,11,08:00:00,16,0,0
2022-11-10,2022,10,11,09:00:00,102,10,13
2022-11-10,2022,10,11,10:00:00,77,93,20
2022-11-10,2022,10,11,11:00:00,52,66,11
2022-11-10,2022,10,11,12:00:00,86,77,18
2022-11-10,2022,10,11,13:00:00,74,102,16
2022-11-10,2022,10,11,14:00:00,64,75,20
2022-11-10,2022,10,11,15:00:00,175,81,9
2022-11-10,2022,10,11,16:00:00,39,91,15
2022-11-10,2022,10,11,17:00:00,141,131,17
2022-11-10,2022,10,11,18:00:00,34,87,8
2022-11-10,2022,10,11,20:00:00,2,0,0
2022-11-11,2022,11,11,11:00:00,1,0,0
2022-11-11,2022,11,11,12:00:00,1,0,0
2022-11-11,2022,11,11,14:00:00,23,0,0
2022-11-11,2022,11,11,15:00:00,1,0,0
2022-11-11,2022,11,11,16:00:00,20,0,0
2022-11-11,2022,11,11,17:00:00,1,0,0
2022-11-11,2022,11,11,20:00:00,4,0,0
2022-11-11,2022,11,11,23:00:00,16,0,0
2022-11-12,2022,12,11,08:00:00,3,0,0
2022-11-12,2022,12,11,09:00:00,44,11,5
2022-11-12,2022,12,11,10:00:00,191,100,14
2022-11-12,2022,12,11,11:00:00,217,241,27
2022-11-12,2022,12,11,12:00:00,105,197,17
2022-11-12,2022,12,11,13:00:00,162,162,25
2022-11-12,2022,12,11,14:00:00,314,327,30
2022-11-12,2022,12,11,15:00:00,442,392,44
2022-11-12,2022,12,11,16:00:00,245,446,25
2022-11-12,2022,12,11,17:00:00,380,334,21
2022-11-12,2022,12,11,18:00:00,12,138,4
2022-11-13,2022,13,11,10:00:00,2,0,0
2022-11-13,2022,13,11,12:00:00,5,0,0
2022-11-13,2022,13,11,13:00:00,10,0,0
2022-11-13,2022,13,11,14:00:00,250,110,23
2022-11-13,2022,13,11,15:00:00,276,296,23
2022-11-13,2022,13,11,16:00:00,156,285,12
2022-11-13,2022,13,11,17:00:00,102,163,10
2022-11-13,2022,13,11,18:00:00,1,0,0
2022-11-14,2022,14,11,07:00:00,2,0,0
2022-11-14,2022,14,11,08:00:00,5,0,0
2022-11-14,2022,14,11,09:00:00,16,0,0
2022-11-14,2022,14,11,11:00:00,1,0,0
2022-11-14,2022,14,11,15:00:00,21,0,0
2022-11-14,2022,14,11,16:00:00,5,0,0
2022-11-14,2022,14,11,17:00:00,18,0,0
2022-11-14,2022,14,11,18:00:00,15,0,0
2022-11-15,2022,15,11,06:00:00,7,0,0
2022-11-15,2022,15,11,07:00:00,1,0,0
2022-11-15,2022,15,11,08:00:00,16,0,0
2022-11-15,2022,15,11,09:00:00,115,20,15
2022-11-15,2022,15,11,10:00:00,77,106,13
2022-11-15,2022,15,11,11:00:00,56,83,16
2022-11-15,2022,15,11,12:00:00,50,44,23
2022-11-15,2022,15,11,13:00:00,134,97,26
2022-11-15,2022,15,11,14:00:00,133,59,22
2022-11-15,2022,15,11,15:00:00,94,76,25
2022-11-15,2022,15,11,16:00:00,118,86,19
2022-11-15,2022,15,11,17:00:00,110,108,17
2022-11-15,2022,15,11,18:00:00,18,57,11
2022-11-15,2022,15,11,19:00:00,4,0,0
2022-11-16,2022,16,11,07:00:00,16,0,0
2022-11-16,2022,16,11,08:00:00,23,0,0
2022-11-16,2022,16,11,09:00:00,62,14,0
2022-11-16,2022,16,11,10:00:00,239,107,17
2022-11-16,2022,16,11,11:00:00,102,197,17
2022-11-16,2022,16,11,12:00:00,59,64,22
2022-11-16,2022,16,11,13:00:00,189,107,22
2022-11-16,2022,16,11,14:00:00,331,236,31
2022-11-16,2022,16,11,15:00:00,304,286,54
2022-11-16,2022,16,11,16:00:00,176,222,42
2022-11-16,2022,16,11,17:00:00,116,136,22
2022-11-16,2022,16,11,18:00:00,64,74,9
2022-11-17,2022,17,11,08:00:00,1,0,0
2022-11-17,2022,17,11,09:00:00,61,41,14
2022-11-17,2022,17,11,10:00:00,32,14,27
2022-11-17,2022,17,11,11:00:00,88,19,14
2022-11-17,2022,17,11,12:00:00,89,36,14
2022-11-17,2022,17,11,13:00:00,127,90,10
2022-11-17,2022,17,11,14:00:00,18,46,15
2022-11-17,2022,17,11,15:00:00,64,59,18
2022-11-17,2022,17,11,16:00:00,90,100,18
2022-11-17,2022,17,11,17:00:00,45,91,16
2022-11-17,2022,17,11,18:00:00,40,64,6
2022-11-17,2022,17,11,19:00:00,1,0,0
2022-11-17,2022,17,11,20:00:00,5,0,0
2022-11-18,2022,18,11,08:00:00,29,0,0
2022-11-18,2022,18,11,09:00:00,69,6,9
2022-11-18,2022,18,11,10:00:00,69,43,17
2022-11-18,2022,18,11,11:00:00,50,65,12
2022-11-18,2022,18,11,12:00:00,80,45,15
2022-11-18,2022,18,11,13:00:00,48,78,14
2022-11-18,2022,18,11,14:00:00,103,46,15
2022-11-18,2022,18,11,15:00:00,89,125,14
2022-11-18,2022,18,11,16:00:00,122,74,18
2022-11-18,2022,18,11,17:00:00,87,100,27
2022-11-18,2022,18,11,18:00:00,88,67,5
2022-11-18,2022,18,11,19:00:00,0,1,0
2022-11-18,2022,18,11,22:00:00,1,0,0
2022-11-19,2022,19,11,02:00:00,3,0,0
2022-11-19,2022,19,11,08:00:00,9,0,0
2022-11-19,2022,19,11,09:00:00,84,22,4
2022-11-19,2022,19,11,10:00:00,210,240,9
2022-11-19,2022,19,11,11:00:00,252,211,16
2022-11-19,2022,19,11,12:00:00,161,217,15
2022-11-19,2022,19,11,13:00:00,112,109,21
2022-11-19,2022,19,11,14:00:00,281,200,25
2022-11-19,2022,19,11,15:00:00,376,346,20
2022-11-19,2022,19,11,16:00:00,226,452,26
2022-11-19,2022,19,11,17:00:00,173,307,18
2022-11-19,2022,19,11,18:00:00,56,87,3
2022-11-19,2022,19,11,19:00:00,0,9,0
2022-11-20,2022,20,11,10:00:00,9,0,0
2022-11-20,2022,20,11,11:00:00,10,0,0
2022-11-20,2022,20,11,13:00:00,10,4,0
2022-11-20,2022,20,11,14:00:00,221,215,18
2022-11-20,2022,20,11,15:00:00,245,250,24
2022-11-20,2022,20,11,16:00:00,188,225,23
2022-11-20,2022,20,11,17:00:00,137,367,8
2022-11-20,2022,20,11,18:00:00,13,0,0
2022-11-21,2022,21,11,07:00:00,7,0,0
2022-11-21,2022,21,11,08:00:00,1,0,0
2022-11-21,2022,21,11,09:00:00,4,0,0
2022-11-21,2022,21,11,10:00:00,7,0,0
2022-11-21,2022,21,11,11:00:00,5,0,0
2022-11-21,2022,21,11,13:00:00,20,0,0
2022-11-21,2022,21,11,15:00:00,18,0,0
2022-11-21,2022,21,11,16:00:00,3,0,0
2022-11-21,2022,21,11,17:00:00,25,0,0
2022-11-22,2022,22,11,06:00:00,4,0,0
2022-11-22,2022,22,11,08:00:00,30,0,0
2022-11-22,2022,22,11,09:00:00,82,13,10
2022-11-22,2022,22,11,10:00:00,111,89,8
2022-11-22,2022,22,11,11:00:00,37,36,11
2022-11-22,2022,22,11,12:00:00,86,64,12
2022-11-22,2022,22,11,13:00:00,98,54,21
2022-11-22,2022,22,11,14:00:00,106,61,21
2022-11-22,2022,22,11,15:00:00,73,95,16
2022-11-22,2022,22,11,16:00:00,82,101,24
2022-11-22,2022,22,11,17:00:00,88,109,26
2022-11-22,2022,22,11,18:00:00,59,75,14
2022-11-22,2022,22,11,19:00:00,1,0,0
2022-11-23,2022,23,11,08:00:00,9,0,0
2022-11-23,2022,23,11,09:00:00,93,9,10
2022-11-23,2022,23,11,10:00:00,122,79,17
2022-11-23,2022,23,11,11:00:00,108,129,18
2022-11-23,2022,23,11,12:00:00,105,107,17
2022-11-23,2022,23,11,13:00:00,99,113,18
2022-11-23,2022,23,11,14:00:00,171,114,30
2022-11-23,2022,23,11,15:00:00,241,152,24
2022-11-23,2022,23,11,16:00:00,217,215,24
2022-11-23,2022,23,11,17:00:00,165,221,26
2022-11-23,2022,23,11,18:00:00,11,142,8
2022-11-23,2022,23,11,19:00:00,18,0,0
2022-11-24,2022,24,11,08:00:00,8,0,0
2022-11-24,2022,24,11,09:00:00,34,1,10
2022-11-24,2022,24,11,10:00:00,89,169,14
2022-11-24,2022,24,11,11:00:00,62,101,12
2022-11-24,2022,24,11,12:00:00,74,24,13
2022-11-24,2022,24,11,13:00:00,69,40,15
2022-11-24,2022,24,11,14:00:00,129,69,21
2022-11-24,2022,24,11,15:00:00,96,156,21
2022-11-24,2022,24,11,16:00:00,55,97,19
2022-11-24,2022,24,11,17:00:00,50,71,12
2022-11-24,2022,24,11,18:00:00,57,90,9
2022-11-24,2022,24,11,19:00:00,1,2,0
2022-11-25,2022,25,11,07:00:00,2,0,0
2022-11-25,2022,25,11,09:00:00,44,11,11
2022-11-25,2022,25,11,10:00:00,65,59,12
2022-11-25,2022,25,11,11:00:00,106,82,10
2022-11-25,2022,25,11,12:00:00,30,55,11
2022-11-25,2022,25,11,13:00:00,69,50,22
2022-11-25,2022,25,11,14:00:00,82,118,14
2022-11-25,2022,25,11,15:00:00,59,43,31
2022-11-25,2022,25,11,16:00:00,70,87,16
2022-11-25,2022,25,11,17:00:00,107,137,15
2022-11-25,2022,25,11,18:00:00,22,29,3
2022-11-26,2022,26,11,08:00:00,1,0,0
2022-11-26,2022,26,11,09:00:00,48,19,12
2022-11-26,2022,26,11,10:00:00,204,117,16
2022-11-26,2022,26,11,11:00:00,184,221,10
2022-11-26,2022,26,11,12:00:00,136,139,13
2022-11-26,2022,26,11,13:00:00,181,105,15
2022-11-26,2022,26,11,14:00:00,259,309,18
2022-11-26,2022,26,11,15:00:00,346,237,28
2022-11-26,2022,26,11,16:00:00,276,420,21
2022-11-26,2022,26,11,17:00:00,119,227,21
2022-11-26,2022,26,11,18:00:00,8,124,6
2022-11-26,2022,26,11,19:00:00,8,0,0
2022-11-27,2022,27,11,10:00:00,1,0,0
2022-11-27,2022,27,11,12:00:00,7,0,0
2022-11-27,2022,27,11,13:00:00,7,0,1
2022-11-27,2022,27,11,14:00:00,152,44,14
2022-11-27,2022,27,11,15:00:00,211,228,10
2022-11-27,2022,27,11,16:00:00,174,345,6
2022-11-27,2022,27,11,17:00:00,61,153,5
2022-11-27,2022,27,11,18:00:00,1,9,0
2022-11-27,2022,27,11,21:00:00,1,0,0
2022-11-28,2022,28,11,07:00:00,2,0,0
2022-11-28,2022,28,11,08:00:00,6,0,0
2022-11-28,2022,28,11,10:00:00,4,0,0
2022-11-28,2022,28,11,13:00:00,15,0,0
2022-11-28,2022,28,11,14:00:00,11,0,0
2022-11-28,2022,28,11,15:00:00,7,0,0
2022-11-28,2022,28,11,16:00:00,2,0,0
2022-11-28,2022,28,11,17:00:00,10,0,0
2022-11-28,2022,28,11,19:00:00,2,0,0
2022-11-29,2022,29,11,06:00:00,2,0,0
2022-11-29,2022,29,11,08:00:00,9,0,0
2022-11-29,2022,29,11,09:00:00,103,47,15
2022-11-29,2022,29,11,10:00:00,101,82,27
2022-11-29,2022,29,11,11:00:00,106,70,18
2022-11-29,2022,29,11,12:00:00,95,53,24
2022-11-29,2022,29,11,13:00:00,52,98,16
2022-11-29,2022,29,11,14:00:00,78,144,23
2022-11-29,2022,29,11,15:00:00,85,98,23
2022-11-29,2022,29,11,16:00:00,98,121,20
2022-11-29,2022,29,11,17:00:00,79,72,21
2022-11-29,2022,29,11,18:00:00,57,92,7
2022-11-30,2022,30,11,08:00:00,6,0,0
2022-11-30,2022,30,11,09:00:00,58,7,3
2022-11-30,2022,30,11,10:00:00,155,80,23
2022-11-30,2022,30,11,11:00:00,132,177,13
2022-11-30,2022,30,11,12:00:00,110,123,21
2022-11-30,2022,30,11,13:00:00,165,230,27
2022-11-30,2022,30,11,14:00:00,233,138,35
2022-11-30,2022,30,11,15:00:00,288,276,32
2022-11-30,2022,30,11,16:00:00,172,208,18
2022-11-30,2022,30,11,17:00:00,161,191,16
2022-11-30,2022,30,11,18:00:00,27,69,8
2022-11-30,2022,30,11,20:00:00,5,0,0
2022-12-01,2022,1,12,05:00:00,3,0,0
2022-12-01,2022,1,12,07:00:00,3,0,0
2022-12-01,2022,1,12,08:00:00,27,0,0
2022-12-01,2022,1,12,09:00:00,46,189,12
2022-12-01,2022,1,12,10:00:00,65,85,21
2022-12-01,2022,1,12,11:00:00,31,59,16
2022-12-01,2022,1,12,12:00:00,38,60,16
2022-12-01,2022,1,12,13:00:00,94,61,18
2022-12-01,2022,1,12,14:00:00,62,77,17
2022-12-01,2022,1,12,15:00:00,65,54,20
2022-12-01,2022,1,12,16:00:00,41,40,20
2022-12-01,2022,1,12,17:00:00,67,71,22
2022-12-01,2022,1,12,18:00:00,34,49,3
2022-12-02,2022,2,12,08:00:00,16,0,0
2022-12-02,2022,2,12,09:00:00,13,12,10
2022-12-02,2022,2,12,10:00:00,84,86,12
2022-12-02,2022,2,12,11:00:00,92,135,30
2022-12-02,2022,2,12,12:00:00,67,73,22
2022-12-02,2022,2,12,13:00:00,72,45,10
2022-12-02,2022,2,12,14:00:00,65,67,17
2022-12-02,2022,2,12,15:00:00,64,63,15
2022-12-02,2022,2,12,16:00:00,94,94,21
2022-12-02,2022,2,12,17:00:00,80,101,27
2022-12-02,2022,2,12,18:00:00,55,61,2
2022-12-03,2022,3,12,08:00:00,8,0,0
2022-12-03,2022,3,12,09:00:00,56,28,21
2022-12-03,2022,3,12,10:00:00,188,142,18
2022-12-03,2022,3,12,11:00:00,155,164,14
2022-12-03,2022,3,12,12:00:00,42,107,14
2022-12-03,2022,3,12,13:00:00,87,72,18
2022-12-03,2022,3,12,14:00:00,175,153,30
2022-12-03,2022,3,12,15:00:00,363,311,22
2022-12-03,2022,3,12,16:00:00,275,278,18
2022-12-03,2022,3,12,17:00:00,141,273,14
2022-12-03,2022,3,12,18:00:00,64,44,4
2022-12-03,2022,3,12,19:00:00,0,3,0
2022-12-04,2022,4,12,11:00:00,2,0,0
2022-12-04,2022,4,12,12:00:00,3,0,0
2022-12-04,2022,4,12,13:00:00,2,0,0
2022-12-04,2022,4,12,14:00:00,161,93,12
2022-12-04,2022,4,12,15:00:00,157,199,18
2022-12-04,2022,4,12,16:00:00,86,116,17
2022-12-04,2022,4,12,17:00:00,55,117,9
2022-12-04,2022,4,12,18:00:00,2,0,0
2022-12-04,2022,4,12,22:00:00,1,0,0
2022-12-05,2022,5,12,08:00:00,16,0,0
2022-12-05,2022,5,12,09:00:00,4,0,0
2022-12-05,2022,5,12,10:00:00,9,0,0
2022-12-05,2022,5,12,11:00:00,16,0,0
2022-12-05,2022,5,12,12:00:00,7,0,0
2022-12-05,2022,5,12,13:00:00,1,0,0
2022-12-05,2022,5,12,14:00:00,2,0,0
2022-12-05,2022,5,12,16:00:00,6,0,0
2022-12-05,2022,5,12,17:00:00,2,0,0
2022-12-05,2022,5,12,21:00:00,5,0,0
2022-12-06,2022,6,12,06:00:00,4,0,0
2022-12-06,2022,6,12,08:00:00,33,0,0
2022-12-06,2022,6,12,09:00:00,43,3,15
2022-12-06,2022,6,12,10:00:00,84,190,18
2022-12-06,2022,6,12,11:00:00,91,113,14
2022-12-06,2022,6,12,12:00:00,64,106,10
2022-12-06,2022,6,12,13:00:00,133,134,16
2022-12-06,2022,6,12,14:00:00,150,245,26
2022-12-06,2022,6,12,15:00:00,118,230,19
2022-12-06,2022,6,12,16:00:00,97,331,24
2022-12-06,2022,6,12,17:00:00,82,92,11
2022-12-06,2022,6,12,18:00:00,54,73,18
2022-12-06,2022,6,12,19:00:00,6,0,0
2022-12-06,2022,6,12,20:00:00,6,0,0
2022-12-07,2022,7,12,08:00:00,3,0,0
2022-12-07,2022,7,12,09:00:00,32,35,5
2022-12-07,2022,7,12,10:00:00,195,82,16
2022-12-07,2022,7,12,11:00:00,168,109,20
2022-12-07,2022,7,12,12:00:00,129,110,18
2022-12-07,2022,7,12,13:00:00,155,90,24
2022-12-07,2022,7,12,14:00:00,199,266,27
2022-12-07,2022,7,12,15:00:00,202,167,23
2022-12-07,2022,7,12,16:00:00,205,180,35
2022-12-07,2022,7,12,17:00:00,99,240,26
2022-12-07,2022,7,12,18:00:00,33,72,7
2022-12-07,2022,7,12,19:00:00,2,2,0
2022-12-08,2022,8,12,09:00:00,43,1,5
2022-12-08,2022,8,12,10:00:00,25,40,5
2022-12-08,2022,8,12,11:00:00,56,51,20
2022-12-08,2022,8,12,12:00:00,60,33,12
2022-12-08,2022,8,12,13:00:00,43,79,24
2022-12-08,2022,8,12,14:00:00,112,74,21
2022-12-08,2022,8,12,15:00:00,107,64,30
2022-12-08,2022,8,12,16:00:00,59,56,28
2022-12-08,2022,8,12,17:00:00,37,46,23
2022-12-08,2022,8,12,18:00:00,38,80,12
2022-12-08,2022,8,12,19:00:00,4,0,0
2022-12-09,2022,9,12,08:00:00,14,0,0
2022-12-09,2022,9,12,09:00:00,16,10,5
2022-12-09,2022,9,12,10:00:00,51,55,14
2022-12-09,2022,9,12,11:00:00,37,44,10
2022-12-09,2022,9,12,12:00:00,25,76,14
2022-12-09,2022,9,12,13:00:00,59,86,12
2022-12-09,2022,9,12,14:00:00,69,44,23
2022-12-09,2022,9,12,15:00:00,123,95,24
2022-12-09,2022,9,12,16:00:00,96,89,35
2022-12-09,2022,9,12,17:00:00,90,83,17
2022-12-09,2022,9,12,18:00:00,38,49,15
2022-12-09,2022,9,12,19:00:00,3,0,0
2022-12-10,2022,10,12,07:00:00,1,0,0
2022-12-10,2022,10,12,09:00:00,47,29,8
2022-12-10,2022,10,12,10:00:00,225,110,17
2022-12-10,2022,10,12,11:00:00,166,216,14
2022-12-10,2022,10,12,12:00:00,176,239,20
2022-12-10,2022,10,12,13:00:00,127,68,11
2022-12-10,2022,10,12,14:00:00,202,167,22
2022-12-10,2022,10,12,15:00:00,283,215,24
2022-12-10,2022,10,12,16:00:00,111,122,27
2022-12-10,2022,10,12,17:00:00,76,214,16
2022-12-10,2022,10,12,18:00:00,31,68,6
2022-12-10,2022,10,12,19:00:00,9,7,0
2022-12-11,2022,11,12,09:00:00,28,0,0
2022-12-11,2022,11,12,10:00:00,16,0,0
2022-12-11,2022,11,12,11:00:00,12,0,0
2022-12-11,2022,11,12,12:00:00,17,0,0
2022-12-11,2022,11,12,13:00:00,29,0,0
2022-12-11,2022,11,12,14:00:00,241,143,21
2022-12-11,2022,11,12,15:00:00,235,215,26
2022-12-11,2022,11,12,16:00:00,272,284,19
2022-12-11,2022,11,12,17:00:00,61,200,12
2022-12-11,2022,11,12,18:00:00,10,0,0
2022-12-12,2022,12,12,06:00:00,3,0,0
2022-12-12,2022,12,12,08:00:00,9,0,0
2022-12-12,2022,12,12,10:00:00,26,0,0
2022-12-12,2022,12,12,12:00:00,24,0,0
2022-12-12,2022,12,12,14:00:00,7,0,0
2022-12-12,2022,12,12,15:00:00,19,0,0
2022-12-12,2022,12,12,16:00:00,22,0,0
2022-12-12,2022,12,12,18:00:00,7,0,0
2022-12-13,2022,13,12,07:00:00,1,0,0
2022-12-13,2022,13,12,08:00:00,11,0,0
2022-12-13,2022,13,12,09:00:00,52,10,17
2022-12-13,2022,13,12,10:00:00,88,61,13
2022-12-13,2022,13,12,11:00:00,51,87,25
2022-12-13,2022,13,12,12:00:00,74,70,19
2022-12-13,2022,13,12,13:00:00,124,132,8
2022-12-13,2022,13,12,14:00:00,76,114,26
2022-12-13,2022,13,12,15:00:00,79,85,21
2022-12-13,2022,13,12,16:00:00,365,301,17
2022-12-13,2022,13,12,17:00:00,483,467,17
2022-12-13,2022,13,12,18:00:00,19,55,11
2022-12-14,2022,14,12,08:00:00,57,0,0
2022-12-14,2022,14,12,09:00:00,211,168,13
2022-12-14,2022,14,12,10:00:00,261,223,8
2022-12-14,2022,14,12,11:00:00,527,307,9
2022-12-14,2022,14,12,12:00:00,175,200,17
2022-12-14,2022,14,12,13:00:00,157,161,23
2022-12-14,2022,14,12,14:00:00,308,263,26
2022-12-14,2022,14,12,15:00:00,252,120,39
2022-12-14,2022,14,12,16:00:00,127,183,32
2022-12-14,2022,14,12,17:00:00,94,164,17
2022-12-14,2022,14,12,18:00:00,32,41,5
2022-12-14,2022,14,12,19:00:00,2,0,0
2022-12-15,2022,15,12,06:00:00,3,0,0
2022-12-15,2022,15,12,07:00:00,4,0,0
2022-12-15,2022,15,12,08:00:00,7,0,0
2022-12-15,2022,15,12,09:00:00,57,18,9
2022-12-15,2022,15,12,10:00:00,56,32,10
2022-12-15,2022,15,12,11:00:00,144,63,9
2022-12-15,2022,15,12,12:00:00,110,85,15
2022-12-15,2022,15,12,13:00:00,50,45,13
2022-12-15,2022,15,12,14:00:00,173,45,12
2022-12-15,2022,15,12,15:00:00,90,123,26
2022-12-15,2022,15,12,16:00:00,234,174,12
2022-12-15,2022,15,12,17:00:00,454,311,17
2022-12-15,2022,15,12,18:00:00,44,51,17
2022-12-16,2022,16,12,06:00:00,3,0,0
2022-12-16,2022,16,12,08:00:00,41,0,0
2022-12-16,2022,16,12,09:00:00,52,5,13
2022-12-16,2022,16,12,10:00:00,94,44,24
2022-12-16,2022,16,12,11:00:00,291,186,5
2022-12-16,2022,16,12,12:00:00,442,308,11
2022-12-16,2022,16,12,13:00:00,48,33,15
2022-12-16,2022,16,12,14:00:00,281,141,17
2022-12-16,2022,16,12,15:00:00,192,182,12
2022-12-16,2022,16,12,16:00:00,511,387,19
2022-12-16,2022,16,12,17:00:00,200,205,11
2022-12-16,2022,16,12,18:00:00,40,34,8
2022-12-16,2022,16,12,19:00:00,0,1,0
2022-12-16,2022,16,12,21:00:00,1,0,0
2022-12-17,2022,17,12,08:00:00,12,0,0
2022-12-17,2022,17,12,09:00:00,268,184,4
2022-12-17,2022,17,12,10:00:00,154,126,11
2022-12-17,2022,17,12,11:00:00,269,309,12
2022-12-17,2022,17,12,12:00:00,124,169,12
2022-12-17,2022,17,12,13:00:00,113,126,15
2022-12-17,2022,17,12,14:00:00,358,304,21
2022-12-17,2022,17,12,15:00:00,251,279,21
2022-12-17,2022,17,12,16:00:00,132,287,17
2022-12-17,2022,17,12,17:00:00,116,166,9
2022-12-17,2022,17,12,18:00:00,50,96,3
2022-12-17,2022,17,12,19:00:00,1,0,0
2022-12-18,2022,18,12,10:00:00,13,0,0
2022-12-18,2022,18,12,11:00:00,4,0,0
2022-12-18,2022,18,12,12:00:00,2,0,0
2022-12-18,2022,18,12,13:00:00,3,0,0
2022-12-18,2022,18,12,14:00:00,30,0,0
2022-12-18,2022,18,12,15:00:00,10,0,0
2022-12-18,2022,18,12,22:00:00,1,0,0
2022-12-19,2022,19,12,07:00:00,5,0,0
2022-12-19,2022,19,12,08:00:00,7,0,0
2022-12-19,2022,19,12,09:00:00,35,0,0
2022-12-19,2022,19,12,10:00:00,21,0,0
2022-12-19,2022,19,12,11:00:00,19,0,0
2022-12-19,2022,19,12,12:00:00,21,0,0
2022-12-19,2022,19,12,13:00:00,7,0,0
2022-12-19,2022,19,12,14:00:00,6,0,0
2022-12-19,2022,19,12,15:00:00,8,0,0
2022-12-19,2022,19,12,16:00:00,39,0,0
2022-12-19,2022,19,12,17:00:00,1,0,0
2022-12-19,2022,19,12,18:00:00,2,0,0
2022-12-19,2022,19,12,19:00:00,4,0,0
2022-12-19,2022,19,12,23:00:00,2,0,0
2022-12-20,2022,20,12,07:00:00,3,0,0
2022-12-20,2022,20,12,08:00:00,7,0,0
2022-12-20,2022,20,12,09:00:00,70,26,11
2022-12-20,2022,20,12,10:00:00,122,85,17
2022-12-20,2022,20,12,11:00:00,188,148,9
2022-12-20,2022,20,12,12:00:00,91,106,18
2022-12-20,2022,20,12,13:00:00,221,217,23
2022-12-20,2022,20,12,14:00:00,301,162,28
2022-12-20,2022,20,12,15:00:00,318,333,25
2022-12-20,2022,20,12,16:00:00,315,329,17
2022-12-20,2022,20,12,17:00:00,135,276,12
2022-12-20,2022,20,12,18:00:00,9,25,0
2022-12-20,2022,20,12,19:00:00,6,0,0
2022-12-21,2022,21,12,07:00:00,1,0,0
2022-12-21,2022,21,12,08:00:00,15,0,0
2022-12-21,2022,21,12,09:00:00,59,26,12
2022-12-21,2022,21,12,10:00:00,84,84,11
2022-12-21,2022,21,12,11:00:00,143,135,18
2022-12-21,2022,21,12,12:00:00,114,136,14
2022-12-21,2022,21,12,13:00:00,137,130,13
2022-12-21,2022,21,12,14:00:00,255,217,28
2022-12-21,2022,21,12,15:00:00,147,192,33
2022-12-21,2022,21,12,16:00:00,166,254,18
2022-12-21,2022,21,12,17:00:00,123,163,11
2022-12-21,2022,21,12,18:00:00,14,5,0
2022-12-22,2022,22,12,08:00:00,4,0,0
2022-12-22,2022,22,12,09:00:00,19,16,5
2022-12-22,2022,22,12,10:00:00,110,38,14
2022-12-22,2022,22,12,11:00:00,135,130,11
2022-12-22,2022,22,12,12:00:00,105,92,16
2022-12-22,2022,22,12,13:00:00,92,103,15
2022-12-22,2022,22,12,14:00:00,129,173,29
2022-12-22,2022,22,12,15:00:00,183,178,26
2022-12-22,2022,22,12,16:00:00,229,230,30
2022-12-22,2022,22,12,17:00:00,182,303,3
2022-12-22,2022,22,12,18:00:00,17,2,0
2022-12-22,2022,22,12,19:00:00,1,0,0
2022-12-22,2022,22,12,20:00:00,14,0,0
2022-12-23,2022,23,12,07:00:00,1,0,0
2022-12-23,2022,23,12,08:00:00,1,0,0
2022-12-23,2022,23,12,09:00:00,26,1,7
2022-12-23,2022,23,12,10:00:00,171,111,16
2022-12-23,2022,23,12,11:00:00,125,85,8
2022-12-23,2022,23,12,12:00:00,82,77,6
2022-12-23,2022,23,12,13:00:00,69,80,15
2022-12-23,2022,23,12,14:00:00,110,173,15
2022-12-23,2022,23,12,15:00:00,223,162,29
2022-12-23,2022,23,12,16:00:00,128,155,28
2022-12-23,2022,23,12,17:00:00,78,183,14
2022-12-23,2022,23,12,18:00:00,5,10,0
2022-12-23,2022,23,12,19:00:00,2,0,0
2022-12-24,2022,24,12,07:00:00,1,0,0
2022-12-24,2022,24,12,08:00:00,2,0,0
2022-12-24,2022,24,12,09:00:00,43,15,1
2022-12-24,2022,24,12,10:00:00,158,90,10
2022-12-24,2022,24,12,11:00:00,169,148,10
2022-12-24,2022,24,12,12:00:00,97,170,7
2022-12-24,2022,24,12,13:00:00,4,0,0
2022-12-24,2022,24,12,14:00:00,2,0,0
2022-12-24,2022,24,12,15:00:00,13,0,0
2022-12-24,2022,24,12,16:00:00,6,0,0
2022-12-24,2022,24,12,18:00:00,9,0,0
2022-12-25,2022,25,12,13:00:00,21,0,0
2022-12-25,2022,25,12,19:00:00,3,0,0
2022-12-26,2022,26,12,00:00:00,3,0,0
2022-12-26,2022,26,12,08:00:00,4,0,0
2022-12-26,2022,26,12,11:00:00,7,0,0
2022-12-26,2022,26,12,13:00:00,51,0,0
2022-12-26,2022,26,12,14:00:00,10,0,0
2022-12-26,2022,26,12,15:00:00,54,0,0
2022-12-26,2022,26,12,16:00:00,15,0,0
2022-12-26,2022,26,12,17:00:00,2,0,0
2022-12-26,2022,26,12,18:00:00,1,0,0
2022-12-27,2022,27,12,08:00:00,18,0,0
2022-12-27,2022,27,12,09:00:00,45,0,0
2022-12-27,2022,27,12,10:00:00,124,0,15
2022-12-27,2022,27,12,11:00:00,57,0,25
2022-12-27,2022,27,12,12:00:00,95,0,21
2022-12-27,2022,27,12,13:00:00,133,0,18
2022-12-27,2022,27,12,14:00:00,182,0,40
2022-12-27,2022,27,12,15:00:00,264,0,36
2022-12-27,2022,27,12,16:00:00,331,0,43
2022-12-27,2022,27,12,17:00:00,105,0,20
2022-12-27,2022,27,12,18:00:00,10,0,0
2022-12-27,2022,27,12,19:00:00,2,0,0
2022-12-28,2022,28,12,07:00:00,8,0,0
2022-12-28,2022,28,12,08:00:00,12,0,0
2022-12-28,2022,28,12,09:00:00,12,12,9
2022-12-28,2022,28,12,10:00:00,66,66,17
2022-12-28,2022,28,12,11:00:00,59,112,18
2022-12-28,2022,28,12,12:00:00,75,56,19
2022-12-28,2022,28,12,13:00:00,105,116,24
2022-12-28,2022,28,12,14:00:00,185,194,28
2022-12-28,2022,28,12,15:00:00,235,228,47
2022-12-28,2022,28,12,16:00:00,234,348,32
2022-12-28,2022,28,12,17:00:00,177,306,17
2022-12-28,2022,28,12,18:00:00,3,14,0
2022-12-28,2022,28,12,21:00:00,5,0,0
2022-12-29,2022,29,12,08:00:00,17,0,0
2022-12-29,2022,29,12,09:00:00,37,7,7
2022-12-29,2022,29,12,10:00:00,85,107,16
2022-12-29,2022,29,12,11:00:00,160,129,12
2022-12-29,2022,29,12,12:00:00,56,85,11
2022-12-29,2022,29,12,13:00:00,99,87,31
2022-12-29,2022,29,12,14:00:00,154,108,32
2022-12-29,2022,29,12,15:00:00,153,165,39
2022-12-29,2022,29,12,16:00:00,140,178,36
2022-12-29,2022,29,12,17:00:00,103,243,10
2022-12-29,2022,29,12,18:00:00,13,20,0
2022-12-30,2022,30,12,08:00:00,2,0,0
2022-12-30,2022,30,12,09:00:00,10,5,8
2022-12-30,2022,30,12,10:00:00,43,28,12
2022-12-30,2022,30,12,11:00:00,113,174,21
2022-12-30,2022,30,12,12:00:00,61,117,15
2022-12-30,2022,30,12,13:00:00,89,114,24
2022-12-30,2022,30,12,14:00:00,194,117,28
2022-12-30,2022,30,12,15:00:00,206,162,31
2022-12-30,2022,30,12,16:00:00,139,288,31
2022-12-30,2022,30,12,17:00:00,193,276,15
2022-12-30,2022,30,12,18:00:00,0,25,0
2022-12-31,2022,31,12,09:00:00,32,18,14
2022-12-31,2022,31,12,10:00:00,111,81,28
2022-12-31,2022,31,12,11:00:00,153,149,40
2022-12-31,2022,31,12,12:00:00,138,255,24
2022-12-31,2022,31,12,13:00:00,9,1,0
2022-12-31,2022,31,12,14:00:00,29,0,0
2022-12-31,2022,31,12,15:00:00,15,0,0
2022-12-31,2022,31,12,16:00:00,7,0,0
2022-12-31,2022,31,12,22:00:00,3,0,0
2023-01-01,2023,1,1,09:00:00,6,0,0
2023-01-01,2023,1,1,12:00:00,3,0,0
2023-01-01,2023,1,1,15:00:00,11,0,0
2023-01-02,2023,2,1,07:00:00,3,0,0
2023-01-02,2023,2,1,08:00:00,10,0,0
2023-01-02,2023,2,1,09:00:00,5,0,0
2023-01-02,2023,2,1,10:00:00,3,0,0
2023-01-02,2023,2,1,11:00:00,5,0,0
2023-01-02,2023,2,1,12:00:00,8,0,0
2023-01-02,2023,2,1,13:00:00,18,0,0
2023-01-02,2023,2,1,14:00:00,15,0,0
2023-01-02,2023,2,1,15:00:00,23,0,0
2023-01-02,2023,2,1,16:00:00,1,0,0
2023-01-02,2023,2,1,17:00:00,9,0,0
2023-01-02,2023,2,1,18:00:00,20,0,0
2023-01-03,2023,3,1,06:00:00,2,0,0
2023-01-03,2023,3,1,08:00:00,59,0,0
2023-01-03,2023,3,1,09:00:00,55,6,7
2023-01-03,2023,3,1,10:00:00,158,100,18
2023-01-03,2023,3,1,11:00:00,153,104,18
2023-01-03,2023,3,1,12:00:00,192,133,22
2023-01-03,2023,3,1,13:00:00,92,154,20
2023-01-03,2023,3,1,14:00:00,119,88,23
2023-01-03,2023,3,1,15:00:00,133,152,23
2023-01-03,2023,3,1,16:00:00,234,194,17
2023-01-03,2023,3,1,17:00:00,210,140,16
2023-01-03,2023,3,1,18:00:00,44,63,8
2023-01-03,2023,3,1,19:00:00,4,18,0
2023-01-04,2023,4,1,07:00:00,3,0,0
2023-01-04,2023,4,1,08:00:00,9,0,0
2023-01-04,2023,4,1,09:00:00,45,15,6
2023-01-04,2023,4,1,10:00:00,103,79,16
2023-01-04,2023,4,1,11:00:00,233,187,23
2023-01-04,2023,4,1,12:00:00,126,175,19
2023-01-04,2023,4,1,13:00:00,135,118,21
2023-01-04,2023,4,1,14:00:00,193,185,39
2023-01-04,2023,4,1,15:00:00,315,211,29
2023-01-04,2023,4,1,16:00:00,185,344,29
2023-01-04,2023,4,1,17:00:00,182,332,31
2023-01-04,2023,4,1,18:00:00,51,91,13
2023-01-05,2023,5,1,08:00:00,12,0,0
2023-01-05,2023,5,1,09:00:00,71,8,8
2023-01-05,2023,5,1,10:00:00,68,26,16
2023-01-05,2023,5,1,11:00:00,72,90,14
2023-01-05,2023,5,1,12:00:00,90,71,8
2023-01-05,2023,5,1,13:00:00,68,44,20
2023-01-05,2023,5,1,14:00:00,82,163,16
2023-01-05,2023,5,1,15:00:00,212,69,21
2023-01-05,2023,5,1,16:00:00,62,145,14
2023-01-05,2023,5,1,17:00:00,186,106,24
2023-01-05,2023,5,1,18:00:00,37,71,7
2023-01-05,2023,5,1,19:00:00,10,0,0
2023-01-06,2023,6,1,08:00:00,1,0,0
2023-01-06,2023,6,1,09:00:00,30,10,9
2023-01-06,2023,6,1,10:00:00,76,66,11
2023-01-06,2023,6,1,11:00:00,71,57,14
2023-01-06,2023,6,1,12:00:00,29,45,9
2023-01-06,2023,6,1,13:00:00,122,67,16
2023-01-06,2023,6,1,14:00:00,55,81,17
2023-01-06,2023,6,1,15:00:00,79,85,21
2023-01-06,2023,6,1,16:00:00,79,65,13
2023-01-06,2023,6,1,17:00:00,122,171,14
2023-01-06,2023,6,1,18:00:00,30,35,14
2023-01-06,2023,6,1,19:00:00,1,8,0
2023-01-07,2023,7,1,08:00:00,7,0,0
2023-01-07,2023,7,1,09:00:00,26,4,7
2023-01-07,2023,7,1,10:00:00,175,203,20
2023-01-07,2023,7,1,11:00:00,220,147,12
2023-01-07,2023,7,1,12:00:00,157,191,12
2023-01-07,2023,7,1,13:00:00,127,152,19
2023-01-07,2023,7,1,14:00:00,278,218,32
2023-01-07,2023,7,1,15:00:00,288,343,31
2023-01-07,2023,7,1,16:00:00,236,497,34
2023-01-07,2023,7,1,17:00:00,90,186,21
2023-01-07,2023,7,1,18:00:00,36,125,10
2023-01-07,2023,7,1,19:00:00,0,4,0
2023-01-08,2023,8,1,11:00:00,14,0,0
2023-01-08,2023,8,1,12:00:00,6,0,0
2023-01-08,2023,8,1,13:00:00,4,0,0
2023-01-08,2023,8,1,14:00:00,215,80,17
2023-01-08,2023,8,1,15:00:00,206,231,26
2023-01-08,2023,8,1,16:00:00,128,261,20
2023-01-08,2023,8,1,17:00:00,106,330,11
2023-01-08,2023,8,1,18:00:00,2,1,0
2023-01-09,2023,9,1,07:00:00,12,0,0
2023-01-09,2023,9,1,08:00:00,15,0,0
2023-01-09,2023,9,1,09:00:00,15,0,0
2023-01-09,2023,9,1,11:00:00,14,0,0
2023-01-09,2023,9,1,12:00:00,5,0,0
2023-01-09,2023,9,1,13:00:00,12,0,0
2023-01-09,2023,9,1,14:00:00,14,0,0
2023-01-09,2023,9,1,15:00:00,2,0,0
2023-01-09,2023,9,1,16:00:00,4,0,0
2023-01-09,2023,9,1,17:00:00,3,0,0
2023-01-09,2023,9,1,18:00:00,1,0,0
2023-01-09,2023,9,1,19:00:00,2,0,0
2023-01-10,2023,10,1,07:00:00,10,0,0
2023-01-10,2023,10,1,08:00:00,10,0,0
2023-01-10,2023,10,1,09:00:00,78,45,13
2023-01-10,2023,10,1,10:00:00,106,61,22
2023-01-10,2023,10,1,11:00:00,180,127,15
2023-01-10,2023,10,1,12:00:00,68,112,11
2023-01-10,2023,10,1,13:00:00,83,76,11
2023-01-10,2023,10,1,14:00:00,71,80,27
2023-01-10,2023,10,1,15:00:00,38,100,20
2023-01-10,2023,10,1,16:00:00,49,64,24
2023-01-10,2023,10,1,17:00:00,81,101,23
2023-01-10,2023,10,1,18:00:00,29,52,9
2023-01-10,2023,10,1,20:00:00,1,0,0
2023-01-11,2023,11,1,06:00:00,8,0,0
2023-01-11,2023,11,1,07:00:00,2,0,0
2023-01-11,2023,11,1,08:00:00,18,0,0
2023-01-11,2023,11,1,09:00:00,64,17,7
2023-01-11,2023,11,1,10:00:00,181,66,22
2023-01-11,2023,11,1,11:00:00,160,156,13
2023-01-11,2023,11,1,12:00:00,114,120,20
2023-01-11,2023,11,1,13:00:00,187,187,18
2023-01-11,2023,11,1,14:00:00,172,163,26
2023-01-11,2023,11,1,15:00:00,232,9,51
2023-01-11,2023,11,1,16:00:00,292,0,25
2023-01-11,2023,11,1,17:00:00,119,0,20
2023-01-11,2023,11,1,18:00:00,40,27,7
2023-01-11,2023,11,1,19:00:00,1,200,0
2023-01-12,2023,12,1,08:00:00,11,0,0
2023-01-12,2023,12,1,09:00:00,10,16,14
2023-01-12,2023,12,1,10:00:00,69,51,15
2023-01-12,2023,12,1,11:00:00,73,75,8
2023-01-12,2023,12,1,12:00:00,59,78,7
2023-01-12,2023,12,1,13:00:00,60,61,13
2023-01-12,2023,12,1,14:00:00,19,23,20
2023-01-12,2023,12,1,15:00:00,29,29,11
2023-01-12,2023,12,1,16:00:00,36,32,20
2023-01-12,2023,12,1,17:00:00,97,89,20
2023-01-12,2023,12,1,18:00:00,24,55,10
2023-01-13,2023,13,1,08:00:00,4,0,0
2023-01-13,2023,13,1,09:00:00,19,22,3
2023-01-13,2023,13,1,10:00:00,60,51,27
2023-01-13,2023,13,1,11:00:00,72,34,15
2023-01-13,2023,13,1,12:00:00,50,69,13
2023-01-13,2023,13,1,13:00:00,205,139,14
2023-01-13,2023,13,1,14:00:00,125,101,24
2023-01-13,2023,13,1,15:00:00,72,99,23
2023-01-13,2023,13,1,16:00:00,60,60,31
2023-01-13,2023,13,1,17:00:00,126,174,15
2023-01-13,2023,13,1,18:00:00,43,81,4
2023-01-13,2023,13,1,19:00:00,5,1,0
2023-01-14,2023,14,1,09:00:00,25,14,8
2023-01-14,2023,14,1,10:00:00,261,118,13
2023-01-14,2023,14,1,11:00:00,223,333,22
2023-01-14,2023,14,1,12:00:00,121,174,19
2023-01-14,2023,14,1,13:00:00,135,90,20
2023-01-14,2023,14,1,14:00:00,193,222,21
2023-01-14,2023,14,1,15:00:00,225,183,33
2023-01-14,2023,14,1,16:00:00,182,308,29
2023-01-14,2023,14,1,17:00:00,199,314,15
2023-01-14,2023,14,1,18:00:00,107,219,12
2023-01-15,2023,15,1,01:00:00,3,0,0
2023-01-15,2023,15,1,09:00:00,10,0,0
2023-01-15,2023,15,1,11:00:00,19,0,0
2023-01-15,2023,15,1,13:00:00,11,0,0
2023-01-15,2023,15,1,14:00:00,161,108,24
2023-01-15,2023,15,1,15:00:00,212,225,31
2023-01-15,2023,15,1,16:00:00,209,285,13
2023-01-15,2023,15,1,17:00:00,53,284,7
2023-01-15,2023,15,1,18:00:00,10,2,0
2023-01-15,2023,15,1,19:00:00,1,0,0
2023-01-16,2023,16,1,09:00:00,10,0,0
2023-01-16,2023,16,1,10:00:00,5,0,0
2023-01-16,2023,16,1,11:00:00,5,0,0
2023-01-16,2023,16,1,12:00:00,16,0,0
2023-01-16,2023,16,1,14:00:00,10,0,0
2023-01-16,2023,16,1,15:00:00,3,0,0
2023-01-16,2023,16,1,17:00:00,10,0,0
2023-01-16,2023,16,1,19:00:00,6,0,0
2023-01-16,2023,16,1,20:00:00,2,0,0
2023-01-16,2023,16,1,21:00:00,3,0,0
2023-01-17,2023,17,1,07:00:00,5,0,0
2023-01-17,2023,17,1,08:00:00,14,0,0
2023-01-17,2023,17,1,09:00:00,46,3,15
2023-01-17,2023,17,1,10:00:00,111,78,12
2023-01-17,2023,17,1,11:00:00,88,76,17
2023-01-17,2023,17,1,12:00:00,117,84,35
2023-01-17,2023,17,1,13:00:00,111,83,26
2023-01-17,2023,17,1,14:00:00,91,68,26
2023-01-17,2023,17,1,15:00:00,100,148,25
2023-01-17,2023,17,1,16:00:00,67,121,19
2023-01-17,2023,17,1,17:00:00,132,173,20
2023-01-17,2023,17,1,18:00:00,27,27,15
2023-01-18,2023,18,1,08:00:00,15,0,0
2023-01-18,2023,18,1,09:00:00,49,13,7
2023-01-18,2023,18,1,10:00:00,123,145,21
2023-01-18,2023,18,1,11:00:00,135,226,14
2023-01-18,2023,18,1,12:00:00,96,103,19
2023-01-18,2023,18,1,13:00:00,134,134,19
2023-01-18,2023,18,1,14:00:00,229,163,34
2023-01-18,2023,18,1,15:00:00,256,345,29
2023-01-18,2023,18,1,16:00:00,247,275,27
2023-01-18,2023,18,1,17:00:00,151,201,23
2023-01-18,2023,18,1,18:00:00,39,108,13
2023-01-19,2023,19,1,07:00:00,5,0,0
2023-01-19,2023,19,1,08:00:00,1,0,0
2023-01-19,2023,19,1,09:00:00,23,10,11
2023-01-19,2023,19,1,10:00:00,123,73,25
2023-01-19,2023,19,1,11:00:00,24,48,13
2023-01-19,2023,19,1,12:00:00,75,87,14
2023-01-19,2023,19,1,13:00:00,77,13,13
2023-01-19,2023,19,1,14:00:00,57,48,16
2023-01-19,2023,19,1,15:00:00,42,30,20
2023-01-19,2023,19,1,16:00:00,52,34,3
2023-01-19,2023,19,1,17:00:00,24,0,0
2023-01-19,2023,19,1,19:00:00,11,0,0
2023-01-20,2023,20,1,08:00:00,5,0,0
2023-01-20,2023,20,1,09:00:00,54,6,6
2023-01-20,2023,20,1,10:00:00,54,42,13
2023-01-20,2023,20,1,11:00:00,47,103,13
2023-01-20,2023,20,1,12:00:00,82,71,20
2023-01-20,2023,20,1,13:00:00,145,84,12
2023-01-20,2023,20,1,14:00:00,113,119,32
2023-01-20,2023,20,1,15:00:00,131,136,14
2023-01-20,2023,20,1,16:00:00,114,125,23
2023-01-20,2023,20,1,17:00:00,113,161,8
2023-01-20,2023,20,1,18:00:00,8,0,0
2023-01-21,2023,21,1,07:00:00,1,0,0
2023-01-21,2023,21,1,08:00:00,5,0,0
2023-01-21,2023,21,1,09:00:00,39,15,8
2023-01-21,2023,21,1,10:00:00,231,188,17
2023-01-21,2023,21,1,11:00:00,181,256,11
2023-01-21,2023,21,1,12:00:00,94,130,13
2023-01-21,2023,21,1,13:00:00,109,129,19
2023-01-21,2023,21,1,14:00:00,188,171,36
2023-01-21,2023,21,1,15:00:00,274,252,23
2023-01-21,2023,21,1,16:00:00,256,212,30
2023-01-21,2023,21,1,17:00:00,219,329,21
2023-01-21,2023,21,1,18:00:00,134,279,9
2023-01-21,2023,21,1,19:00:00,14,15,0
2023-01-21,2023,21,1,22:00:00,1,0,0
2023-01-22,2023,22,1,13:00:00,4,0,0
2023-01-22,2023,22,1,14:00:00,173,102,16
2023-01-22,2023,22,1,15:00:00,236,237,26
2023-01-22,2023,22,1,16:00:00,208,268,23
2023-01-22,2023,22,1,17:00:00,201,323,6
2023-01-22,2023,22,1,18:00:00,3,7,0
2023-01-22,2023,22,1,22:00:00,3,0,0
2023-01-23,2023,23,1,08:00:00,9,0,0
2023-01-23,2023,23,1,09:00:00,5,0,0
2023-01-23,2023,23,1,10:00:00,5,0,0
2023-01-23,2023,23,1,12:00:00,2,0,0
2023-01-23,2023,23,1,13:00:00,12,0,0
2023-01-23,2023,23,1,14:00:00,13,0,0
2023-01-23,2023,23,1,15:00:00,1,0,0
2023-01-23,2023,23,1,16:00:00,1,0,0
2023-01-23,2023,23,1,17:00:00,3,0,0
2023-01-23,2023,23,1,18:00:00,7,0,0
2023-01-24,2023,24,1,06:00:00,2,0,0
2023-01-24,2023,24,1,07:00:00,3,0,0
2023-01-24,2023,24,1,08:00:00,5,0,0
2023-01-24,2023,24,1,09:00:00,81,19,6
2023-01-24,2023,24,1,10:00:00,92,92,18
2023-01-24,2023,24,1,11:00:00,92,96,10
2023-01-24,2023,24,1,12:00:00,45,113,14
2023-01-24,2023,24,1,13:00:00,120,74,27
2023-01-24,2023,24,1,14:00:00,52,135,26
2023-01-24,2023,24,1,15:00:00,124,131,22
2023-01-24,2023,24,1,16:00:00,114,155,22
2023-01-24,2023,24,1,17:00:00,132,152,17
2023-01-24,2023,24,1,18:00:00,25,70,9
2023-01-25,2023,25,1,08:00:00,8,0,0
2023-01-25,2023,25,1,09:00:00,21,13,6
2023-01-25,2023,25,1,10:00:00,101,67,8
2023-01-25,2023,25,1,11:00:00,175,246,14
2023-01-25,2023,25,1,12:00:00,80,135,22
2023-01-25,2023,25,1,13:00:00,58,82,31
2023-01-25,2023,25,1,14:00:00,184,129,36
2023-01-25,2023,25,1,15:00:00,269,334,47
2023-01-25,2023,25,1,16:00:00,148,287,40
2023-01-25,2023,25,1,17:00:00,147,167,14
2023-01-25,2023,25,1,18:00:00,64,89,7
2023-01-26,2023,26,1,09:00:00,51,4,10
2023-01-26,2023,26,1,10:00:00,67,29,14
2023-01-26,2023,26,1,11:00:00,139,43,14
2023-01-26,2023,26,1,12:00:00,78,114,13
2023-01-26,2023,26,1,13:00:00,44,76,6
2023-01-26,2023,26,1,14:00:00,96,37,21
2023-01-26,2023,26,1,15:00:00,56,22,21
2023-01-26,2023,26,1,16:00:00,110,73,21
2023-01-26,2023,26,1,17:00:00,76,148,18
2023-01-26,2023,26,1,18:00:00,37,73,7
2023-01-26,2023,26,1,19:00:00,0,3,0
2023-01-26,2023,26,1,21:00:00,2,0,0
2023-01-27,2023,27,1,08:00:00,6,0,0
2023-01-27,2023,27,1,09:00:00,47,1,17
2023-01-27,2023,27,1,10:00:00,59,103,12
2023-01-27,2023,27,1,11:00:00,70,124,13
2023-01-27,2023,27,1,12:00:00,4,48,8
2023-01-27,2023,27,1,13:00:00,128,58,17
2023-01-27,2023,27,1,14:00:00,57,122,24
2023-01-27,2023,27,1,15:00:00,77,114,27
2023-01-27,2023,27,1,16:00:00,98,101,20
2023-01-27,2023,27,1,17:00:00,103,46,13
2023-01-27,2023,27,1,18:00:00,14,90,9
2023-01-27,2023,27,1,19:00:00,2,4,0
2023-01-28,2023,28,1,08:00:00,2,0,0
2023-01-28,2023,28,1,09:00:00,39,12,19
2023-01-28,2023,28,1,10:00:00,146,149,15
2023-01-28,2023,28,1,11:00:00,197,150,27
2023-01-28,2023,28,1,12:00:00,147,206,10
2023-01-28,2023,28,1,13:00:00,105,163,19
2023-01-28,2023,28,1,14:00:00,246,212,24
2023-01-28,2023,28,1,15:00:00,336,379,22
2023-01-28,2023,28,1,16:00:00,245,446,31
2023-01-28,2023,28,1,17:00:00,299,258,21
2023-01-28,2023,28,1,18:00:00,88,203,14
2023-01-28,2023,28,1,19:00:00,7,12,0
2023-01-29,2023,29,1,10:00:00,4,0,0
2023-01-29,2023,29,1,11:00:00,3,0,0
2023-01-29,2023,29,1,13:00:00,2,0,0
2023-01-29,2023,29,1,14:00:00,200,139,19
2023-01-29,2023,29,1,15:00:00,243,281,21
2023-01-29,2023,29,1,16:00:00,207,340,26
2023-01-29,2023,29,1,17:00:00,45,216,10
2023-01-29,2023,29,1,18:00:00,0,1,0
2023-01-30,2023,30,1,08:00:00,17,0,0
2023-01-30,2023,30,1,09:00:00,8,0,0
2023-01-30,2023,30,1,10:00:00,16,0,0
2023-01-30,2023,30,1,11:00:00,10,0,0
2023-01-30,2023,30,1,12:00:00,16,0,0
2023-01-30,2023,30,1,13:00:00,1,0,0
2023-01-30,2023,30,1,15:00:00,3,0,0
2023-01-30,2023,30,1,16:00:00,4,0,0
2023-01-30,2023,30,1,17:00:00,1,0,0
2023-01-31,2023,31,1,06:00:00,4,0,0
2023-01-31,2023,31,1,08:00:00,7,0,0
2023-01-31,2023,31,1,09:00:00,40,20,10
2023-01-31,2023,31,1,10:00:00,82,47,15
2023-01-31,2023,31,1,11:00:00,82,92,18
2023-01-31,2023,31,1,12:00:00,60,60,27
2023-01-31,2023,31,1,13:00:00,98,39,20
2023-01-31,2023,31,1,14:00:00,110,32,12
2023-01-31,2023,31,1,15:00:00,86,55,25
2023-01-31,2023,31,1,16:00:00,26,32,10
2023-01-31,2023,31,1,17:00:00,29,0,0
2023-01-31,2023,31,1,18:00:00,3,0,0
2023-01-31,2023,31,1,19:00:00,1,0,0
2023-02-01,2023,1,2,06:00:00,4,0,0
2023-02-01,2023,1,2,07:00:00,1,0,0
2023-02-01,2023,1,2,08:00:00,14,0,0
2023-02-01,2023,1,2,09:00:00,26,9,6
2023-02-01,2023,1,2,10:00:00,185,126,16
2023-02-01,2023,1,2,11:00:00,80,246,21
2023-02-01,2023,1,2,12:00:00,79,158,17
2023-02-01,2023,1,2,13:00:00,199,190,27
2023-02-01,2023,1,2,14:00:00,328,218,35
2023-02-01,2023,1,2,15:00:00,172,220,44
2023-02-01,2023,1,2,16:00:00,146,229,43
2023-02-01,2023,1,2,17:00:00,75,357,22
2023-02-01,2023,1,2,18:00:00,68,130,12
2023-02-01,2023,1,2,19:00:00,1,1,0
2023-02-01,2023,1,2,21:00:00,1,0,0
2023-02-02,2023,2,2,07:00:00,1,0,0
2023-02-02,2023,2,2,08:00:00,10,0,0
2023-02-02,2023,2,2,09:00:00,21,48,9
2023-02-02,2023,2,2,10:00:00,58,133,15
2023-02-02,2023,2,2,11:00:00,54,52,14
2023-02-02,2023,2,2,12:00:00,64,73,12
2023-02-02,2023,2,2,13:00:00,74,85,13
2023-02-02,2023,2,2,14:00:00,104,122,20
2023-02-02,2023,2,2,15:00:00,36,21,30
2023-02-02,2023,2,2,16:00:00,65,93,31
2023-02-02,2023,2,2,17:00:00,64,61,14
2023-02-02,2023,2,2,18:00:00,22,81,11
2023-02-02,2023,2,2,19:00:00,2,0,0
2023-02-03,2023,3,2,07:00:00,3,0,0
2023-02-03,2023,3,2,08:00:00,31,0,0
2023-02-03,2023,3,2,09:00:00,89,103,21
2023-02-03,2023,3,2,10:00:00,43,44,22
2023-02-03,2023,3,2,11:00:00,74,50,14
2023-02-03,2023,3,2,12:00:00,86,117,14
2023-02-03,2023,3,2,13:00:00,116,103,14
2023-02-03,2023,3,2,14:00:00,86,166,27
2023-02-03,2023,3,2,15:00:00,37,77,27
2023-02-03,2023,3,2,16:00:00,65,154,35
2023-02-03,2023,3,2,17:00:00,37,67,15
2023-02-03,2023,3,2,18:00:00,17,79,2
2023-02-03,2023,3,2,19:00:00,3,0,0
2023-02-04,2023,4,2,08:00:00,11,0,0
2023-02-04,2023,4,2,09:00:00,52,4,6
2023-02-04,2023,4,2,10:00:00,148,113,17
2023-02-04,2023,4,2,11:00:00,216,225,25
2023-02-04,2023,4,2,12:00:00,75,164,19
2023-02-04,2023,4,2,13:00:00,95,122,17
2023-02-04,2023,4,2,14:00:00,166,173,37
2023-02-04,2023,4,2,15:00:00,360,316,30
2023-02-04,2023,4,2,16:00:00,303,295,32
2023-02-04,2023,4,2,17:00:00,226,350,14
2023-02-04,2023,4,2,18:00:00,114,237,14
2023-02-04,2023,4,2,22:00:00,9,0,0
2023-02-05,2023,5,2,09:00:00,1,0,0
2023-02-05,2023,5,2,11:00:00,7,0,0
2023-02-05,2023,5,2,13:00:00,14,0,0
2023-02-05,2023,5,2,14:00:00,216,142,23
2023-02-05,2023,5,2,15:00:00,259,358,26
2023-02-05,2023,5,2,16:00:00,278,344,30
2023-02-05,2023,5,2,17:00:00,78,261,13
2023-02-05,2023,5,2,18:00:00,2,0,0
2023-02-05,2023,5,2,22:00:00,2,0,0
2023-02-06,2023,6,2,08:00:00,1,0,0
2023-02-06,2023,6,2,09:00:00,1,0,0
2023-02-06,2023,6,2,10:00:00,3,0,0
2023-02-06,2023,6,2,11:00:00,13,0,0
2023-02-06,2023,6,2,14:00:00,6,0,0
2023-02-06,2023,6,2,15:00:00,2,0,0
2023-02-06,2023,6,2,16:00:00,11,0,0
2023-02-06,2023,6,2,17:00:00,1,0,0
2023-02-06,2023,6,2,18:00:00,10,0,0
2023-02-07,2023,7,2,07:00:00,5,0,0
2023-02-07,2023,7,2,08:00:00,7,0,0
2023-02-07,2023,7,2,09:00:00,76,9,12
2023-02-07,2023,7,2,10:00:00,145,108,16
2023-02-07,2023,7,2,11:00:00,58,134,16
2023-02-07,2023,7,2,12:00:00,60,64,10
2023-02-07,2023,7,2,13:00:00,180,142,15
2023-02-07,2023,7,2,14:00:00,199,158,26
2023-02-07,2023,7,2,15:00:00,226,158,15
2023-02-07,2023,7,2,16:00:00,348,348,10
2023-02-07,2023,7,2,17:00:00,38,1,0
2023-02-07,2023,7,2,18:00:00,13,1,0
2023-02-08,2023,8,2,07:00:00,4,0,0
2023-02-08,2023,8,2,08:00:00,31,0,0
2023-02-08,2023,8,2,09:00:00,373,264,16
2023-02-08,2023,8,2,10:00:00,166,148,22
2023-02-08,2023,8,2,11:00:00,230,279,6
2023-02-08,2023,8,2,12:00:00,199,105,22
2023-02-08,2023,8,2,13:00:00,174,143,22
2023-02-08,2023,8,2,14:00:00,337,324,43
2023-02-08,2023,8,2,15:00:00,352,262,38
2023-02-08,2023,8,2,16:00:00,336,296,28
2023-02-08,2023,8,2,17:00:00,155,279,19
2023-02-08,2023,8,2,18:00:00,53,86,14
2023-02-08,2023,8,2,19:00:00,0,10,0
2023-02-09,2023,9,2,07:00:00,4,0,0
2023-02-09,2023,9,2,08:00:00,8,0,0
2023-02-09,2023,9,2,09:00:00,13,3,7
2023-02-09,2023,9,2,10:00:00,53,70,19
2023-02-09,2023,9,2,11:00:00,140,93,16
2023-02-09,2023,9,2,12:00:00,113,131,10
2023-02-09,2023,9,2,13:00:00,94,93,17
2023-02-09,2023,9,2,14:00:00,100,129,17
2023-02-09,2023,9,2,15:00:00,199,100,22
2023-02-09,2023,9,2,16:00:00,183,145,25
2023-02-09,2023,9,2,17:00:00,446,293,32
2023-02-09,2023,9,2,18:00:00,86,124,12
2023-02-10,2023,10,2,08:00:00,27,0,0
2023-02-10,2023,10,2,09:00:00,81,62,11
2023-02-10,2023,10,2,10:00:00,100,46,10
2023-02-10,2023,10,2,11:00:00,99,159,9
2023-02-10,2023,10,2,12:00:00,166,64,12
2023-02-10,2023,10,2,13:00:00,58,79,18
2023-02-10,2023,10,2,14:00:00,266,173,19
2023-02-10,2023,10,2,15:00:00,241,289,17
2023-02-10,2023,10,2,16:00:00,456,387,20
2023-02-10,2023,10,2,17:00:00,259,285,18
2023-02-10,2023,10,2,18:00:00,50,114,15
2023-02-10,2023,10,2,19:00:00,8,1,0
2023-02-11,2023,11,2,08:00:00,1,0,0
2023-02-11,2023,11,2,09:00:00,334,171,8
2023-02-11,2023,11,2,10:00:00,420,387,14
2023-02-11,2023,11,2,11:00:00,487,601,18
2023-02-11,2023,11,2,12:00:00,182,239,14
2023-02-11,2023,11,2,13:00:00,168,58,13
2023-02-11,2023,11,2,14:00:00,194,437,26
2023-02-11,2023,11,2,15:00:00,338,211,27
2023-02-11,2023,11,2,16:00:00,227,429,24
2023-02-11,2023,11,2,17:00:00,265,310,16
2023-02-11,2023,11,2,18:00:00,77,229,11
2023-02-12,2023,12,2,10:00:00,12,0,0
2023-02-12,2023,12,2,11:00:00,3,0,0
2023-02-12,2023,12,2,13:00:00,21,0,0
2023-02-12,2023,12,2,14:00:00,22,0,0
2023-02-12,2023,12,2,16:00:00,18,0,0
2023-02-12,2023,12,2,17:00:00,4,0,0
2023-02-12,2023,12,2,18:00:00,21,0,0
2023-02-13,2023,13,2,07:00:00,4,0,0
2023-02-13,2023,13,2,08:00:00,5,0,0
2023-02-13,2023,13,2,09:00:00,4,0,0
2023-02-13,2023,13,2,10:00:00,8,0,0
2023-02-13,2023,13,2,11:00:00,6,0,0
2023-02-13,2023,13,2,12:00:00,3,0,0
2023-02-13,2023,13,2,13:00:00,1,0,0
2023-02-14,2023,14,2,08:00:00,13,0,0
2023-02-14,2023,14,2,09:00:00,55,48,18
2023-02-14,2023,14,2,10:00:00,181,193,21
2023-02-14,2023,14,2,11:00:00,90,196,34
2023-02-14,2023,14,2,12:00:00,131,118,20
2023-02-14,2023,14,2,13:00:00,154,197,22
2023-02-14,2023,14,2,14:00:00,241,218,34
2023-02-14,2023,14,2,15:00:00,170,250,32
2023-02-14,2023,14,2,16:00:00,207,186,28
2023-02-14,2023,14,2,17:00:00,119,334,16
2023-02-14,2023,14,2,18:00:00,24,2,0
2023-02-15,2023,15,2,07:00:00,1,0,0
2023-02-15,2023,15,2,08:00:00,5,0,0
2023-02-15,2023,15,2,09:00:00,16,28,9
2023-02-15,2023,15,2,10:00:00,212,88,18
2023-02-15,2023,15,2,11:00:00,136,229,24
2023-02-15,2023,15,2,12:00:00,94,88,16
2023-02-15,2023,15,2,13:00:00,103,160,16
2023-02-15,2023,15,2,14:00:00,176,164,26
2023-02-15,2023,15,2,15:00:00,226,189,34
2023-02-15,2023,15,2,16:00:00,95,212,31
2023-02-15,2023,15,2,17:00:00,180,213,20
2023-02-15,2023,15,2,18:00:00,5,2,0
2023-02-15,2023,15,2,23:00:00,6,0,0
2023-02-16,2023,16,2,08:00:00,3,0,0
2023-02-16,2023,16,2,09:00:00,60,7,6
2023-02-16,2023,16,2,10:00:00,125,56,15
2023-02-16,2023,16,2,11:00:00,78,116,17
2023-02-16,2023,16,2,12:00:00,95,126,12
2023-02-16,2023,16,2,13:00:00,68,66,10
2023-02-16,2023,16,2,14:00:00,142,135,16
2023-02-16,2023,16,2,15:00:00,160,177,27
2023-02-16,2023,16,2,16:00:00,144,208,29
2023-02-16,2023,16,2,17:00:00,157,201,21
2023-02-16,2023,16,2,18:00:00,40,0,0
2023-02-16,2023,16,2,19:00:00,2,0,0
2023-02-16,2023,16,2,20:00:00,6,0,0
2023-02-16,2023,16,2,21:00:00,4,0,0
2023-02-17,2023,17,2,08:00:00,7,0,1
2023-02-17,2023,17,2,09:00:00,20,0,8
2023-02-17,2023,17,2,10:00:00,114,96,15
2023-02-17,2023,17,2,11:00:00,95,111,22
2023-02-17,2023,17,2,12:00:00,60,109,13
2023-02-17,2023,17,2,13:00:00,92,116,19
2023-02-17,2023,17,2,14:00:00,123,134,24
2023-02-17,2023,17,2,15:00:00,145,226,21
2023-02-17,2023,17,2,16:00:00,123,144,22
2023-02-17,2023,17,2,17:00:00,116,205,19
2023-02-17,2023,17,2,18:00:00,4,2,0
2023-02-18,2023,18,2,08:00:00,4,0,0
2023-02-18,2023,18,2,09:00:00,41,21,10
2023-02-18,2023,18,2,10:00:00,135,133,18
2023-02-18,2023,18,2,11:00:00,236,204,14
2023-02-18,2023,18,2,12:00:00,148,185,12
2023-02-18,2023,18,2,13:00:00,129,191,14
2023-02-18,2023,18,2,14:00:00,297,244,23
2023-02-18,2023,18,2,15:00:00,182,337,24
2023-02-18,2023,18,2,16:00:00,259,214,26
2023-02-18,2023,18,2,17:00:00,215,411,29
2023-02-18,2023,18,2,18:00:00,9,44,0
2023-02-18,2023,18,2,20:00:00,2,0,0
2023-02-19,2023,19,2,09:00:00,1,0,0
2023-02-19,2023,19,2,11:00:00,3,0,0
2023-02-19,2023,19,2,13:00:00,4,0,0
2023-02-19,2023,19,2,14:00:00,9,0,0
2023-02-19,2023,19,2,15:00:00,8,0,0
2023-02-19,2023,19,2,16:00:00,16,0,0
2023-02-19,2023,19,2,17:00:00,17,0,0
2023-02-19,2023,19,2,18:00:00,1,0,0
2023-02-20,2023,20,2,07:00:00,5,0,0
2023-02-20,2023,20,2,08:00:00,3,0,0
2023-02-20,2023,20,2,09:00:00,6,0,0
2023-02-20,2023,20,2,11:00:00,15,0,0
2023-02-20,2023,20,2,12:00:00,9,0,0
2023-02-20,2023,20,2,13:00:00,22,0,0
2023-02-20,2023,20,2,14:00:00,8,0,0
2023-02-20,2023,20,2,15:00:00,2,0,0
2023-02-20,2023,20,2,17:00:00,21,0,0
2023-02-20,2023,20,2,18:00:00,1,0,0
2023-02-21,2023,21,2,08:00:00,29,0,0
2023-02-21,2023,21,2,09:00:00,67,14,13
2023-02-21,2023,21,2,10:00:00,80,86,7
2023-02-21,2023,21,2,11:00:00,147,214,22
2023-02-21,2023,21,2,12:00:00,129,140,16
2023-02-21,2023,21,2,13:00:00,79,73,14
2023-02-21,2023,21,2,14:00:00,272,222,21
2023-02-21,2023,21,2,15:00:00,354,316,31
2023-02-21,2023,21,2,16:00:00,231,326,32
2023-02-21,2023,21,2,17:00:00,177,298,22
2023-02-21,2023,21,2,18:00:00,25,25,0
2023-02-21,2023,21,2,19:00:00,16,0,0
2023-02-21,2023,21,2,23:00:00,1,0,0
2023-02-22,2023,22,2,08:00:00,4,0,0
2023-02-22,2023,22,2,09:00:00,57,15,11
2023-02-22,2023,22,2,10:00:00,129,90,14
2023-02-22,2023,22,2,11:00:00,179,96,17
2023-02-22,2023,22,2,12:00:00,62,152,10
2023-02-22,2023,22,2,13:00:00,120,129,14
2023-02-22,2023,22,2,14:00:00,234,256,29
2023-02-22,2023,22,2,15:00:00,160,228,47
2023-02-22,2023,22,2,16:00:00,244,199,29
2023-02-22,2023,22,2,17:00:00,167,214,23
2023-02-22,2023,22,2,18:00:00,1,26,0
2023-02-23,2023,23,2,08:00:00,2,0,0
2023-02-23,2023,23,2,09:00:00,25,77,14
2023-02-23,2023,23,2,10:00:00,95,101,17
2023-02-23,2023,23,2,11:00:00,75,74,17
2023-02-23,2023,23,2,12:00:00,59,92,16
2023-02-23,2023,23,2,13:00:00,105,111,26
2023-02-23,2023,23,2,14:00:00,160,168,16
2023-02-23,2023,23,2,15:00:00,207,144,23
2023-02-23,2023,23,2,16:00:00,145,174,35
2023-02-23,2023,23,2,17:00:00,200,214,18
2023-02-23,2023,23,2,18:00:00,3,41,0
2023-02-23,2023,23,2,20:00:00,1,0,0
2023-02-24,2023,24,2,06:00:00,1,0,0
2023-02-24,2023,24,2,09:00:00,29,14,11
2023-02-24,2023,24,2,10:00:00,144,99,17
2023-02-24,2023,24,2,11:00:00,119,104,17
2023-02-24,2023,24,2,12:00:00,116,91,16
2023-02-24,2023,24,2,13:00:00,80,76,21
2023-02-24,2023,24,2,14:00:00,149,77,22
2023-02-24,2023,24,2,15:00:00,117,180,28
2023-02-24,2023,24,2,16:00:00,179,184,34
2023-02-24,2023,24,2,17:00:00,84,168,18
2023-02-24,2023,24,2,18:00:00,5,0,0
2023-02-25,2023,25,2,08:00:00,14,0,0
2023-02-25,2023,25,2,09:00:00,84,20,16
2023-02-25,2023,25,2,10:00:00,186,150,20
2023-02-25,2023,25,2,11:00:00,239,332,13
2023-02-25,2023,25,2,12:00:00,128,175,14
2023-02-25,2023,25,2,13:00:00,307,175,22
2023-02-25,2023,25,2,14:00:00,217,302,39
2023-02-25,2023,25,2,15:00:00,280,355,41
2023-02-25,2023,25,2,16:00:00,226,297,29
2023-02-25,2023,25,2,17:00:00,192,283,18
2023-02-25,2023,25,2,18:00:00,8,27,0
2023-02-26,2023,26,2,08:00:00,1,0,0
2023-02-26,2023,26,2,09:00:00,6,0,0
2023-02-26,2023,26,2,10:00:00,7,0,0
2023-02-26,2023,26,2,11:00:00,18,0,0
2023-02-26,2023,26,2,12:00:00,1,0,0
2023-02-26,2023,26,2,14:00:00,14,0,0
2023-02-26,2023,26,2,15:00:00,27,0,0
2023-02-26,2023,26,2,16:00:00,1,0,0
2023-02-26,2023,26,2,17:00:00,20,0,0
2023-02-26,2023,26,2,18:00:00,7,0,0
2023-02-26,2023,26,2,19:00:00,4,0,0
2023-02-26,2023,26,2,22:00:00,1,0,0
2023-02-27,2023,27,2,07:00:00,10,0,0
2023-02-27,2023,27,2,10:00:00,6,0,0
2023-02-27,2023,27,2,11:00:00,2,0,0
2023-02-27,2023,27,2,14:00:00,4,0,0
2023-02-27,2023,27,2,15:00:00,4,0,0
2023-02-27,2023,27,2,16:00:00,2,0,0
2023-02-28,2023,28,2,08:00:00,11,0,0
2023-02-28,2023,28,2,09:00:00,111,17,19
2023-02-28,2023,28,2,10:00:00,166,125,29
2023-02-28,2023,28,2,11:00:00,90,143,17
2023-02-28,2023,28,2,12:00:00,123,59,21
2023-02-28,2023,28,2,13:00:00,147,129,21
2023-02-28,2023,28,2,14:00:00,97,33,26
2023-02-28,2023,28,2,15:00:00,166,132,27
2023-02-28,2023,28,2,16:00:00,77,131,24
2023-02-28,2023,28,2,17:00:00,169,136,21
2023-02-28,2023,28,2,18:00:00,94,115,25
2023-02-28,2023,28,2,19:00:00,2,3,0
2023-03-01,2023,1,3,08:00:00,26,0,0
2023-03-01,2023,1,3,09:00:00,41,16,12
2023-03-01,2023,1,3,10:00:00,154,71,11
2023-03-01,2023,1,3,11:00:00,138,232,19
2023-03-01,2023,1,3,12:00:00,128,153,23
2023-03-01,2023,1,3,13:00:00,146,130,21
2023-03-01,2023,1,3,14:00:00,192,153,39
2023-03-01,2023,1,3,15:00:00,334,286,38
2023-03-01,2023,1,3,16:00:00,180,195,37
2023-03-01,2023,1,3,17:00:00,196,230,28
2023-03-01,2023,1,3,18:00:00,58,110,12
2023-03-01,2023,1,3,19:00:00,5,0,0
2023-03-02,2023,2,3,07:00:00,1,0,0
2023-03-02,2023,2,3,08:00:00,26,0,0
2023-03-02,2023,2,3,09:00:00,39,31,14
2023-03-02,2023,2,3,10:00:00,37,46,15
2023-03-02,2023,2,3,11:00:00,30,162,14
2023-03-02,2023,2,3,12:00:00,39,45,13
2023-03-02,2023,2,3,13:00:00,26,33,12
2023-03-02,2023,2,3,14:00:00,83,55,21
2023-03-02,2023,2,3,15:00:00,164,152,33
2023-03-02,2023,2,3,16:00:00,118,54,20
2023-03-02,2023,2,3,17:00:00,55,51,24
2023-03-02,2023,2,3,18:00:00,28,74,8
2023-03-02,2023,2,3,19:00:00,7,0,0
2023-03-03,2023,3,3,08:00:00,7,0,0
2023-03-03,2023,3,3,09:00:00,62,9,11
2023-03-03,2023,3,3,10:00:00,100,221,12
2023-03-03,2023,3,3,11:00:00,82,122,17
2023-03-03,2023,3,3,12:00:00,90,63,12
2023-03-03,2023,3,3,13:00:00,60,80,10
2023-03-03,2023,3,3,14:00:00,98,96,23
2023-03-03,2023,3,3,15:00:00,75,54,23
2023-03-03,2023,3,3,16:00:00,165,122,15
2023-03-03,2023,3,3,17:00:00,59,49,13
2023-03-03,2023,3,3,18:00:00,54,95,9
2023-03-03,2023,3,3,19:00:00,6,0,0
2023-03-03,2023,3,3,21:00:00,11,0,0
2023-03-04,2023,4,3,08:00:00,59,0,0
2023-03-04,2023,4,3,09:00:00,52,18,8
2023-03-04,2023,4,3,10:00:00,226,148,29
2023-03-04,2023,4,3,11:00:00,259,310,13
2023-03-04,2023,4,3,12:00:00,120,127,17
2023-03-04,2023,4,3,13:00:00,141,155,20
2023-03-04,2023,4,3,14:00:00,244,213,37
2023-03-04,2023,4,3,15:00:00,322,301,30
2023-03-04,2023,4,3,16:00:00,315,354,20
2023-03-04,2023,4,3,17:00:00,201,376,20
2023-03-04,2023,4,3,18:00:00,46,157,12
2023-03-04,2023,4,3,19:00:00,0,1,0
2023-03-05,2023,5,3,09:00:00,2,0,0
2023-03-05,2023,5,3,12:00:00,2,0,0
2023-03-05,2023,5,3,13:00:00,3,0,0
2023-03-05,2023,5,3,14:00:00,399,238,21
2023-03-05,2023,5,3,15:00:00,370,387,26
2023-03-05,2023,5,3,16:00:00,136,281,27
2023-03-05,2023,5,3,17:00:00,155,275,15
2023-03-05,2023,5,3,18:00:00,2,1,0
2023-03-05,2023,5,3,19:00:00,4,0,0
2023-03-05,2023,5,3,20:00:00,3,0,0
2023-03-05,2023,5,3,21:00:00,1,0,0
2023-03-06,2023,6,3,07:00:00,6,0,0
2023-03-06,2023,6,3,08:00:00,3,0,0
2023-03-06,2023,6,3,09:00:00,2,0,0
2023-03-06,2023,6,3,10:00:00,11,0,0
2023-03-06,2023,6,3,11:00:00,9,0,0
2023-03-06,2023,6,3,14:00:00,5,0,0
2023-03-06,2023,6,3,15:00:00,9,0,0
2023-03-06,2023,6,3,16:00:00,11,0,0
2023-03-06,2023,6,3,18:00:00,1,0,0
2023-03-07,2023,7,3,07:00:00,10,0,0
2023-03-07,2023,7,3,08:00:00,12,0,0
2023-03-07,2023,7,3,09:00:00,77,7,15
2023-03-07,2023,7,3,10:00:00,81,90,22
2023-03-07,2023,7,3,11:00:00,46,45,17
2023-03-07,2023,7,3,12:00:00,141,118,16
2023-03-07,2023,7,3,13:00:00,100,8,18
2023-03-07,2023,7,3,14:00:00,85,44,26
2023-03-07,2023,7,3,15:00:00,81,66,21
2023-03-07,2023,7,3,16:00:00,0,0,2
2023-03-08,2023,8,3,08:00:00,6,0,0
2023-03-08,2023,8,3,09:00:00,71,14,13
2023-03-08,2023,8,3,10:00:00,141,164,24
2023-03-08,2023,8,3,11:00:00,166,179,27
2023-03-08,2023,8,3,12:00:00,105,105,14
2023-03-08,2023,8,3,13:00:00,143,82,24
2023-03-08,2023,8,3,14:00:00,258,191,33
2023-03-08,2023,8,3,15:00:00,233,233,34
2023-03-08,2023,8,3,16:00:00,164,193,38
2023-03-08,2023,8,3,17:00:00,167,215,17
2023-03-08,2023,8,3,18:00:00,72,144,5
2023-03-08,2023,8,3,19:00:00,0,5,0
2023-03-08,2023,8,3,20:00:00,10,0,0
2023-03-09,2023,9,3,08:00:00,10,0,0
2023-03-09,2023,9,3,09:00:00,66,11,8
2023-03-09,2023,9,3,10:00:00,47,59,11
2023-03-09,2023,9,3,11:00:00,61,32,16
2023-03-09,2023,9,3,12:00:00,41,66,4
2023-03-09,2023,9,3,13:00:00,89,101,14
2023-03-09,2023,9,3,14:00:00,79,81,16
2023-03-09,2023,9,3,15:00:00,67,107,16
2023-03-09,2023,9,3,16:00:00,125,75,15
2023-03-09,2023,9,3,17:00:00,101,63,20
2023-03-09,2023,9,3,18:00:00,57,79,10
2023-03-10,2023,10,3,06:00:00,4,0,0
2023-03-10,2023,10,3,08:00:00,6,0,0
2023-03-10,2023,10,3,09:00:00,45,7,12
2023-03-10,2023,10,3,10:00:00,70,50,24
2023-03-10,2023,10,3,11:00:00,116,98,9
2023-03-10,2023,10,3,12:00:00,70,55,18
2023-03-10,2023,10,3,13:00:00,104,85,11
2023-03-10,2023,10,3,14:00:00,88,108,35
2023-03-10,2023,10,3,15:00:00,95,113,31
2023-03-10,2023,10,3,16:00:00,124,70,17
2023-03-10,2023,10,3,17:00:00,122,206,17
2023-03-10,2023,10,3,18:00:00,72,110,14
2023-03-11,2023,11,3,08:00:00,1,0,0
2023-03-11,2023,11,3,09:00:00,67,23,7
2023-03-11,2023,11,3,10:00:00,220,177,20
2023-03-11,2023,11,3,11:00:00,289,267,10
2023-03-11,2023,11,3,12:00:00,158,335,16
2023-03-11,2023,11,3,13:00:00,140,124,21
2023-03-11,2023,11,3,14:00:00,266,243,37
2023-03-11,2023,11,3,15:00:00,374,341,30
2023-03-11,2023,11,3,16:00:00,202,359,23
2023-03-11,2023,11,3,17:00:00,213,188,32
2023-03-11,2023,11,3,18:00:00,105,199,8
2023-03-12,2023,12,3,06:00:00,1,0,0
2023-03-12,2023,12,3,09:00:00,10,0,0
2023-03-12,2023,12,3,11:00:00,1,0,0
2023-03-12,2023,12,3,13:00:00,4,0,0
2023-03-12,2023,12,3,14:00:00,203,125,22
2023-03-12,2023,12,3,15:00:00,265,272,15
2023-03-12,2023,12,3,16:00:00,191,168,22
2023-03-12,2023,12,3,17:00:00,115,292,9
2023-03-12,2023,12,3,18:00:00,18,20,0
2023-03-12,2023,12,3,23:00:00,1,0,0
2023-03-13,2023,13,3,08:00:00,4,0,0
2023-03-13,2023,13,3,09:00:00,14,0,0
2023-03-13,2023,13,3,10:00:00,13,0,0
2023-03-13,2023,13,3,12:00:00,10,0,0
2023-03-13,2023,13,3,13:00:00,1,0,0
2023-03-13,2023,13,3,15:00:00,5,0,0
2023-03-13,2023,13,3,17:00:00,8,0,0
2023-03-13,2023,13,3,18:00:00,9,0,0
2023-03-13,2023,13,3,19:00:00,7,0,0
2023-03-14,2023,14,3,07:00:00,5,0,0
2023-03-14,2023,14,3,08:00:00,19,0,0
2023-03-14,2023,14,3,09:00:00,94,6,11
2023-03-14,2023,14,3,10:00:00,67,49,15
2023-03-14,2023,14,3,11:00:00,46,85,20
2023-03-14,2023,14,3,12:00:00,117,91,22
2023-03-14,2023,14,3,13:00:00,76,64,20
2023-03-14,2023,14,3,14:00:00,95,54,20
2023-03-14,2023,14,3,15:00:00,109,90,19
2023-03-14,2023,14,3,16:00:00,92,82,31
2023-03-14,2023,14,3,17:00:00,98,109,20
2023-03-14,2023,14,3,18:00:00,42,134,22
2023-03-14,2023,14,3,19:00:00,3,4,0
2023-03-14,2023,14,3,22:00:00,1,0,0
2023-03-15,2023,15,3,06:00:00,3,0,0
2023-03-15,2023,15,3,07:00:00,16,0,0
2023-03-15,2023,15,3,08:00:00,10,0,0
2023-03-15,2023,15,3,09:00:00,28,24,15
2023-03-15,2023,15,3,10:00:00,189,61,17
2023-03-15,2023,15,3,11:00:00,154,55,17
2023-03-15,2023,15,3,12:00:00,119,133,12
2023-03-15,2023,15,3,13:00:00,162,132,20
2023-03-15,2023,15,3,14:00:00,342,194,35
2023-03-15,2023,15,3,15:00:00,235,288,29
2023-03-15,2023,15,3,16:00:00,208,148,40
2023-03-15,2023,15,3,17:00:00,225,281,30
2023-03-15,2023,15,3,18:00:00,57,192,7
2023-03-15,2023,15,3,19:00:00,1,3,0
2023-03-15,2023,15,3,22:00:00,8,0,0
2023-03-16,2023,16,3,06:00:00,10,0,0
2023-03-16,2023,16,3,07:00:00,2,0,0
2023-03-16,2023,16,3,08:00:00,10,0,0
2023-03-16,2023,16,3,09:00:00,39,16,11
2023-03-16,2023,16,3,10:00:00,53,34,11
2023-03-16,2023,16,3,11:00:00,65,126,19
2023-03-16,2023,16,3,12:00:00,50,40,17
2023-03-16,2023,16,3,13:00:00,47,84,14
2023-03-16,2023,16,3,14:00:00,45,23,10
2023-03-16,2023,16,3,15:00:00,53,48,13
2023-03-16,2023,16,3,16:00:00,108,96,20
2023-03-16,2023,16,3,17:00:00,102,106,30
2023-03-16,2023,16,3,18:00:00,61,97,11
2023-03-16,2023,16,3,20:00:00,17,0,0
2023-03-17,2023,17,3,07:00:00,1,0,0
2023-03-17,2023,17,3,08:00:00,10,0,0
2023-03-17,2023,17,3,09:00:00,58,34,14
2023-03-17,2023,17,3,10:00:00,82,86,8
2023-03-17,2023,17,3,11:00:00,59,69,15
2023-03-17,2023,17,3,12:00:00,50,39,11
2023-03-17,2023,17,3,13:00:00,60,76,9
2023-03-17,2023,17,3,14:00:00,125,110,29
2023-03-17,2023,17,3,15:00:00,100,118,21
2023-03-17,2023,17,3,16:00:00,85,159,20
2023-03-17,2023,17,3,17:00:00,93,112,18
2023-03-17,2023,17,3,18:00:00,25,68,9
2023-03-17,2023,17,3,19:00:00,16,2,0
2023-03-18,2023,18,3,07:00:00,3,0,0
2023-03-18,2023,18,3,08:00:00,2,0,0
2023-03-18,2023,18,3,09:00:00,33,8,9
2023-03-18,2023,18,3,10:00:00,223,148,13
2023-03-18,2023,18,3,11:00:00,195,221,18
2023-03-18,2023,18,3,12:00:00,118,162,7
2023-03-18,2023,18,3,13:00:00,100,132,25
2023-03-18,2023,18,3,14:00:00,288,175,24
2023-03-18,2023,18,3,15:00:00,298,246,25
2023-03-18,2023,18,3,16:00:00,160,218,38
2023-03-18,2023,18,3,17:00:00,192,199,27
2023-03-18,2023,18,3,18:00:00,82,152,19
2023-03-19,2023,19,3,09:00:00,1,0,0
2023-03-19,2023,19,3,10:00:00,2,0,0
2023-03-19,2023,19,3,11:00:00,12,0,0
2023-03-19,2023,19,3,13:00:00,31,0,0
2023-03-19,2023,19,3,14:00:00,246,157,21
2023-03-19,2023,19,3,15:00:00,134,157,14
2023-03-19,2023,19,3,16:00:00,142,195,22
2023-03-19,2023,19,3,17:00:00,181,273,23
2023-03-19,2023,19,3,18:00:00,34,28,0
2023-03-20,2023,20,3,08:00:00,15,0,0
2023-03-20,2023,20,3,09:00:00,10,0,0
2023-03-20,2023,20,3,10:00:00,2,0,0
2023-03-20,2023,20,3,11:00:00,1,0,0
2023-03-20,2023,20,3,13:00:00,3,0,0
2023-03-20,2023,20,3,14:00:00,5,0,0
2023-03-21,2023,21,3,09:00:00,63,0,0
2023-03-21,2023,21,3,10:00:00,129,79,7
2023-03-21,2023,21,3,11:00:00,89,93,19
2023-03-21,2023,21,3,12:00:00,129,79,18
2023-03-21,2023,21,3,13:00:00,88,88,17
2023-03-21,2023,21,3,14:00:00,62,53,24
2023-03-21,2023,21,3,15:00:00,129,115,28
2023-03-21,2023,21,3,16:00:00,36,62,18
2023-03-21,2023,21,3,17:00:00,83,81,22
2023-03-21,2023,21,3,18:00:00,57,56,13
2023-03-21,2023,21,3,19:00:00,2,0,0
2023-03-22,2023,22,3,08:00:00,9,0,0
2023-03-22,2023,22,3,09:00:00,73,14,18
2023-03-22,2023,22,3,10:00:00,129,80,10
2023-03-22,2023,22,3,11:00:00,127,153,16
2023-03-22,2023,22,3,12:00:00,202,160,21
2023-03-22,2023,22,3,13:00:00,98,161,16
2023-03-22,2023,22,3,14:00:00,184,184,47
2023-03-22,2023,22,3,15:00:00,361,318,33
2023-03-22,2023,22,3,16:00:00,245,287,22
2023-03-22,2023,22,3,17:00:00,135,207,18
2023-03-22,2023,22,3,18:00:00,75,87,9
2023-03-22,2023,22,3,20:00:00,2,0,0
2023-03-22,2023,22,3,22:00:00,7,0,0
2023-03-23,2023,23,3,08:00:00,6,0,0
2023-03-23,2023,23,3,09:00:00,18,6,14
2023-03-23,2023,23,3,10:00:00,77,53,17
2023-03-23,2023,23,3,11:00:00,45,68,11
2023-03-23,2023,23,3,12:00:00,33,37,10
2023-03-23,2023,23,3,13:00:00,64,13,6
2023-03-23,2023,23,3,14:00:00,71,7,17
2023-03-23,2023,23,3,15:00:00,100,33,23
2023-03-23,2023,23,3,16:00:00,88,43,14
2023-03-23,2023,23,3,17:00:00,66,54,15
2023-03-23,2023,23,3,18:00:00,12,3,0
2023-03-24,2023,24,3,06:00:00,3,0,0
2023-03-24,2023,24,3,08:00:00,14,0,0
2023-03-24,2023,24,3,09:00:00,29,10,14
2023-03-24,2023,24,3,10:00:00,96,91,16
2023-03-24,2023,24,3,11:00:00,60,178,16
2023-03-24,2023,24,3,12:00:00,81,93,18
2023-03-24,2023,24,3,13:00:00,72,72,9
2023-03-24,2023,24,3,14:00:00,92,67,25
2023-03-24,2023,24,3,15:00:00,65,122,12
2023-03-24,2023,24,3,16:00:00,136,116,18
2023-03-24,2023,24,3,17:00:00,134,144,14
2023-03-24,2023,24,3,18:00:00,36,115,13
2023-03-24,2023,24,3,20:00:00,4,0,0
2023-03-24,2023,24,3,22:00:00,3,0,0
2023-03-25,2023,25,3,08:00:00,10,0,1
2023-03-25,2023,25,3,09:00:00,46,52,11
2023-03-25,2023,25,3,10:00:00,301,180,7
2023-03-25,2023,25,3,11:00:00,312,290,18
2023-03-25,2023,25,3,12:00:00,126,213,11
2023-03-25,2023,25,3,13:00:00,158,164,23
2023-03-25,2023,25,3,14:00:00,256,159,39
2023-03-25,2023,25,3,15:00:00,366,339,34
2023-03-25,2023,25,3,16:00:00,349,417,30
2023-03-25,2023,25,3,17:00:00,169,261,19
2023-03-25,2023,25,3,18:00:00,72,172,5
2023-03-26,2023,26,3,06:00:00,2,0,0
2023-03-26,2023,26,3,12:00:00,2,0,0
2023-03-26,2023,26,3,14:00:00,134,88,25
2023-03-26,2023,26,3,15:00:00,182,159,27
2023-03-26,2023,26,3,16:00:00,163,169,22
2023-03-26,2023,26,3,17:00:00,222,385,15
2023-03-26,2023,26,3,18:00:00,15,2,0
2023-03-26,2023,26,3,22:00:00,5,0,0
2023-03-27,2023,27,3,07:00:00,1,0,0
2023-03-27,2023,27,3,08:00:00,7,0,0
2023-03-28,2023,28,3,08:00:00,4,0,0
2023-03-28,2023,28,3,09:00:00,25,10,11
2023-03-28,2023,28,3,10:00:00,64,87,9
2023-03-28,2023,28,3,11:00:00,40,62,15
2023-03-28,2023,28,3,12:00:00,112,51,13
2023-03-28,2023,28,3,13:00:00,169,93,19
2023-03-28,2023,28,3,14:00:00,73,93,17
2023-03-28,2023,28,3,15:00:00,101,131,24
2023-03-28,2023,28,3,16:00:00,103,88,24
2023-03-28,2023,28,3,17:00:00,136,99,21
2023-03-28,2023,28,3,18:00:00,48,95,12
2023-03-28,2023,28,3,19:00:00,1,0,0
2023-03-29,2023,29,3,07:00:00,3,0,0
2023-03-29,2023,29,3,08:00:00,12,0,0
2023-03-29,2023,29,3,09:00:00,80,13,10
2023-03-29,2023,29,3,10:00:00,178,123,11
2023-03-29,2023,29,3,11:00:00,111,134,9
2023-03-29,2023,29,3,12:00:00,147,103,26
2023-03-29,2023,29,3,13:00:00,191,196,23
2023-03-29,2023,29,3,14:00:00,165,222,28
2023-03-29,2023,29,3,15:00:00,197,165,25
2023-03-29,2023,29,3,16:00:00,297,220,27
2023-03-29,2023,29,3,17:00:00,144,193,21
2023-03-29,2023,29,3,18:00:00,50,140,14
2023-03-29,2023,29,3,19:00:00,2,0,0
2023-03-30,2023,30,3,08:00:00,8,0,0
2023-03-30,2023,30,3,09:00:00,54,7,7
2023-03-30,2023,30,3,10:00:00,106,55,6
2023-03-30,2023,30,3,11:00:00,72,92,15
2023-03-30,2023,30,3,12:00:00,76,71,24
2023-03-30,2023,30,3,13:00:00,32,81,12
2023-03-30,2023,30,3,14:00:00,69,42,14
2023-03-30,2023,30,3,15:00:00,78,47,23
2023-03-30,2023,30,3,16:00:00,151,116,23
2023-03-30,2023,30,3,17:00:00,86,176,17
2023-03-30,2023,30,3,18:00:00,30,60,8
2023-03-30,2023,30,3,19:00:00,1,0,0
2023-03-31,2023,31,3,08:00:00,32,0,0
2023-03-31,2023,31,3,09:00:00,54,7,18
2023-03-31,2023,31,3,10:00:00,52,153,12
2023-03-31,2023,31,3,11:00:00,56,73,15
2023-03-31,2023,31,3,12:00:00,19,49,17
2023-03-31,2023,31,3,13:00:00,60,61,8
2023-03-31,2023,31,3,14:00:00,75,76,21
2023-03-31,2023,31,3,15:00:00,48,58,23
2023-03-31,2023,31,3,16:00:00,77,51,25
2023-03-31,2023,31,3,17:00:00,111,70,29
2023-03-31,2023,31,3,18:00:00,44,135,12
2023-03-31,2023,31,3,19:00:00,12,0,0
2023-03-31,2023,31,3,21:00:00,7,0,0
2023-03-31,2023,31,3,22:00:00,1,0,0
2023-04-01,2023,1,4,08:00:00,4,0,0
2023-04-01,2023,1,4,09:00:00,91,22,9
2023-04-01,2023,1,4,10:00:00,102,119,18
2023-04-01,2023,1,4,11:00:00,156,183,12
2023-04-01,2023,1,4,12:00:00,87,112,8
2023-04-01,2023,1,4,13:00:00,156,181,15
2023-04-01,2023,1,4,14:00:00,209,114,34
2023-04-01,2023,1,4,15:00:00,283,257,26
2023-04-01,2023,1,4,16:00:00,208,289,25
2023-04-01,2023,1,4,17:00:00,166,245,20
2023-04-01,2023,1,4,18:00:00,117,255,8
2023-04-02,2023,2,4,09:00:00,4,0,0
2023-04-02,2023,2,4,10:00:00,6,0,0
2023-04-02,2023,2,4,11:00:00,4,0,0
2023-04-02,2023,2,4,13:00:00,10,2,0
2023-04-02,2023,2,4,14:00:00,273,167,25
2023-04-02,2023,2,4,15:00:00,234,299,25
2023-04-02,2023,2,4,16:00:00,165,192,17
2023-04-02,2023,2,4,17:00:00,160,334,11
2023-04-02,2023,2,4,18:00:00,1,12,0
2023-04-03,2023,3,4,07:00:00,4,0,0
2023-04-03,2023,3,4,08:00:00,11,0,0
2023-04-03,2023,3,4,09:00:00,1,0,0
2023-04-03,2023,3,4,10:00:00,2,0,0
2023-04-03,2023,3,4,12:00:00,1,0,0
2023-04-03,2023,3,4,13:00:00,30,0,0
2023-04-03,2023,3,4,14:00:00,3,0,0
2023-04-03,2023,3,4,15:00:00,9,0,0
2023-04-03,2023,3,4,16:00:00,33,0,0
2023-04-03,2023,3,4,17:00:00,4,0,0
2023-04-03,2023,3,4,18:00:00,1,0,0
2023-04-04,2023,4,4,06:00:00,3,0,0
2023-04-04,2023,4,4,07:00:00,2,0,0
2023-04-04,2023,4,4,08:00:00,8,0,1
2023-04-04,2023,4,4,09:00:00,135,126,12
2023-04-04,2023,4,4,10:00:00,112,172,15
2023-04-04,2023,4,4,11:00:00,72,177,18
2023-04-04,2023,4,4,12:00:00,112,61,25
2023-04-04,2023,4,4,13:00:00,89,124,19
2023-04-04,2023,4,4,14:00:00,82,148,22
2023-04-04,2023,4,4,15:00:00,132,125,17
2023-04-04,2023,4,4,16:00:00,110,139,21
2023-04-04,2023,4,4,17:00:00,120,165,11
2023-04-04,2023,4,4,18:00:00,60,46,8
2023-04-05,2023,5,4,07:00:00,2,0,0
2023-04-05,2023,5,4,08:00:00,5,0,0
2023-04-05,2023,5,4,09:00:00,94,75,10
2023-04-05,2023,5,4,10:00:00,198,132,20
2023-04-05,2023,5,4,11:00:00,94,188,21
2023-04-05,2023,5,4,12:00:00,114,87,31
2023-04-05,2023,5,4,13:00:00,147,137,37
2023-04-05,2023,5,4,14:00:00,121,139,41
2023-04-05,2023,5,4,15:00:00,324,374,44
2023-04-05,2023,5,4,16:00:00,241,233,39
2023-04-05,2023,5,4,17:00:00,162,269,21
2023-04-05,2023,5,4,18:00:00,92,74,18
2023-04-05,2023,5,4,19:00:00,10,0,0
2023-04-05,2023,5,4,20:00:00,1,0,0
2023-04-06,2023,6,4,08:00:00,4,0,0
2023-04-06,2023,6,4,09:00:00,12,0,4
2023-04-06,2023,6,4,10:00:00,89,27,17
2023-04-06,2023,6,4,11:00:00,81,56,21
2023-04-06,2023,6,4,12:00:00,84,77,14
2023-04-06,2023,6,4,13:00:00,49,84,18
2023-04-06,2023,6,4,14:00:00,40,46,21
2023-04-06,2023,6,4,15:00:00,67,144,18
2023-04-06,2023,6,4,16:00:00,85,92,21
2023-04-06,2023,6,4,17:00:00,67,108,17
2023-04-06,2023,6,4,18:00:00,64,46,10
2023-04-07,2023,7,4,08:00:00,2,0,0
2023-04-07,2023,7,4,09:00:00,51,7,17
2023-04-07,2023,7,4,10:00:00,77,54,15
2023-04-07,2023,7,4,11:00:00,58,44,16
2023-04-07,2023,7,4,12:00:00,84,117,11
2023-04-07,2023,7,4,13:00:00,152,173,13
2023-04-07,2023,7,4,14:00:00,141,104,18
2023-04-07,2023,7,4,15:00:00,86,113,27
2023-04-07,2023,7,4,16:00:00,49,68,24
2023-04-07,2023,7,4,17:00:00,116,116,20
2023-04-07,2023,7,4,18:00:00,91,139,9
2023-04-07,2023,7,4,19:00:00,6,23,0
2023-04-07,2023,7,4,20:00:00,3,0,0
2023-04-08,2023,8,4,08:00:00,9,0,0
2023-04-08,2023,8,4,09:00:00,91,35,12
2023-04-08,2023,8,4,10:00:00,154,188,12
2023-04-08,2023,8,4,11:00:00,129,176,16
2023-04-08,2023,8,4,12:00:00,182,172,21
2023-04-08,2023,8,4,13:00:00,126,136,14
2023-04-08,2023,8,4,14:00:00,212,158,43
2023-04-08,2023,8,4,15:00:00,337,368,40
2023-04-08,2023,8,4,16:00:00,371,446,28
2023-04-08,2023,8,4,17:00:00,134,192,23
2023-04-08,2023,8,4,18:00:00,125,212,5
2023-04-08,2023,8,4,19:00:00,1,40,0
2023-04-08,2023,8,4,20:00:00,1,0,0
2023-04-09,2023,9,4,12:00:00,7,0,0
2023-04-09,2023,9,4,14:00:00,5,0,0
2023-04-09,2023,9,4,15:00:00,16,0,0
2023-04-09,2023,9,4,16:00:00,5,0,0
2023-04-09,2023,9,4,17:00:00,10,0,0
2023-04-09,2023,9,4,18:00:00,3,0,0
2023-04-09,2023,9,4,19:00:00,1,0,0
2023-04-10,2023,10,4,10:00:00,8,0,0
2023-04-10,2023,10,4,11:00:00,14,0,0
2023-04-10,2023,10,4,12:00:00,3,0,0
2023-04-10,2023,10,4,13:00:00,3,0,0
2023-04-10,2023,10,4,14:00:00,14,0,0
2023-04-10,2023,10,4,15:00:00,3,0,0
2023-04-10,2023,10,4,16:00:00,7,0,0
2023-04-10,2023,10,4,18:00:00,6,0,0
2023-04-10,2023,10,4,19:00:00,2,0,0
2023-04-10,2023,10,4,21:00:00,2,0,0
2023-04-11,2023,11,4,07:00:00,4,0,0
2023-04-11,2023,11,4,08:00:00,8,0,0
2023-04-11,2023,11,4,09:00:00,91,12,11
2023-04-11,2023,11,4,10:00:00,125,109,31
2023-04-11,2023,11,4,11:00:00,69,75,21
2023-04-11,2023,11,4,12:00:00,98,69,19
2023-04-11,2023,11,4,13:00:00,157,88,18
2023-04-11,2023,11,4,14:00:00,46,40,28
2023-04-11,2023,11,4,15:00:00,134,108,30
2023-04-11,2023,11,4,16:00:00,313,230,14
2023-04-11,2023,11,4,17:00:00,354,359,9
2023-04-11,2023,11,4,18:00:00,51,60,16
2023-04-11,2023,11,4,19:00:00,5,0,0
2023-04-11,2023,11,4,20:00:00,1,0,0
2023-04-12,2023,12,4,06:00:00,4,0,0
2023-04-12,2023,12,4,07:00:00,1,0,0
2023-04-12,2023,12,4,08:00:00,4,0,0
2023-04-12,2023,12,4,09:00:00,205,108,11
2023-04-12,2023,12,4,10:00:00,621,299,14
2023-04-12,2023,12,4,11:00:00,299,222,20
2023-04-12,2023,12,4,12:00:00,168,174,19
2023-04-12,2023,12,4,13:00:00,271,175,26
2023-04-12,2023,12,4,14:00:00,141,183,27
2023-04-12,2023,12,4,15:00:00,414,377,45
2023-04-12,2023,12,4,16:00:00,290,303,35
2023-04-12,2023,12,4,17:00:00,324,284,25
2023-04-12,2023,12,4,18:00:00,41,196,14
2023-04-12,2023,12,4,19:00:00,6,5,0
2023-04-13,2023,13,4,09:00:00,35,10,11
2023-04-13,2023,13,4,10:00:00,71,49,18
2023-04-13,2023,13,4,11:00:00,162,95,16
2023-04-13,2023,13,4,12:00:00,154,164,20
2023-04-13,2023,13,4,13:00:00,178,181,20
2023-04-13,2023,13,4,14:00:00,144,100,26
2023-04-13,2023,13,4,15:00:00,197,177,24
2023-04-13,2023,13,4,16:00:00,295,232,20
2023-04-13,2023,13,4,17:00:00,154,167,17
2023-04-13,2023,13,4,18:00:00,99,128,12
2023-04-13,2023,13,4,19:00:00,4,0,0
2023-04-14,2023,14,4,00:00:00,1,0,0
2023-04-14,2023,14,4,06:00:00,10,0,0
2023-04-14,2023,14,4,07:00:00,3,0,0
2023-04-14,2023,14,4,08:00:00,12,0,0
2023-04-14,2023,14,4,09:00:00,77,8,8
2023-04-14,2023,14,4,10:00:00,76,69,10
2023-04-14,2023,14,4,11:00:00,143,87,18
2023-04-14,2023,14,4,12:00:00,149,117,11
2023-04-14,2023,14,4,13:00:00,256,162,19
2023-04-14,2023,14,4,14:00:00,89,69,25
2023-04-14,2023,14,4,15:00:00,227,246,22
2023-04-14,2023,14,4,16:00:00,421,295,18
2023-04-14,2023,14,4,17:00:00,496,400,15
2023-04-14,2023,14,4,18:00:00,99,240,11
2023-04-14,2023,14,4,19:00:00,0,4,0
2023-04-14,2023,14,4,21:00:00,7,0,0
2023-04-15,2023,15,4,08:00:00,3,0,0
2023-04-15,2023,15,4,09:00:00,305,242,2
2023-04-15,2023,15,4,10:00:00,504,242,10
2023-04-15,2023,15,4,11:00:00,294,432,12
2023-04-15,2023,15,4,12:00:00,231,189,14
2023-04-15,2023,15,4,13:00:00,189,167,15
2023-04-15,2023,15,4,14:00:00,232,161,22
2023-04-15,2023,15,4,15:00:00,251,243,26
2023-04-15,2023,15,4,16:00:00,318,282,28
2023-04-15,2023,15,4,17:00:00,204,405,20
2023-04-15,2023,15,4,18:00:00,112,151,11
2023-04-15,2023,15,4,19:00:00,2,0,0
2023-04-16,2023,16,4,09:00:00,4,0,0
2023-04-16,2023,16,4,10:00:00,23,0,0
2023-04-16,2023,16,4,13:00:00,13,0,0
2023-04-16,2023,16,4,14:00:00,4,0,0
2023-04-16,2023,16,4,15:00:00,21,0,0
2023-04-16,2023,16,4,16:00:00,26,0,0
2023-04-16,2023,16,4,17:00:00,29,0,0
2023-04-16,2023,16,4,18:00:00,7,0,0
2023-04-17,2023,17,4,07:00:00,3,0,0
2023-04-17,2023,17,4,09:00:00,9,0,0
2023-04-17,2023,17,4,10:00:00,9,0,0
2023-04-17,2023,17,4,11:00:00,1,0,0
2023-04-17,2023,17,4,12:00:00,8,0,0
2023-04-17,2023,17,4,13:00:00,26,0,0
2023-04-17,2023,17,4,14:00:00,11,0,0
2023-04-17,2023,17,4,15:00:00,6,0,0
2023-04-17,2023,17,4,16:00:00,30,0,0
2023-04-17,2023,17,4,17:00:00,16,0,0
2023-04-17,2023,17,4,18:00:00,3,0,0
2023-04-17,2023,17,4,19:00:00,3,0,0
2023-04-17,2023,17,4,22:00:00,1,0,0
2023-04-18,2023,18,4,04:00:00,2,0,0
2023-04-18,2023,18,4,08:00:00,17,0,0
2023-04-18,2023,18,4,09:00:00,83,42,8
2023-04-18,2023,18,4,10:00:00,129,188,18
2023-04-18,2023,18,4,11:00:00,211,197,20
2023-04-18,2023,18,4,12:00:00,58,153,15
2023-04-18,2023,18,4,13:00:00,133,109,12
2023-04-18,2023,18,4,14:00:00,123,241,27
2023-04-18,2023,18,4,15:00:00,167,218,21
2023-04-18,2023,18,4,16:00:00,149,194,24
2023-04-18,2023,18,4,17:00:00,153,152,19
2023-04-18,2023,18,4,18:00:00,13,1,0
2023-04-18,2023,18,4,19:00:00,2,0,0
2023-04-19,2023,19,4,08:00:00,7,0,0
2023-04-19,2023,19,4,09:00:00,32,2,12
2023-04-19,2023,19,4,10:00:00,173,67,14
2023-04-19,2023,19,4,11:00:00,109,118,17
2023-04-19,2023,19,4,12:00:00,124,148,17
2023-04-19,2023,19,4,13:00:00,97,104,15
2023-04-19,2023,19,4,14:00:00,113,77,21
2023-04-19,2023,19,4,15:00:00,190,217,25
2023-04-19,2023,19,4,16:00:00,136,217,20
2023-04-19,2023,19,4,17:00:00,153,192,16
2023-04-19,2023,19,4,18:00:00,21,0,0
2023-04-20,2023,20,4,06:00:00,9,0,0
2023-04-20,2023,20,4,07:00:00,4,0,0
2023-04-20,2023,20,4,08:00:00,5,0,1
2023-04-20,2023,20,4,09:00:00,26,7,4
2023-04-20,2023,20,4,10:00:00,54,60,13
2023-04-20,2023,20,4,11:00:00,69,52,14
2023-04-20,2023,20,4,12:00:00,103,119,12
2023-04-20,2023,20,4,13:00:00,121,99,13
2023-04-20,2023,20,4,14:00:00,150,107,15
2023-04-20,2023,20,4,15:00:00,67,115,25
2023-04-20,2023,20,4,16:00:00,135,129,15
2023-04-20,2023,20,4,17:00:00,77,175,17
2023-04-20,2023,20,4,23:00:00,7,0,0
2023-04-21,2023,21,4,07:00:00,6,0,0
2023-04-21,2023,21,4,08:00:00,2,0,0
2023-04-21,2023,21,4,09:00:00,55,12,16
2023-04-21,2023,21,4,10:00:00,64,74,10
2023-04-21,2023,21,4,11:00:00,114,78,12
2023-04-21,2023,21,4,12:00:00,70,65,9
2023-04-21,2023,21,4,13:00:00,130,147,8
2023-04-21,2023,21,4,14:00:00,84,78,16
2023-04-21,2023,21,4,15:00:00,125,158,14
2023-04-21,2023,21,4,16:00:00,137,162,16
2023-04-21,2023,21,4,17:00:00,103,111,8
2023-04-21,2023,21,4,18:00:00,1,1,0
2023-04-21,2023,21,4,22:00:00,5,0,0
2023-04-22,2023,22,4,08:00:00,10,0,0
2023-04-22,2023,22,4,09:00:00,59,28,13
2023-04-22,2023,22,4,10:00:00,141,113,11
2023-04-22,2023,22,4,11:00:00,208,227,15
2023-04-22,2023,22,4,12:00:00,116,119,6
2023-04-22,2023,22,4,13:00:00,108,96,13
2023-04-22,2023,22,4,14:00:00,223,260,27
2023-04-22,2023,22,4,15:00:00,186,204,24
2023-04-22,2023,22,4,16:00:00,211,189,16
2023-04-22,2023,22,4,17:00:00,162,261,19
2023-04-22,2023,22,4,18:00:00,8,18,0
2023-04-22,2023,22,4,19:00:00,2,0,0
2023-04-23,2023,23,4,08:00:00,8,0,0
2023-04-23,2023,23,4,10:00:00,5,0,0
2023-04-23,2023,23,4,11:00:00,16,0,0
2023-04-23,2023,23,4,13:00:00,1,0,0
2023-04-23,2023,23,4,14:00:00,5,0,0
2023-04-23,2023,23,4,15:00:00,25,0,0
2023-04-23,2023,23,4,16:00:00,12,0,0
2023-04-23,2023,23,4,17:00:00,3,0,0
2023-04-24,2023,24,4,09:00:00,1,0,0
2023-04-24,2023,24,4,12:00:00,4,0,0
2023-04-24,2023,24,4,14:00:00,22,0,0
2023-04-24,2023,24,4,16:00:00,18,0,0
2023-04-24,2023,24,4,17:00:00,45,0,0
2023-04-24,2023,24,4,18:00:00,5,0,0
2023-04-24,2023,24,4,21:00:00,1,0,0
2023-04-25,2023,25,4,06:00:00,3,0,0
2023-04-25,2023,25,4,07:00:00,5,0,0
2023-04-25,2023,25,4,08:00:00,14,0,0
2023-04-25,2023,25,4,09:00:00,64,38,14
2023-04-25,2023,25,4,10:00:00,209,118,27
2023-04-25,2023,25,4,11:00:00,94,174,17
2023-04-25,2023,25,4,12:00:00,126,169,21
2023-04-25,2023,25,4,13:00:00,215,167,26
2023-04-25,2023,25,4,14:00:00,172,228,21
2023-04-25,2023,25,4,15:00:00,153,214,35
2023-04-25,2023,25,4,16:00:00,207,177,37
2023-04-25,2023,25,4,17:00:00,188,230,12
2023-04-25,2023,25,4,18:00:00,24,49,0
2023-04-25,2023,25,4,19:00:00,2,0,0
2023-04-26,2023,26,4,07:00:00,2,0,0
2023-04-26,2023,26,4,08:00:00,40,0,0
2023-04-26,2023,26,4,09:00:00,45,7,6
2023-04-26,2023,26,4,10:00:00,88,106,13
2023-04-26,2023,26,4,11:00:00,171,113,19
2023-04-26,2023,26,4,12:00:00,133,98,23
2023-04-26,2023,26,4,13:00:00,190,115,11
2023-04-26,2023,26,4,14:00:00,198,111,17
2023-04-26,2023,26,4,15:00:00,229,248,29
2023-04-26,2023,26,4,16:00:00,159,220,30
2023-04-26,2023,26,4,17:00:00,149,305,22
2023-04-26,2023,26,4,18:00:00,5,21,0
2023-04-26,2023,26,4,19:00:00,1,0,0
2023-04-26,2023,26,4,22:00:00,2,0,0
2023-04-27,2023,27,4,07:00:00,16,0,0
2023-04-27,2023,27,4,08:00:00,19,0,0
2023-04-27,2023,27,4,09:00:00,32,16,10
2023-04-27,2023,27,4,10:00:00,120,77,9
2023-04-27,2023,27,4,11:00:00,64,134,19
2023-04-27,2023,27,4,12:00:00,67,87,20
2023-04-27,2023,27,4,13:00:00,82,71,18
2023-04-27,2023,27,4,14:00:00,149,109,32
2023-04-27,2023,27,4,15:00:00,129,141,34
2023-04-27,2023,27,4,16:00:00,120,144,33
2023-04-27,2023,27,4,17:00:00,59,127,17
2023-04-27,2023,27,4,18:00:00,15,2,0
2023-04-27,2023,27,4,20:00:00,5,0,0
2023-04-28,2023,28,4,06:00:00,4,0,0
2023-04-28,2023,28,4,08:00:00,26,0,0
2023-04-28,2023,28,4,09:00:00,46,78,11
2023-04-28,2023,28,4,10:00:00,117,69,15
2023-04-28,2023,28,4,11:00:00,94,95,10
2023-04-28,2023,28,4,12:00:00,67,132,18
2023-04-28,2023,28,4,13:00:00,118,154,23
2023-04-28,2023,28,4,14:00:00,143,116,19
2023-04-28,2023,28,4,15:00:00,190,100,24
2023-04-28,2023,28,4,16:00:00,133,218,28
2023-04-28,2023,28,4,17:00:00,182,210,21
2023-04-28,2023,28,4,18:00:00,14,17,0
2023-04-29,2023,29,4,08:00:00,14,0,0
2023-04-29,2023,29,4,09:00:00,36,14,8
2023-04-29,2023,29,4,10:00:00,151,124,16
2023-04-29,2023,29,4,11:00:00,147,179,20
2023-04-29,2023,29,4,12:00:00,107,89,17
2023-04-29,2023,29,4,13:00:00,175,143,19
2023-04-29,2023,29,4,14:00:00,153,184,26
2023-04-29,2023,29,4,15:00:00,119,149,30
2023-04-29,2023,29,4,16:00:00,221,267,28
2023-04-29,2023,29,4,17:00:00,132,376,16
2023-04-30,2023,30,4,08:00:00,3,0,0
2023-04-30,2023,30,4,09:00:00,22,0,0
2023-04-30,2023,30,4,10:00:00,3,0,0
2023-04-30,2023,30,4,11:00:00,32,0,0
2023-04-30,2023,30,4,12:00:00,1,0,0
2023-04-30,2023,30,4,13:00:00,3,0,0
2023-04-30,2023,30,4,14:00:00,15,0,0
2023-04-30,2023,30,4,15:00:00,24,0,0
2023-04-30,2023,30,4,16:00:00,2,0,0
2023-04-30,2023,30,4,20:00:00,2,0,0
2023-04-30,2023,30,4,23:00:00,1,0,0
2023-05-01,2023,1,5,10:00:00,8,0,0
2023-05-01,2023,1,5,11:00:00,1,0,0
2023-05-01,2023,1,5,13:00:00,14,0,0
2023-05-01,2023,1,5,14:00:00,2,0,0
2023-05-01,2023,1,5,15:00:00,1,0,0
2023-05-01,2023,1,5,16:00:00,6,0,0
2023-05-01,2023,1,5,17:00:00,3,0,0
2023-05-02,2023,2,5,07:00:00,6,0,0
2023-05-02,2023,2,5,08:00:00,9,0,0
2023-05-02,2023,2,5,09:00:00,117,47,24
2023-05-02,2023,2,5,10:00:00,109,72,24
2023-05-02,2023,2,5,11:00:00,47,77,18
2023-05-02,2023,2,5,12:00:00,152,79,18
2023-05-02,2023,2,5,13:00:00,68,54,22
2023-05-02,2023,2,5,14:00:00,48,73,22
2023-05-02,2023,2,5,15:00:00,131,74,27
2023-05-02,2023,2,5,16:00:00,92,111,29
2023-05-02,2023,2,5,17:00:00,193,137,25
2023-05-02,2023,2,5,18:00:00,97,64,11
2023-05-02,2023,2,5,21:00:00,20,0,0
2023-05-03,2023,3,5,07:00:00,6,0,0
2023-05-03,2023,3,5,08:00:00,19,0,0
2023-05-03,2023,3,5,09:00:00,70,16,9
2023-05-03,2023,3,5,10:00:00,253,92,23
2023-05-03,2023,3,5,11:00:00,126,150,26
2023-05-03,2023,3,5,12:00:00,142,111,24
2023-05-03,2023,3,5,13:00:00,129,113,25
2023-05-03,2023,3,5,14:00:00,236,288,41
2023-05-03,2023,3,5,15:00:00,252,304,35
2023-05-03,2023,3,5,16:00:00,184,251,21
2023-05-03,2023,3,5,17:00:00,184,163,27
2023-05-03,2023,3,5,18:00:00,107,121,11
2023-05-03,2023,3,5,19:00:00,1,0,0
2023-05-03,2023,3,5,20:00:00,2,0,0
2023-05-04,2023,4,5,07:00:00,11,0,0
2023-05-04,2023,4,5,08:00:00,11,0,0
2023-05-04,2023,4,5,09:00:00,43,11,12
2023-05-04,2023,4,5,10:00:00,51,28,22
2023-05-04,2023,4,5,11:00:00,86,52,11
2023-05-04,2023,4,5,12:00:00,67,56,14
2023-05-04,2023,4,5,13:00:00,39,35,20
2023-05-04,2023,4,5,14:00:00,30,39,14
2023-05-04,2023,4,5,15:00:00,90,98,27
2023-05-04,2023,4,5,16:00:00,69,73,23
2023-05-04,2023,4,5,17:00:00,125,44,22
2023-05-04,2023,4,5,18:00:00,92,114,10
2023-05-05,2023,5,5,06:00:00,4,0,0
2023-05-05,2023,5,5,08:00:00,11,0,0
2023-05-05,2023,5,5,09:00:00,99,20,18
2023-05-05,2023,5,5,10:00:00,57,63,25
2023-05-05,2023,5,5,11:00:00,88,108,17
2023-05-05,2023,5,5,12:00:00,32,49,13
2023-05-05,2023,5,5,13:00:00,55,70,12
2023-05-05,2023,5,5,14:00:00,81,85,17
2023-05-05,2023,5,5,15:00:00,92,131,12
2023-05-05,2023,5,5,16:00:00,129,141,19
2023-05-05,2023,5,5,17:00:00,88,84,27
2023-05-05,2023,5,5,18:00:00,113,156,14
2023-05-05,2023,5,5,19:00:00,8,10,0
2023-05-06,2023,6,5,08:00:00,11,0,0
2023-05-06,2023,6,5,09:00:00,109,68,9
2023-05-06,2023,6,5,10:00:00,186,123,10
2023-05-06,2023,6,5,11:00:00,291,210,19
2023-05-06,2023,6,5,12:00:00,101,128,22
2023-05-06,2023,6,5,13:00:00,71,59,9
2023-05-06,2023,6,5,14:00:00,114,97,29
2023-05-06,2023,6,5,15:00:00,381,304,26
2023-05-06,2023,6,5,16:00:00,182,362,30
2023-05-06,2023,6,5,17:00:00,191,219,23
2023-05-06,2023,6,5,18:00:00,101,209,12
2023-05-06,2023,6,5,19:00:00,2,0,0
2023-05-07,2023,7,5,13:00:00,21,0,0
2023-05-07,2023,7,5,14:00:00,274,165,14
2023-05-07,2023,7,5,15:00:00,218,305,14
2023-05-07,2023,7,5,16:00:00,110,315,16
2023-05-07,2023,7,5,17:00:00,107,178,14
2023-05-07,2023,7,5,18:00:00,3,0,0
2023-05-07,2023,7,5,22:00:00,12,0,0
2023-05-08,2023,8,5,10:00:00,2,0,0
2023-05-08,2023,8,5,11:00:00,4,0,0
2023-05-08,2023,8,5,12:00:00,5,0,0
2023-05-08,2023,8,5,14:00:00,1,0,0
2023-05-08,2023,8,5,15:00:00,25,0,0
2023-05-08,2023,8,5,16:00:00,4,0,0
2023-05-08,2023,8,5,17:00:00,17,0,0
2023-05-09,2023,9,5,07:00:00,4,0,0
2023-05-09,2023,9,5,08:00:00,7,0,0
2023-05-09,2023,9,5,09:00:00,49,13,25
2023-05-09,2023,9,5,10:00:00,68,122,19
2023-05-09,2023,9,5,11:00:00,79,52,15
2023-05-09,2023,9,5,12:00:00,88,63,13
2023-05-09,2023,9,5,13:00:00,143,105,24
2023-05-09,2023,9,5,14:00:00,89,155,29
2023-05-09,2023,9,5,15:00:00,110,94,19
2023-05-09,2023,9,5,16:00:00,92,98,25
2023-05-09,2023,9,5,17:00:00,109,99,12
2023-05-09,2023,9,5,18:00:00,112,84,6
2023-05-09,2023,9,5,19:00:00,5,0,0
2023-05-09,2023,9,5,20:00:00,1,0,0
2023-05-10,2023,10,5,08:00:00,6,0,0
2023-05-10,2023,10,5,09:00:00,32,8,15
2023-05-10,2023,10,5,10:00:00,179,48,16
2023-05-10,2023,10,5,11:00:00,177,194,16
2023-05-10,2023,10,5,12:00:00,160,157,23
2023-05-10,2023,10,5,13:00:00,112,188,26
2023-05-10,2023,10,5,14:00:00,179,108,34
2023-05-10,2023,10,5,15:00:00,211,281,41
2023-05-10,2023,10,5,16:00:00,216,216,37
2023-05-10,2023,10,5,17:00:00,214,167,29
2023-05-10,2023,10,5,18:00:00,129,201,17
2023-05-10,2023,10,5,19:00:00,6,5,0
2023-05-10,2023,10,5,21:00:00,3,0,0
2023-05-11,2023,11,5,06:00:00,2,0,0
2023-05-11,2023,11,5,07:00:00,1,0,0
2023-05-11,2023,11,5,08:00:00,12,0,0
2023-05-11,2023,11,5,09:00:00,76,33,12
2023-05-11,2023,11,5,10:00:00,66,85,14
2023-05-11,2023,11,5,11:00:00,61,18,17
2023-05-11,2023,11,5,12:00:00,52,65,24
2023-05-11,2023,11,5,13:00:00,32,19,25
2023-05-11,2023,11,5,14:00:00,48,60,36
2023-05-11,2023,11,5,15:00:00,50,59,14
2023-05-11,2023,11,5,16:00:00,47,64,17
2023-05-11,2023,11,5,17:00:00,34,36,31
2023-05-11,2023,11,5,18:00:00,25,35,7
2023-05-11,2023,11,5,19:00:00,0,8,0
2023-05-12,2023,12,5,08:00:00,2,0,1
2023-05-12,2023,12,5,09:00:00,25,15,16
2023-05-12,2023,12,5,10:00:00,105,50,23
2023-05-12,2023,12,5,11:00:00,42,52,13
2023-05-12,2023,12,5,12:00:00,110,72,15
2023-05-12,2023,12,5,13:00:00,43,45,10
2023-05-12,2023,12,5,14:00:00,72,99,18
2023-05-12,2023,12,5,15:00:00,132,90,22
2023-05-12,2023,12,5,16:00:00,110,103,25
2023-05-12,2023,12,5,17:00:00,118,154,22
2023-05-12,2023,12,5,18:00:00,52,99,15
2023-05-12,2023,12,5,19:00:00,1,0,0
2023-05-13,2023,13,5,07:00:00,23,0,0
2023-05-13,2023,13,5,08:00:00,4,0,0
2023-05-13,2023,13,5,09:00:00,90,8,14
2023-05-13,2023,13,5,10:00:00,243,222,11
2023-05-13,2023,13,5,11:00:00,170,250,21
2023-05-13,2023,13,5,12:00:00,204,127,8
2023-05-13,2023,13,5,13:00:00,120,104,12
2023-05-13,2023,13,5,14:00:00,192,164,29
2023-05-13,2023,13,5,15:00:00,180,132,28
2023-05-13,2023,13,5,16:00:00,251,264,29
2023-05-13,2023,13,5,17:00:00,170,211,28
2023-05-13,2023,13,5,18:00:00,67,123,21
2023-05-13,2023,13,5,19:00:00,26,0,0
2023-05-13,2023,13,5,20:00:00,5,0,0
2023-05-14,2023,14,5,09:00:00,1,0,0
2023-05-14,2023,14,5,10:00:00,2,0,0
2023-05-14,2023,14,5,12:00:00,15,0,0
2023-05-14,2023,14,5,13:00:00,9,0,0
2023-05-14,2023,14,5,14:00:00,152,142,11
2023-05-14,2023,14,5,15:00:00,70,36,20
2023-05-14,2023,14,5,16:00:00,96,141,13
2023-05-14,2023,14,5,17:00:00,152,247,10
2023-05-14,2023,14,5,18:00:00,8,0,0
2023-05-15,2023,15,5,08:00:00,6,0,0
2023-05-15,2023,15,5,09:00:00,16,0,0
2023-05-15,2023,15,5,11:00:00,2,0,0
2023-05-15,2023,15,5,13:00:00,3,0,0
2023-05-15,2023,15,5,14:00:00,9,0,0
2023-05-15,2023,15,5,15:00:00,9,0,0
2023-05-15,2023,15,5,17:00:00,1,0,0
2023-05-15,2023,15,5,18:00:00,4,0,0
2023-05-15,2023,15,5,21:00:00,4,0,0
2023-05-16,2023,16,5,07:00:00,2,0,0
2023-05-16,2023,16,5,08:00:00,18,0,0
2023-05-16,2023,16,5,09:00:00,160,16,29
2023-05-16,2023,16,5,10:00:00,92,80,24
2023-05-16,2023,16,5,11:00:00,112,102,19
2023-05-16,2023,16,5,12:00:00,191,119,19
2023-05-16,2023,16,5,13:00:00,78,86,22
2023-05-16,2023,16,5,14:00:00,149,118,31
2023-05-16,2023,16,5,15:00:00,133,133,20
2023-05-16,2023,16,5,16:00:00,105,70,29
2023-05-16,2023,16,5,17:00:00,54,80,20
2023-05-16,2023,16,5,18:00:00,71,77,12
2023-05-16,2023,16,5,19:00:00,2,4,0
2023-05-16,2023,16,5,20:00:00,3,0,0
2023-05-17,2023,17,5,06:00:00,2,0,0
2023-05-17,2023,17,5,07:00:00,9,0,0
2023-05-17,2023,17,5,08:00:00,11,0,0
2023-05-17,2023,17,5,09:00:00,93,65,18
2023-05-17,2023,17,5,10:00:00,178,106,19
2023-05-17,2023,17,5,11:00:00,160,195,18
2023-05-17,2023,17,5,12:00:00,136,225,19
2023-05-17,2023,17,5,13:00:00,142,148,32
2023-05-17,2023,17,5,14:00:00,170,191,37
2023-05-17,2023,17,5,15:00:00,260,166,32
2023-05-17,2023,17,5,16:00:00,166,233,38
2023-05-17,2023,17,5,17:00:00,102,162,20
2023-05-17,2023,17,5,18:00:00,98,136,13
2023-05-17,2023,17,5,20:00:00,4,0,0
2023-05-18,2023,18,5,09:00:00,14,0,0
2023-05-18,2023,18,5,10:00:00,10,0,0
2023-05-18,2023,18,5,14:00:00,1,0,0
2023-05-18,2023,18,5,15:00:00,3,0,0
2023-05-18,2023,18,5,16:00:00,1,0,0
2023-05-18,2023,18,5,17:00:00,3,0,0
2023-05-18,2023,18,5,19:00:00,3,0,0
2023-05-19,2023,19,5,08:00:00,5,0,0
2023-05-19,2023,19,5,09:00:00,63,15,14
2023-05-19,2023,19,5,10:00:00,169,88,15
2023-05-19,2023,19,5,11:00:00,208,204,26
2023-05-19,2023,19,5,12:00:00,96,138,17
2023-05-19,2023,19,5,13:00:00,122,98,17
2023-05-19,2023,19,5,14:00:00,148,159,19
2023-05-19,2023,19,5,15:00:00,238,225,30
2023-05-19,2023,19,5,16:00:00,125,116,31
2023-05-19,2023,19,5,17:00:00,62,126,14
2023-05-19,2023,19,5,18:00:00,71,83,11
2023-05-19,2023,19,5,19:00:00,5,3,0
2023-05-19,2023,19,5,20:00:00,5,0,0
2023-05-20,2023,20,5,08:00:00,5,0,0
2023-05-20,2023,20,5,09:00:00,56,27,15
2023-05-20,2023,20,5,10:00:00,217,91,13
2023-05-20,2023,20,5,11:00:00,139,157,24
2023-05-20,2023,20,5,12:00:00,32,59,16
2023-05-20,2023,20,5,13:00:00,132,90,15
2023-05-20,2023,20,5,14:00:00,154,153,27
2023-05-20,2023,20,5,15:00:00,227,223,21
2023-05-20,2023,20,5,16:00:00,215,244,26
2023-05-20,2023,20,5,17:00:00,102,150,13
2023-05-20,2023,20,5,18:00:00,59,52,9
2023-05-21,2023,21,5,10:00:00,4,0,0
2023-05-21,2023,21,5,11:00:00,3,0,0
2023-05-21,2023,21,5,13:00:00,2,0,0
2023-05-21,2023,21,5,14:00:00,163,144,15
2023-05-21,2023,21,5,15:00:00,195,202,14
2023-05-21,2023,21,5,16:00:00,114,168,23
2023-05-21,2023,21,5,17:00:00,38,159,8
2023-05-21,2023,21,5,18:00:00,2,3,0
2023-05-22,2023,22,5,06:00:00,2,0,0
2023-05-22,2023,22,5,08:00:00,8,0,0
2023-05-22,2023,22,5,09:00:00,20,0,0
2023-05-22,2023,22,5,11:00:00,10,0,0
2023-05-22,2023,22,5,12:00:00,14,0,0
2023-05-22,2023,22,5,13:00:00,5,0,0
2023-05-22,2023,22,5,14:00:00,3,0,0
2023-05-22,2023,22,5,15:00:00,7,0,0
2023-05-22,2023,22,5,16:00:00,9,0,0
2023-05-22,2023,22,5,17:00:00,6,0,0
2023-05-22,2023,22,5,18:00:00,3,0,0
2023-05-23,2023,23,5,08:00:00,8,0,0
2023-05-23,2023,23,5,09:00:00,88,33,11
2023-05-23,2023,23,5,10:00:00,144,77,26
2023-05-23,2023,23,5,11:00:00,91,81,16
2023-05-23,2023,23,5,12:00:00,116,64,21
2023-05-23,2023,23,5,13:00:00,95,105,20
2023-05-23,2023,23,5,14:00:00,84,55,34
2023-05-23,2023,23,5,15:00:00,111,104,19
2023-05-23,2023,23,5,16:00:00,64,111,21
2023-05-23,2023,23,5,17:00:00,160,95,31
2023-05-23,2023,23,5,18:00:00,96,82,7
2023-05-23,2023,23,5,19:00:00,4,0,0
2023-05-23,2023,23,5,20:00:00,8,0,0
2023-05-23,2023,23,5,21:00:00,5,0,0
2023-05-24,2023,24,5,06:00:00,5,0,0
2023-05-24,2023,24,5,07:00:00,3,0,0
2023-05-24,2023,24,5,08:00:00,7,0,0
2023-05-24,2023,24,5,09:00:00,113,32,18
2023-05-24,2023,24,5,10:00:00,202,133,21
2023-05-24,2023,24,5,11:00:00,83,127,26
2023-05-24,2023,24,5,12:00:00,84,127,18
2023-05-24,2023,24,5,13:00:00,198,153,26
2023-05-24,2023,24,5,14:00:00,211,153,30
2023-05-24,2023,24,5,15:00:00,239,186,41
2023-05-24,2023,24,5,16:00:00,301,295,33
2023-05-24,2023,24,5,17:00:00,141,188,28
2023-05-24,2023,24,5,18:00:00,95,125,13
2023-05-24,2023,24,5,19:00:00,1,0,0
2023-05-24,2023,24,5,22:00:00,1,0,0
2023-05-25,2023,25,5,07:00:00,5,0,0
2023-05-25,2023,25,5,08:00:00,10,0,0
2023-05-25,2023,25,5,09:00:00,38,2,15
2023-05-25,2023,25,5,10:00:00,50,53,10
2023-05-25,2023,25,5,11:00:00,47,62,18
2023-05-25,2023,25,5,12:00:00,90,54,8
2023-05-25,2023,25,5,13:00:00,77,90,13
2023-05-25,2023,25,5,14:00:00,68,45,14
2023-05-25,2023,25,5,15:00:00,42,40,21
2023-05-25,2023,25,5,16:00:00,64,25,20
2023-05-25,2023,25,5,17:00:00,62,79,23
2023-05-25,2023,25,5,18:00:00,42,69,9
2023-05-25,2023,25,5,19:00:00,2,0,0
2023-05-26,2023,26,5,08:00:00,6,0,0
2023-05-26,2023,26,5,09:00:00,85,20,15
2023-05-26,2023,26,5,10:00:00,69,53,19
2023-05-26,2023,26,5,11:00:00,24,18,10
2023-05-26,2023,26,5,12:00:00,58,39,13
2023-05-26,2023,26,5,13:00:00,84,100,13
2023-05-26,2023,26,5,14:00:00,94,92,12
2023-05-26,2023,26,5,15:00:00,104,95,21
2023-05-26,2023,26,5,16:00:00,78,67,14
2023-05-26,2023,26,5,17:00:00,85,142,18
2023-05-26,2023,26,5,18:00:00,53,116,10
2023-05-27,2023,27,5,06:00:00,4,0,0
2023-05-27,2023,27,5,08:00:00,1,0,0
2023-05-27,2023,27,5,09:00:00,59,19,9
2023-05-27,2023,27,5,10:00:00,244,118,16
2023-05-27,2023,27,5,11:00:00,295,262,21
2023-05-27,2023,27,5,12:00:00,64,119,9
2023-05-27,2023,27,5,13:00:00,114,82,10
2023-05-27,2023,27,5,14:00:00,138,87,22
2023-05-27,2023,27,5,15:00:00,290,195,29
2023-05-27,2023,27,5,16:00:00,184,309,23
2023-05-27,2023,27,5,17:00:00,187,185,17
2023-05-27,2023,27,5,18:00:00,122,157,13
2023-05-27,2023,27,5,19:00:00,51,1,0
2023-05-28,2023,28,5,09:00:00,20,0,0
2023-05-28,2023,28,5,10:00:00,4,0,0
2023-05-28,2023,28,5,13:00:00,4,0,0
2023-05-28,2023,28,5,14:00:00,180,144,15
2023-05-28,2023,28,5,15:00:00,104,196,23
2023-05-28,2023,28,5,16:00:00,133,122,23
2023-05-28,2023,28,5,17:00:00,30,172,6
2023-05-28,2023,28,5,18:00:00,6,0,0
2023-05-30,2023,30,5,08:00:00,2,0,1
2023-05-30,2023,30,5,09:00:00,107,9,17
2023-05-30,2023,30,5,10:00:00,585,22,9
2023-05-30,2023,30,5,11:00:00,174,5,19
2023-05-30,2023,30,5,12:00:00,110,219,14
2023-05-30,2023,30,5,13:00:00,52,63,19
2023-05-30,2023,30,5,14:00:00,99,115,29
2023-05-30,2023,30,5,15:00:00,438,61,28
2023-05-30,2023,30,5,16:00:00,217,43,18
2023-05-30,2023,30,5,17:00:00,76,77,22
2023-05-30,2023,30,5,18:00:00,122,121,11
2023-05-30,2023,30,5,19:00:00,0,2,0
2023-05-31,2023,31,5,08:00:00,6,0,0
2023-05-31,2023,31,5,09:00:00,84,10,22
2023-05-31,2023,31,5,10:00:00,151,124,25
2023-05-31,2023,31,5,11:00:00,128,112,24
2023-05-31,2023,31,5,12:00:00,134,129,19
2023-05-31,2023,31,5,13:00:00,222,218,33
2023-05-31,2023,31,5,14:00:00,147,112,22
2023-05-31,2023,31,5,15:00:00,179,121,31
2023-05-31,2023,31,5,16:00:00,246,229,24
2023-05-31,2023,31,5,17:00:00,239,199,25
2023-05-31,2023,31,5,18:00:00,63,168,12
2023-05-31,2023,31,5,20:00:00,8,0,0
2023-05-31,2023,31,5,21:00:00,3,0,0
2023-06-01,2023,1,6,08:00:00,5,0,0
2023-06-01,2023,1,6,09:00:00,65,36,10
2023-06-01,2023,1,6,10:00:00,105,75,19
2023-06-01,2023,1,6,11:00:00,56,55,19
2023-06-01,2023,1,6,12:00:00,60,74,11
2023-06-01,2023,1,6,13:00:00,20,25,15
2023-06-01,2023,1,6,14:00:00,88,30,27
2023-06-01,2023,1,6,15:00:00,528,53,22
2023-06-01,2023,1,6,16:00:00,62,74,13
2023-06-01,2023,1,6,17:00:00,95,76,19
2023-06-01,2023,1,6,18:00:00,35,91,8
2023-06-01,2023,1,6,19:00:00,20,0,0
2023-06-01,2023,1,6,21:00:00,24,0,0
2023-06-02,2023,2,6,07:00:00,3,0,0
2023-06-02,2023,2,6,08:00:00,5,0,0
2023-06-02,2023,2,6,09:00:00,15,9,9
2023-06-02,2023,2,6,10:00:00,33,23,16
2023-06-02,2023,2,6,11:00:00,93,46,18
2023-06-02,2023,2,6,12:00:00,56,68,18
2023-06-02,2023,2,6,13:00:00,22,32,17
2023-06-02,2023,2,6,14:00:00,68,45,22
2023-06-02,2023,2,6,15:00:00,112,85,26
2023-06-02,2023,2,6,16:00:00,52,69,33
2023-06-02,2023,2,6,17:00:00,114,102,16
2023-06-02,2023,2,6,18:00:00,30,114,14
2023-06-02,2023,2,6,19:00:00,18,0,0
2023-06-03,2023,3,6,08:00:00,7,0,0
2023-06-03,2023,3,6,09:00:00,116,26,19
2023-06-03,2023,3,6,10:00:00,218,181,23
2023-06-03,2023,3,6,11:00:00,250,148,19
2023-06-03,2023,3,6,12:00:00,234,152,24
2023-06-03,2023,3,6,13:00:00,93,199,25
2023-06-03,2023,3,6,14:00:00,123,171,23
2023-06-03,2023,3,6,15:00:00,244,304,28
2023-06-03,2023,3,6,16:00:00,92,140,21
2023-06-03,2023,3,6,17:00:00,114,100,10
2023-06-03,2023,3,6,18:00:00,81,140,16
2023-06-03,2023,3,6,19:00:00,5,14,0
2023-06-03,2023,3,6,20:00:00,1,0,0
2023-06-04,2023,4,6,12:00:00,2,0,0
2023-06-04,2023,4,6,13:00:00,8,0,0
2023-06-04,2023,4,6,14:00:00,142,127,8
2023-06-04,2023,4,6,15:00:00,219,162,25
2023-06-04,2023,4,6,16:00:00,163,208,18
2023-06-04,2023,4,6,17:00:00,229,318,9
2023-06-04,2023,4,6,18:00:00,18,9,0
2023-06-04,2023,4,6,20:00:00,8,0,0
2023-06-05,2023,5,6,06:00:00,2,0,0
2023-06-05,2023,5,6,07:00:00,2,0,0
2023-06-05,2023,5,6,08:00:00,12,0,0
2023-06-05,2023,5,6,09:00:00,5,0,0
2023-06-05,2023,5,6,10:00:00,4,0,0
2023-06-05,2023,5,6,11:00:00,5,0,0
2023-06-05,2023,5,6,12:00:00,1,0,0
2023-06-05,2023,5,6,13:00:00,4,0,0
2023-06-05,2023,5,6,14:00:00,6,0,0
2023-06-05,2023,5,6,15:00:00,5,0,0
2023-06-05,2023,5,6,16:00:00,5,0,0
2023-06-05,2023,5,6,18:00:00,26,0,0
2023-06-05,2023,5,6,20:00:00,5,0,0
2023-06-06,2023,6,6,07:00:00,1,0,0
2023-06-06,2023,6,6,08:00:00,18,0,0
2023-06-06,2023,6,6,09:00:00,84,4,13
2023-06-06,2023,6,6,10:00:00,653,41,19
2023-06-06,2023,6,6,11:00:00,93,125,15
2023-06-06,2023,6,6,12:00:00,66,37,13
2023-06-06,2023,6,6,13:00:00,144,121,17
2023-06-06,2023,6,6,14:00:00,102,59,25
2023-06-06,2023,6,6,15:00:00,305,58,18
2023-06-06,2023,6,6,16:00:00,456,74,19
2023-06-06,2023,6,6,17:00:00,120,69,19
2023-06-06,2023,6,6,18:00:00,86,54,17
2023-06-06,2023,6,6,19:00:00,9,3,0
2023-06-07,2023,7,6,08:00:00,11,0,0
2023-06-07,2023,7,6,09:00:00,33,9,12
2023-06-07,2023,7,6,10:00:00,154,114,16
2023-06-07,2023,7,6,11:00:00,100,152,25
2023-06-07,2023,7,6,12:00:00,133,123,24
2023-06-07,2023,7,6,13:00:00,168,198,27
2023-06-07,2023,7,6,14:00:00,184,132,31
2023-06-07,2023,7,6,15:00:00,284,215,41
2023-06-07,2023,7,6,16:00:00,191,250,32
2023-06-07,2023,7,6,17:00:00,79,132,20
2023-06-07,2023,7,6,18:00:00,29,62,12
2023-06-07,2023,7,6,19:00:00,2,4,0
2023-06-08,2023,8,6,08:00:00,20,0,0
2023-06-08,2023,8,6,09:00:00,77,16,19
2023-06-08,2023,8,6,10:00:00,374,53,19
2023-06-08,2023,8,6,11:00:00,51,66,17
2023-06-08,2023,8,6,12:00:00,56,63,15
2023-06-08,2023,8,6,13:00:00,69,69,16
2023-06-08,2023,8,6,14:00:00,175,58,16
2023-06-08,2023,8,6,15:00:00,79,60,22
2023-06-08,2023,8,6,16:00:00,35,41,16
2023-06-08,2023,8,6,17:00:00,22,108,16
2023-06-08,2023,8,6,18:00:00,22,28,9
2023-06-09,2023,9,6,06:00:00,1,0,0
2023-06-09,2023,9,6,07:00:00,1,0,0
2023-06-09,2023,9,6,08:00:00,7,0,0
2023-06-09,2023,9,6,09:00:00,45,38,14
2023-06-09,2023,9,6,10:00:00,168,52,12
2023-06-09,2023,9,6,11:00:00,517,57,10
2023-06-09,2023,9,6,12:00:00,58,40,17
2023-06-09,2023,9,6,13:00:00,74,72,15
2023-06-09,2023,9,6,14:00:00,52,68,15
2023-06-09,2023,9,6,15:00:00,422,45,19
2023-06-09,2023,9,6,16:00:00,123,66,19
2023-06-09,2023,9,6,17:00:00,137,80,21
2023-06-09,2023,9,6,18:00:00,51,99,11
2023-06-09,2023,9,6,19:00:00,23,0,0
2023-06-09,2023,9,6,21:00:00,1,0,0
2023-06-10,2023,10,6,07:00:00,5,0,0
2023-06-10,2023,10,6,08:00:00,7,0,0
2023-06-10,2023,10,6,09:00:00,40,21,18
2023-06-10,2023,10,6,10:00:00,119,120,14
2023-06-10,2023,10,6,11:00:00,185,140,15
2023-06-10,2023,10,6,12:00:00,153,194,11
2023-06-10,2023,10,6,13:00:00,84,39,10
2023-06-10,2023,10,6,14:00:00,197,165,15
2023-06-10,2023,10,6,15:00:00,212,192,17
2023-06-10,2023,10,6,16:00:00,85,221,12
2023-06-10,2023,10,6,17:00:00,100,79,15
2023-06-10,2023,10,6,18:00:00,103,161,4
2023-06-10,2023,10,6,19:00:00,1,0,0
2023-06-11,2023,11,6,13:00:00,5,0,0
2023-06-11,2023,11,6,14:00:00,92,105,22
2023-06-11,2023,11,6,15:00:00,147,99,14
2023-06-11,2023,11,6,16:00:00,159,209,21
2023-06-11,2023,11,6,17:00:00,95,171,8
2023-06-11,2023,11,6,18:00:00,2,1,0
2023-06-12,2023,12,6,08:00:00,2,0,0
2023-06-12,2023,12,6,09:00:00,3,0,0
2023-06-12,2023,12,6,10:00:00,4,0,0
2023-06-12,2023,12,6,11:00:00,2,0,0
2023-06-12,2023,12,6,12:00:00,3,0,0
2023-06-12,2023,12,6,14:00:00,4,0,0
2023-06-12,2023,12,6,16:00:00,8,0,0
2023-06-12,2023,12,6,17:00:00,7,0,0
2023-06-12,2023,12,6,18:00:00,9,0,0
2023-06-12,2023,12,6,19:00:00,1,0,0
2023-06-13,2023,13,6,07:00:00,2,0,0
2023-06-13,2023,13,6,08:00:00,3,0,0
2023-06-13,2023,13,6,09:00:00,54,5,13
2023-06-13,2023,13,6,10:00:00,329,127,22
2023-06-13,2023,13,6,11:00:00,352,72,17
2023-06-13,2023,13,6,12:00:00,151,92,24
2023-06-13,2023,13,6,13:00:00,159,46,23
2023-06-13,2023,13,6,14:00:00,60,52,20
2023-06-13,2023,13,6,15:00:00,189,72,30
2023-06-13,2023,13,6,16:00:00,101,94,26
2023-06-13,2023,13,6,17:00:00,113,105,17
2023-06-13,2023,13,6,18:00:00,69,104,16
2023-06-14,2023,14,6,06:00:00,13,0,0
2023-06-14,2023,14,6,07:00:00,6,0,0
2023-06-14,2023,14,6,08:00:00,19,0,0
2023-06-14,2023,14,6,09:00:00,60,26,18
2023-06-14,2023,14,6,10:00:00,157,88,26
2023-06-14,2023,14,6,11:00:00,99,142,22
2023-06-14,2023,14,6,12:00:00,153,96,17
2023-06-14,2023,14,6,13:00:00,127,137,17
2023-06-14,2023,14,6,14:00:00,150,108,29
2023-06-14,2023,14,6,15:00:00,165,109,30
2023-06-14,2023,14,6,16:00:00,92,152,40
2023-06-14,2023,14,6,17:00:00,107,99,24
2023-06-14,2023,14,6,18:00:00,64,137,17
2023-06-15,2023,15,6,07:00:00,2,0,0
2023-06-15,2023,15,6,08:00:00,22,0,0
2023-06-15,2023,15,6,09:00:00,48,13,13
2023-06-15,2023,15,6,10:00:00,506,108,11
2023-06-15,2023,15,6,11:00:00,24,71,18
2023-06-15,2023,15,6,12:00:00,68,35,14
2023-06-15,2023,15,6,13:00:00,122,31,8
2023-06-15,2023,15,6,14:00:00,67,57,15
2023-06-15,2023,15,6,15:00:00,53,42,19
2023-06-15,2023,15,6,16:00:00,136,60,31
2023-06-15,2023,15,6,17:00:00,46,66,23
2023-06-15,2023,15,6,18:00:00,27,73,8
2023-06-15,2023,15,6,19:00:00,1,0,0
2023-06-16,2023,16,6,08:00:00,16,0,0
2023-06-16,2023,16,6,09:00:00,23,18,16
2023-06-16,2023,16,6,10:00:00,163,74,24
2023-06-16,2023,16,6,11:00:00,50,70,24
2023-06-16,2023,16,6,12:00:00,32,24,14
2023-06-16,2023,16,6,13:00:00,133,82,20
2023-06-16,2023,16,6,14:00:00,325,74,19
2023-06-16,2023,16,6,15:00:00,279,114,23
2023-06-16,2023,16,6,16:00:00,73,61,22
2023-06-16,2023,16,6,17:00:00,103,106,17
2023-06-16,2023,16,6,18:00:00,65,118,7
2023-06-16,2023,16,6,19:00:00,4,0,0
2023-06-16,2023,16,6,20:00:00,4,0,0
2023-06-17,2023,17,6,08:00:00,11,0,0
2023-06-17,2023,17,6,09:00:00,54,17,23
2023-06-17,2023,17,6,10:00:00,134,112,13
2023-06-17,2023,17,6,11:00:00,114,100,20
2023-06-17,2023,17,6,12:00:00,89,65,12
2023-06-17,2023,17,6,13:00:00,61,48,6
2023-06-17,2023,17,6,14:00:00,100,97,12
2023-06-17,2023,17,6,15:00:00,207,166,24
2023-06-17,2023,17,6,16:00:00,131,101,20
2023-06-17,2023,17,6,17:00:00,283,119,15
2023-06-17,2023,17,6,18:00:00,106,298,4
2023-06-18,2023,18,6,08:00:00,1,0,0
2023-06-18,2023,18,6,09:00:00,25,0,0
2023-06-18,2023,18,6,10:00:00,1,0,0
2023-06-18,2023,18,6,11:00:00,17,0,0
2023-06-18,2023,18,6,12:00:00,3,0,0
2023-06-18,2023,18,6,13:00:00,9,0,0
2023-06-18,2023,18,6,14:00:00,182,124,15
2023-06-18,2023,18,6,15:00:00,177,141,27
2023-06-18,2023,18,6,16:00:00,168,219,12
2023-06-18,2023,18,6,17:00:00,134,180,7
2023-06-18,2023,18,6,18:00:00,7,2,0
2023-06-18,2023,18,6,19:00:00,6,0,0
2023-06-18,2023,18,6,22:00:00,11,0,0
2023-06-19,2023,19,6,06:00:00,2,0,0
2023-06-19,2023,19,6,07:00:00,9,0,0
2023-06-19,2023,19,6,08:00:00,5,0,0
2023-06-19,2023,19,6,09:00:00,30,0,0
2023-06-19,2023,19,6,12:00:00,19,0,0
2023-06-19,2023,19,6,13:00:00,11,0,0
2023-06-19,2023,19,6,14:00:00,3,0,0
2023-06-19,2023,19,6,15:00:00,4,0,0
2023-06-19,2023,19,6,16:00:00,10,0,0
2023-06-19,2023,19,6,17:00:00,6,0,0
2023-06-19,2023,19,6,18:00:00,13,0,0
2023-06-20,2023,20,6,07:00:00,1,0,0
2023-06-20,2023,20,6,08:00:00,1,0,0
2023-06-20,2023,20,6,09:00:00,52,12,31
2023-06-20,2023,20,6,10:00:00,340,63,18
2023-06-20,2023,20,6,11:00:00,360,139,19
2023-06-20,2023,20,6,12:00:00,93,82,22
2023-06-20,2023,20,6,13:00:00,80,32,27
2023-06-20,2023,20,6,14:00:00,50,64,22
2023-06-20,2023,20,6,15:00:00,136,100,21
2023-06-20,2023,20,6,16:00:00,246,68,21
2023-06-20,2023,20,6,17:00:00,140,84,16
2023-06-20,2023,20,6,18:00:00,38,79,8
2023-06-21,2023,21,6,07:00:00,3,0,0
2023-06-21,2023,21,6,08:00:00,11,0,0
2023-06-21,2023,21,6,09:00:00,152,25,18
2023-06-21,2023,21,6,10:00:00,324,240,11
2023-06-21,2023,21,6,11:00:00,270,242,21
2023-06-21,2023,21,6,12:00:00,163,145,22
2023-06-21,2023,21,6,13:00:00,103,141,21
2023-06-21,2023,21,6,14:00:00,185,177,32
2023-06-21,2023,21,6,15:00:00,203,145,26
2023-06-21,2023,21,6,16:00:00,170,179,29
2023-06-21,2023,21,6,17:00:00,180,189,14
2023-06-21,2023,21,6,18:00:00,51,131,6
2023-06-21,2023,21,6,19:00:00,5,0,0
2023-06-21,2023,21,6,20:00:00,6,0,0
2023-06-21,2023,21,6,22:00:00,3,0,0
2023-06-22,2023,22,6,09:00:00,39,71,17
2023-06-22,2023,22,6,10:00:00,279,77,19
2023-06-22,2023,22,6,11:00:00,352,60,13
2023-06-22,2023,22,6,12:00:00,67,79,13
2023-06-22,2023,22,6,13:00:00,50,41,17
2023-06-22,2023,22,6,14:00:00,136,60,19
2023-06-22,2023,22,6,15:00:00,362,57,29
2023-06-22,2023,22,6,16:00:00,118,84,16
2023-06-22,2023,22,6,17:00:00,168,163,22
2023-06-22,2023,22,6,18:00:00,39,47,14
2023-06-22,2023,22,6,19:00:00,21,0,0
2023-06-22,2023,22,6,20:00:00,4,0,0
2023-06-22,2023,22,6,21:00:00,1,0,0
2023-06-23,2023,23,6,06:00:00,2,0,0
2023-06-23,2023,23,6,07:00:00,2,0,0
2023-06-23,2023,23,6,08:00:00,7,0,0
2023-06-23,2023,23,6,09:00:00,69,7,19
2023-06-23,2023,23,6,10:00:00,206,45,16
2023-06-23,2023,23,6,11:00:00,314,80,11
2023-06-23,2023,23,6,12:00:00,47,51,19
2023-06-23,2023,23,6,13:00:00,110,78,18
2023-06-23,2023,23,6,14:00:00,107,61,33
2023-06-23,2023,23,6,15:00:00,467,106,29
2023-06-23,2023,23,6,16:00:00,141,73,16
2023-06-23,2023,23,6,17:00:00,172,99,10
2023-06-23,2023,23,6,18:00:00,86,173,11
2023-06-23,2023,23,6,19:00:00,7,1,0
2023-06-24,2023,24,6,08:00:00,5,0,0
2023-06-24,2023,24,6,09:00:00,89,28,23
2023-06-24,2023,24,6,10:00:00,182,119,19
2023-06-24,2023,24,6,11:00:00,229,200,14
2023-06-24,2023,24,6,12:00:00,88,148,17
2023-06-24,2023,24,6,13:00:00,59,43,7
2023-06-24,2023,24,6,14:00:00,109,127,17
2023-06-24,2023,24,6,15:00:00,155,137,13
2023-06-24,2023,24,6,16:00:00,148,152,22
2023-06-24,2023,24,6,17:00:00,137,133,21
2023-06-24,2023,24,6,18:00:00,86,146,11
2023-06-24,2023,24,6,23:00:00,10,0,0
2023-06-25,2023,25,6,09:00:00,1,0,0
2023-06-25,2023,25,6,11:00:00,2,0,0
2023-06-25,2023,25,6,12:00:00,3,0,0
2023-06-25,2023,25,6,14:00:00,223,192,16
2023-06-25,2023,25,6,15:00:00,70,143,15
2023-06-25,2023,25,6,16:00:00,103,114,26
2023-06-25,2023,25,6,17:00:00,154,191,13
2023-06-25,2023,25,6,18:00:00,3,9,0
2023-06-25,2023,25,6,19:00:00,5,0,0
2023-06-25,2023,25,6,20:00:00,1,0,0
2023-06-26,2023,26,6,07:00:00,4,0,0
2023-06-26,2023,26,6,08:00:00,42,0,0
2023-06-26,2023,26,6,09:00:00,18,0,0
2023-06-26,2023,26,6,10:00:00,20,0,0
2023-06-26,2023,26,6,11:00:00,17,0,0
2023-06-26,2023,26,6,12:00:00,14,0,0
2023-06-26,2023,26,6,14:00:00,16,0,0
2023-06-26,2023,26,6,16:00:00,13,0,0
2023-06-26,2023,26,6,17:00:00,7,0,0
2023-06-27,2023,27,6,07:00:00,7,0,0
2023-06-27,2023,27,6,08:00:00,20,0,0
2023-06-27,2023,27,6,09:00:00,162,42,21
2023-06-27,2023,27,6,10:00:00,99,108,21
2023-06-27,2023,27,6,11:00:00,218,172,19
2023-06-27,2023,27,6,12:00:00,218,61,23
2023-06-27,2023,27,6,13:00:00,167,41,21
2023-06-27,2023,27,6,14:00:00,292,107,22
2023-06-27,2023,27,6,15:00:00,342,162,22
2023-06-27,2023,27,6,16:00:00,630,153,14
2023-06-27,2023,27,6,17:00:00,383,135,16
2023-06-27,2023,27,6,18:00:00,76,71,11
2023-06-27,2023,27,6,19:00:00,20,0,0
2023-06-27,2023,27,6,20:00:00,12,0,0
2023-06-28,2023,28,6,06:00:00,6,0,0
2023-06-28,2023,28,6,07:00:00,2,0,0
2023-06-28,2023,28,6,08:00:00,13,0,0
2023-06-28,2023,28,6,09:00:00,68,32,15
2023-06-28,2023,28,6,10:00:00,149,209,15
2023-06-28,2023,28,6,11:00:00,183,205,12
2023-06-28,2023,28,6,12:00:00,139,185,16
2023-06-28,2023,28,6,13:00:00,87,109,12
2023-06-28,2023,28,6,14:00:00,152,224,20
2023-06-28,2023,28,6,15:00:00,270,147,28
2023-06-28,2023,28,6,16:00:00,151,135,27
2023-06-28,2023,28,6,17:00:00,164,233,15
2023-06-28,2023,28,6,18:00:00,12,112,12
2023-06-28,2023,28,6,20:00:00,13,0,0
2023-06-29,2023,29,6,06:00:00,4,0,0
2023-06-29,2023,29,6,07:00:00,6,0,0
2023-06-29,2023,29,6,08:00:00,32,0,0
2023-06-29,2023,29,6,09:00:00,23,6,8
2023-06-29,2023,29,6,10:00:00,57,53,21
2023-06-29,2023,29,6,11:00:00,132,116,7
2023-06-29,2023,29,6,12:00:00,506,66,14
2023-06-29,2023,29,6,13:00:00,75,73,14
2023-06-29,2023,29,6,14:00:00,59,37,20
2023-06-29,2023,29,6,15:00:00,81,71,19
2023-06-29,2023,29,6,16:00:00,523,105,21
2023-06-29,2023,29,6,17:00:00,109,129,21
2023-06-29,2023,29,6,18:00:00,38,65,8
2023-06-29,2023,29,6,19:00:00,0,3,0
2023-06-30,2023,30,6,07:00:00,2,0,0
2023-06-30,2023,30,6,08:00:00,5,0,0
2023-06-30,2023,30,6,09:00:00,19,78,16
2023-06-30,2023,30,6,10:00:00,88,83,19
2023-06-30,2023,30,6,11:00:00,68,37,12
2023-06-30,2023,30,6,12:00:00,209,38,14
2023-06-30,2023,30,6,13:00:00,208,193,17
2023-06-30,2023,30,6,14:00:00,76,69,15
2023-06-30,2023,30,6,15:00:00,351,125,19
2023-06-30,2023,30,6,16:00:00,400,87,15
2023-06-30,2023,30,6,17:00:00,538,113,17
2023-06-30,2023,30,6,18:00:00,24,89,4
2023-06-30,2023,30,6,20:00:00,8,0,0
2023-06-30,2023,30,6,21:00:00,1,0,0
2023-07-01,2023,1,7,08:00:00,10,0,0
2023-07-01,2023,1,7,09:00:00,81,57,9
2023-07-01,2023,1,7,10:00:00,293,248,15
2023-07-01,2023,1,7,11:00:00,199,320,14
2023-07-01,2023,1,7,12:00:00,85,159,17
2023-07-01,2023,1,7,13:00:00,56,70,14
2023-07-01,2023,1,7,14:00:00,158,113,15
2023-07-01,2023,1,7,15:00:00,194,302,25
2023-07-01,2023,1,7,16:00:00,141,249,33
2023-07-01,2023,1,7,17:00:00,166,389,14
2023-07-01,2023,1,7,18:00:00,56,114,11
2023-07-01,2023,1,7,19:00:00,5,0,0
2023-07-04,2023,4,7,08:00:00,11,0,0
2023-07-04,2023,4,7,09:00:00,91,15,22
2023-07-04,2023,4,7,10:00:00,599,17,35
2023-07-04,2023,4,7,11:00:00,173,60,14
2023-07-04,2023,4,7,12:00:00,88,42,19
2023-07-04,2023,4,7,13:00:00,91,92,25
2023-07-04,2023,4,7,14:00:00,127,204,32
2023-07-04,2023,4,7,15:00:00,159,136,34
2023-07-04,2023,4,7,16:00:00,177,249,18
2023-07-04,2023,4,7,17:00:00,66,185,20
2023-07-04,2023,4,7,18:00:00,6,3,0
2023-07-05,2023,5,7,07:00:00,3,0,0
2023-07-05,2023,5,7,08:00:00,5,0,0
2023-07-05,2023,5,7,09:00:00,78,34,20
2023-07-05,2023,5,7,10:00:00,233,76,7
2023-07-05,2023,5,7,11:00:00,158,128,28
2023-07-05,2023,5,7,12:00:00,105,73,18
2023-07-05,2023,5,7,13:00:00,183,219,22
2023-07-05,2023,5,7,14:00:00,179,236,20
2023-07-05,2023,5,7,15:00:00,181,396,33
2023-07-05,2023,5,7,16:00:00,312,376,20
2023-07-05,2023,5,7,17:00:00,130,344,11
2023-07-05,2023,5,7,18:00:00,3,20,0
2023-07-06,2023,6,7,08:00:00,1,0,0
2023-07-06,2023,6,7,09:00:00,41,18,16
2023-07-06,2023,6,7,10:00:00,21,18,13
2023-07-06,2023,6,7,11:00:00,89,27,15
2023-07-06,2023,6,7,12:00:00,110,43,12
2023-07-06,2023,6,7,13:00:00,93,113,17
2023-07-06,2023,6,7,14:00:00,154,149,15
2023-07-06,2023,6,7,15:00:00,92,115,12
2023-07-06,2023,6,7,16:00:00,108,102,15
2023-07-06,2023,6,7,17:00:00,173,252,25
2023-07-06,2023,6,7,18:00:00,1,0,0
2023-07-07,2023,7,7,08:00:00,7,0,0
2023-07-07,2023,7,7,09:00:00,27,6,12
2023-07-07,2023,7,7,10:00:00,99,78,21
2023-07-07,2023,7,7,11:00:00,70,20,17
2023-07-07,2023,7,7,12:00:00,90,22,13
2023-07-07,2023,7,7,13:00:00,145,175,16
2023-07-07,2023,7,7,14:00:00,115,127,15
2023-07-07,2023,7,7,15:00:00,106,106,22
2023-07-07,2023,7,7,16:00:00,98,124,22
2023-07-07,2023,7,7,17:00:00,179,231,19
2023-07-08,2023,8,7,08:00:00,5,0,0
2023-07-08,2023,8,7,09:00:00,41,21,14
2023-07-08,2023,8,7,10:00:00,210,52,13
2023-07-08,2023,8,7,11:00:00,255,65,21
2023-07-08,2023,8,7,12:00:00,21,20,14
2023-07-08,2023,8,7,13:00:00,147,151,17
2023-07-08,2023,8,7,14:00:00,181,190,14
2023-07-08,2023,8,7,15:00:00,208,251,21
2023-07-08,2023,8,7,16:00:00,196,257,13
2023-07-08,2023,8,7,17:00:00,195,424,5
2023-07-08,2023,8,7,18:00:00,0,8,0
2023-07-11,2023,11,7,08:00:00,6,0,0
2023-07-11,2023,11,7,09:00:00,92,29,26
2023-07-11,2023,11,7,10:00:00,182,37,14
2023-07-11,2023,11,7,11:00:00,150,89,19
2023-07-11,2023,11,7,12:00:00,79,27,20
2023-07-11,2023,11,7,13:00:00,161,182,12
2023-07-11,2023,11,7,14:00:00,244,240,21
2023-07-11,2023,11,7,15:00:00,205,243,25
2023-07-11,2023,11,7,16:00:00,202,288,24
2023-07-11,2023,11,7,17:00:00,243,346,20
2023-07-11,2023,11,7,18:00:00,14,0,0
2023-07-12,2023,12,7,08:00:00,2,0,0
2023-07-12,2023,12,7,09:00:00,63,18,15
2023-07-12,2023,12,7,10:00:00,94,20,11
2023-07-12,2023,12,7,11:00:00,105,121,17
2023-07-12,2023,12,7,12:00:00,58,27,24
2023-07-12,2023,12,7,13:00:00,227,301,16
2023-07-12,2023,12,7,14:00:00,301,336,14
2023-07-12,2023,12,7,15:00:00,158,298,23
2023-07-12,2023,12,7,16:00:00,224,242,26
2023-07-12,2023,12,7,17:00:00,161,255,22
2023-07-12,2023,12,7,18:00:00,11,10,0
2023-07-13,2023,13,7,08:00:00,19,0,0
2023-07-13,2023,13,7,09:00:00,56,24,11
2023-07-13,2023,13,7,10:00:00,80,31,8
2023-07-13,2023,13,7,11:00:00,83,8,16
2023-07-13,2023,13,7,12:00:00,59,28,16
2023-07-13,2023,13,7,13:00:00,182,181,21
2023-07-13,2023,13,7,14:00:00,100,125,12
2023-07-13,2023,13,7,15:00:00,194,200,25
2023-07-13,2023,13,7,16:00:00,108,177,21
2023-07-13,2023,13,7,17:00:00,289,280,23
2023-07-13,2023,13,7,18:00:00,49,0,0
2023-07-13,2023,13,7,20:00:00,5,0,0
2023-07-13,2023,13,7,21:00:00,5,0,0
2023-07-14,2023,14,7,08:00:00,6,0,0
2023-07-14,2023,14,7,11:00:00,3,0,0
2023-07-14,2023,14,7,12:00:00,7,0,0
2023-07-14,2023,14,7,13:00:00,10,0,0
2023-07-14,2023,14,7,14:00:00,2,0,0
2023-07-14,2023,14,7,16:00:00,6,0,0
2023-07-14,2023,14,7,17:00:00,19,0,0
2023-07-14,2023,14,7,19:00:00,2,0,0
2023-07-14,2023,14,7,20:00:00,14,0,0
2023-07-14,2023,14,7,21:00:00,6,0,0
2023-07-15,2023,15,7,08:00:00,3,0,0
2023-07-15,2023,15,7,09:00:00,34,14,11
2023-07-15,2023,15,7,10:00:00,126,72,18
2023-07-15,2023,15,7,11:00:00,213,100,21
2023-07-15,2023,15,7,12:00:00,71,18,14
2023-07-15,2023,15,7,13:00:00,309,127,12
2023-07-15,2023,15,7,14:00:00,104,208,7
2023-07-15,2023,15,7,15:00:00,204,253,26
2023-07-15,2023,15,7,16:00:00,331,255,12
2023-07-15,2023,15,7,17:00:00,221,535,12
2023-07-15,2023,15,7,18:00:00,2,23,0
2023-07-15,2023,15,7,19:00:00,1,0,0
2023-07-15,2023,15,7,22:00:00,8,0,0
2023-07-16,2023,16,7,13:00:00,7,0,0
2023-07-16,2023,16,7,14:00:00,2,0,0
2023-07-16,2023,16,7,15:00:00,13,0,0
2023-07-16,2023,16,7,16:00:00,2,0,0
2023-07-16,2023,16,7,17:00:00,5,0,0
2023-07-16,2023,16,7,18:00:00,4,0,0
2023-07-16,2023,16,7,19:00:00,23,0,0
2023-07-16,2023,16,7,20:00:00,33,0,0
2023-07-16,2023,16,7,21:00:00,3,0,0
2023-07-17,2023,17,7,07:00:00,3,0,0
2023-07-17,2023,17,7,08:00:00,6,0,0
2023-07-17,2023,17,7,10:00:00,12,0,0
2023-07-17,2023,17,7,11:00:00,2,0,0
2023-07-17,2023,17,7,12:00:00,3,0,0
2023-07-17,2023,17,7,13:00:00,23,0,0
2023-07-17,2023,17,7,14:00:00,16,0,0
2023-07-17,2023,17,7,15:00:00,8,0,0
2023-07-17,2023,17,7,16:00:00,7,0,0
2023-07-18,2023,18,7,08:00:00,12,0,0
2023-07-18,2023,18,7,09:00:00,70,13,17
2023-07-18,2023,18,7,10:00:00,71,39,16
2023-07-18,2023,18,7,11:00:00,115,74,17
2023-07-18,2023,18,7,12:00:00,111,52,22
2023-07-18,2023,18,7,13:00:00,110,167,14
2023-07-18,2023,18,7,14:00:00,244,200,26
2023-07-18,2023,18,7,15:00:00,269,391,33
2023-07-18,2023,18,7,16:00:00,184,218,17
2023-07-18,2023,18,7,17:00:00,116,279,15
2023-07-18,2023,18,7,18:00:00,10,0,0
2023-07-18,2023,18,7,19:00:00,5,0,0
2023-07-18,2023,18,7,20:00:00,2,0,0
2023-07-19,2023,19,7,08:00:00,16,0,0
2023-07-19,2023,19,7,09:00:00,50,8,9
2023-07-19,2023,19,7,10:00:00,126,62,14
2023-07-19,2023,19,7,11:00:00,48,25,24
2023-07-19,2023,19,7,12:00:00,33,33,15
2023-07-19,2023,19,7,13:00:00,197,112,14
2023-07-19,2023,19,7,14:00:00,223,216,28
2023-07-19,2023,19,7,15:00:00,190,298,23
2023-07-19,2023,19,7,16:00:00,195,297,20
2023-07-19,2023,19,7,17:00:00,181,214,13
2023-07-19,2023,19,7,18:00:00,40,15,0
2023-07-19,2023,19,7,19:00:00,2,0,0
2023-07-19,2023,19,7,23:00:00,24,0,0
2023-07-20,2023,20,7,08:00:00,3,0,0
2023-07-20,2023,20,7,09:00:00,28,11,11
2023-07-20,2023,20,7,10:00:00,29,66,9
2023-07-20,2023,20,7,11:00:00,33,21,11
2023-07-20,2023,20,7,12:00:00,49,30,23
2023-07-20,2023,20,7,13:00:00,80,106,16
2023-07-20,2023,20,7,14:00:00,127,170,18
2023-07-20,2023,20,7,15:00:00,51,105,22
2023-07-20,2023,20,7,16:00:00,126,148,24
2023-07-20,2023,20,7,17:00:00,78,198,12
2023-07-20,2023,20,7,18:00:00,11,1,0
2023-07-21,2023,21,7,06:00:00,1,0,0
2023-07-21,2023,21,7,08:00:00,8,0,1
2023-07-21,2023,21,7,09:00:00,40,8,7
2023-07-21,2023,21,7,10:00:00,53,25,13
2023-07-21,2023,21,7,11:00:00,31,31,13
2023-07-21,2023,21,7,12:00:00,68,39,13
2023-07-21,2023,21,7,13:00:00,67,107,12
2023-07-21,2023,21,7,14:00:00,217,172,26
2023-07-21,2023,21,7,15:00:00,163,266,28
2023-07-21,2023,21,7,16:00:00,108,200,20
2023-07-21,2023,21,7,17:00:00,204,244,11
2023-07-21,2023,21,7,18:00:00,54,0,0
2023-07-21,2023,21,7,19:00:00,1,0,0
2023-07-21,2023,21,7,20:00:00,14,0,0
2023-07-22,2023,22,7,07:00:00,1,0,0
2023-07-22,2023,22,7,08:00:00,1,0,0
2023-07-22,2023,22,7,09:00:00,89,6,10
2023-07-22,2023,22,7,10:00:00,79,49,18
2023-07-22,2023,22,7,11:00:00,161,88,13
2023-07-22,2023,22,7,12:00:00,71,18,11
2023-07-22,2023,22,7,13:00:00,92,130,15
2023-07-22,2023,22,7,14:00:00,280,155,18
2023-07-22,2023,22,7,15:00:00,120,253,19
2023-07-22,2023,22,7,16:00:00,190,312,21
2023-07-22,2023,22,7,17:00:00,194,395,19
2023-07-22,2023,22,7,18:00:00,1,23,0
2023-07-22,2023,22,7,22:00:00,1,0,0
2023-07-23,2023,23,7,09:00:00,1,0,0
2023-07-23,2023,23,7,10:00:00,22,0,0
2023-07-23,2023,23,7,11:00:00,15,0,0
2023-07-23,2023,23,7,14:00:00,5,0,0
2023-07-23,2023,23,7,16:00:00,1,0,0
2023-07-23,2023,23,7,17:00:00,18,0,0
2023-07-24,2023,24,7,10:00:00,2,0,0
2023-07-24,2023,24,7,11:00:00,5,0,0
2023-07-24,2023,24,7,13:00:00,1,0,0
2023-07-24,2023,24,7,14:00:00,11,0,0
2023-07-24,2023,24,7,16:00:00,6,0,0
2023-07-24,2023,24,7,18:00:00,10,0,0
2023-07-24,2023,24,7,19:00:00,1,0,0
2023-07-25,2023,25,7,08:00:00,11,0,0
2023-07-25,2023,25,7,09:00:00,33,6,16
2023-07-25,2023,25,7,10:00:00,73,104,17
2023-07-25,2023,25,7,11:00:00,51,27,19
2023-07-25,2023,25,7,12:00:00,106,26,16
2023-07-25,2023,25,7,13:00:00,334,215,14
2023-07-25,2023,25,7,14:00:00,234,329,33
2023-07-25,2023,25,7,15:00:00,186,275,19
2023-07-25,2023,25,7,16:00:00,208,280,29
2023-07-25,2023,25,7,17:00:00,146,209,20
2023-07-25,2023,25,7,18:00:00,36,11,0
2023-07-25,2023,25,7,19:00:00,8,0,0
2023-07-25,2023,25,7,23:00:00,1,0,0
2023-07-26,2023,26,7,08:00:00,28,0,0
2023-07-26,2023,26,7,09:00:00,40,22,14
2023-07-26,2023,26,7,10:00:00,71,22,8
2023-07-26,2023,26,7,11:00:00,104,16,18
2023-07-26,2023,26,7,12:00:00,43,71,13
2023-07-26,2023,26,7,13:00:00,61,82,24
2023-07-26,2023,26,7,14:00:00,272,220,20
2023-07-26,2023,26,7,15:00:00,366,324,23
2023-07-26,2023,26,7,16:00:00,200,260,22
2023-07-26,2023,26,7,17:00:00,157,342,14
2023-07-26,2023,26,7,18:00:00,7,0,0
2023-07-27,2023,27,7,07:00:00,2,0,0
2023-07-27,2023,27,7,08:00:00,11,0,0
2023-07-27,2023,27,7,09:00:00,39,10,10
2023-07-27,2023,27,7,10:00:00,36,15,13
2023-07-27,2023,27,7,11:00:00,32,47,12
2023-07-27,2023,27,7,12:00:00,81,31,11
2023-07-27,2023,27,7,13:00:00,82,88,15
2023-07-27,2023,27,7,14:00:00,111,156,11
2023-07-27,2023,27,7,15:00:00,88,86,21
2023-07-27,2023,27,7,16:00:00,113,109,15
2023-07-27,2023,27,7,17:00:00,89,184,15
2023-07-27,2023,27,7,18:00:00,8,23,0
2023-07-28,2023,28,7,08:00:00,8,0,0
2023-07-28,2023,28,7,09:00:00,10,11,13
2023-07-28,2023,28,7,10:00:00,82,61,14
2023-07-28,2023,28,7,11:00:00,66,21,10
2023-07-28,2023,28,7,12:00:00,67,19,14
2023-07-28,2023,28,7,13:00:00,224,154,13
2023-07-28,2023,28,7,14:00:00,154,198,18
2023-07-28,2023,28,7,15:00:00,164,210,29
2023-07-28,2023,28,7,16:00:00,99,140,24
2023-07-28,2023,28,7,17:00:00,81,124,20
2023-07-28,2023,28,7,18:00:00,18,17,0
2023-07-29,2023,29,7,08:00:00,2,0,0
2023-07-29,2023,29,7,09:00:00,31,17,10
2023-07-29,2023,29,7,10:00:00,68,19,14
2023-07-29,2023,29,7,11:00:00,52,21,12
2023-07-29,2023,29,7,12:00:00,49,11,11
2023-07-29,2023,29,7,13:00:00,121,137,12
2023-07-29,2023,29,7,14:00:00,230,373,15
2023-07-29,2023,29,7,15:00:00,122,141,12
2023-07-29,2023,29,7,16:00:00,259,252,26
2023-07-29,2023,29,7,17:00:00,204,426,20
2023-07-29,2023,29,7,18:00:00,11,31,0
2023-07-30,2023,30,7,05:00:00,2,0,0
2023-07-30,2023,30,7,10:00:00,24,0,0
2023-07-30,2023,30,7,12:00:00,10,0,0
2023-07-30,2023,30,7,13:00:00,5,0,0
2023-07-30,2023,30,7,14:00:00,4,0,0
2023-07-30,2023,30,7,15:00:00,4,0,0
2023-07-30,2023,30,7,16:00:00,15,0,0
2023-07-30,2023,30,7,17:00:00,21,0,0
2023-07-30,2023,30,7,18:00:00,3,0,0
2023-07-31,2023,31,7,07:00:00,4,0,0
2023-07-31,2023,31,7,08:00:00,1,0,0
2023-07-31,2023,31,7,09:00:00,3,0,0
2023-08-01,2023,1,8,08:00:00,13,0,0
2023-08-01,2023,1,8,09:00:00,58,19,14
2023-08-01,2023,1,8,10:00:00,54,27,11
2023-08-01,2023,1,8,11:00:00,83,17,15
2023-08-01,2023,1,8,12:00:00,116,36,20
2023-08-01,2023,1,8,13:00:00,123,200,20
2023-08-01,2023,1,8,14:00:00,228,117,21
2023-08-01,2023,1,8,15:00:00,240,291,28
2023-08-01,2023,1,8,16:00:00,231,189,32
2023-08-01,2023,1,8,17:00:00,155,185,13
2023-08-01,2023,1,8,18:00:00,1,0,0
2023-08-02,2023,2,8,08:00:00,3,0,0
2023-08-02,2023,2,8,09:00:00,43,7,14
2023-08-02,2023,2,8,10:00:00,32,8,12
2023-08-02,2023,2,8,11:00:00,56,17,12
2023-08-02,2023,2,8,12:00:00,83,30,11
2023-08-02,2023,2,8,13:00:00,135,111,19
2023-08-02,2023,2,8,14:00:00,257,235,17
2023-08-02,2023,2,8,15:00:00,259,210,35
2023-08-02,2023,2,8,16:00:00,203,376,25
2023-08-02,2023,2,8,17:00:00,138,309,8
2023-08-02,2023,2,8,18:00:00,17,6,0
2023-08-02,2023,2,8,19:00:00,38,0,0
2023-08-02,2023,2,8,20:00:00,2,0,0
2023-08-03,2023,3,8,08:00:00,0,0,1
2023-08-03,2023,3,8,09:00:00,38,17,11
2023-08-03,2023,3,8,10:00:00,42,17,12
2023-08-03,2023,3,8,11:00:00,45,10,14
2023-08-03,2023,3,8,12:00:00,43,3,17
2023-08-03,2023,3,8,13:00:00,92,146,17
2023-08-03,2023,3,8,14:00:00,140,110,25
2023-08-03,2023,3,8,15:00:00,175,248,18
2023-08-03,2023,3,8,16:00:00,49,130,20
2023-08-03,2023,3,8,17:00:00,86,157,11
2023-08-03,2023,3,8,18:00:00,12,12,0
2023-08-03,2023,3,8,19:00:00,1,0,0
2023-08-04,2023,4,8,07:00:00,4,0,0
2023-08-04,2023,4,8,08:00:00,18,0,0
2023-08-04,2023,4,8,09:00:00,16,25,11
2023-08-04,2023,4,8,10:00:00,49,20,12
2023-08-04,2023,4,8,11:00:00,54,61,16
2023-08-04,2023,4,8,12:00:00,49,108,15
2023-08-04,2023,4,8,13:00:00,104,140,19
2023-08-04,2023,4,8,14:00:00,169,91,17
2023-08-04,2023,4,8,15:00:00,197,254,22
2023-08-04,2023,4,8,16:00:00,175,269,15
2023-08-04,2023,4,8,17:00:00,93,124,19
2023-08-04,2023,4,8,18:00:00,2,0,0
2023-08-05,2023,5,8,04:00:00,1,0,0
2023-08-05,2023,5,8,09:00:00,11,6,13
2023-08-05,2023,5,8,10:00:00,68,38,18
2023-08-05,2023,5,8,11:00:00,101,81,15
2023-08-05,2023,5,8,12:00:00,37,36,8
2023-08-05,2023,5,8,13:00:00,71,56,11
2023-08-05,2023,5,8,14:00:00,232,160,12
2023-08-05,2023,5,8,15:00:00,192,387,35
2023-08-05,2023,5,8,16:00:00,221,234,21
2023-08-05,2023,5,8,17:00:00,135,296,11
2023-08-05,2023,5,8,18:00:00,5,37,0
2023-08-05,2023,5,8,21:00:00,5,0,0
2023-08-06,2023,6,8,14:00:00,4,0,0
2023-08-06,2023,6,8,15:00:00,1,0,0
2023-08-06,2023,6,8,18:00:00,7,0,0
2023-08-06,2023,6,8,19:00:00,1,0,0
2023-08-06,2023,6,8,21:00:00,6,0,0
2023-08-07,2023,7,8,09:00:00,1,0,0
2023-08-07,2023,7,8,10:00:00,3,0,0
2023-08-07,2023,7,8,13:00:00,3,0,0
2023-08-07,2023,7,8,14:00:00,4,0,0
2023-08-07,2023,7,8,15:00:00,4,0,0
2023-08-07,2023,7,8,16:00:00,1,0,0
2023-08-07,2023,7,8,17:00:00,2,0,0
2023-08-07,2023,7,8,18:00:00,2,0,0
2023-08-07,2023,7,8,19:00:00,1,0,0
2023-08-07,2023,7,8,21:00:00,7,0,0
2023-08-08,2023,8,8,07:00:00,3,0,0
2023-08-08,2023,8,8,08:00:00,7,0,1
2023-08-08,2023,8,8,09:00:00,61,20,16
2023-08-08,2023,8,8,10:00:00,70,27,11
2023-08-08,2023,8,8,11:00:00,71,41,9
2023-08-08,2023,8,8,12:00:00,82,18,23
2023-08-08,2023,8,8,13:00:00,161,180,15
2023-08-08,2023,8,8,14:00:00,213,237,24
2023-08-08,2023,8,8,15:00:00,253,306,25
2023-08-08,2023,8,8,16:00:00,171,198,25
2023-08-08,2023,8,8,17:00:00,317,414,23
2023-08-08,2023,8,8,18:00:00,10,46,0
2023-08-09,2023,9,8,08:00:00,4,0,0
2023-08-09,2023,9,8,09:00:00,50,9,11
2023-08-09,2023,9,8,10:00:00,53,16,18
2023-08-09,2023,9,8,11:00:00,87,32,11
2023-08-09,2023,9,8,12:00:00,34,13,15
2023-08-09,2023,9,8,13:00:00,137,84,19
2023-08-09,2023,9,8,14:00:00,259,161,29
2023-08-09,2023,9,8,15:00:00,228,226,16
2023-08-09,2023,9,8,16:00:00,187,253,20
2023-08-09,2023,9,8,17:00:00,166,249,18
2023-08-09,2023,9,8,18:00:00,4,90,0
2023-08-09,2023,9,8,22:00:00,5,0,0
2023-08-10,2023,10,8,08:00:00,3,0,0
2023-08-10,2023,10,8,09:00:00,45,6,6
2023-08-10,2023,10,8,10:00:00,47,20,8
2023-08-10,2023,10,8,11:00:00,56,20,5
2023-08-10,2023,10,8,12:00:00,30,43,15
2023-08-10,2023,10,8,13:00:00,68,100,13
2023-08-10,2023,10,8,14:00:00,107,59,21
2023-08-10,2023,10,8,15:00:00,91,207,16
2023-08-10,2023,10,8,16:00:00,170,135,28
2023-08-10,2023,10,8,17:00:00,121,261,12
2023-08-10,2023,10,8,18:00:00,6,0,0
2023-08-11,2023,11,8,07:00:00,1,0,0
2023-08-11,2023,11,8,08:00:00,6,0,0
2023-08-11,2023,11,8,09:00:00,33,30,9
2023-08-11,2023,11,8,10:00:00,16,31,12
2023-08-11,2023,11,8,11:00:00,42,14,10
2023-08-11,2023,11,8,12:00:00,57,27,16
2023-08-11,2023,11,8,13:00:00,124,98,22
2023-08-11,2023,11,8,14:00:00,131,64,17
2023-08-11,2023,11,8,15:00:00,115,179,28
2023-08-11,2023,11,8,16:00:00,122,131,22
2023-08-11,2023,11,8,17:00:00,156,153,12
2023-08-11,2023,11,8,18:00:00,3,32,0
2023-08-11,2023,11,8,19:00:00,4,0,0
2023-08-12,2023,12,8,08:00:00,3,0,0
2023-08-12,2023,12,8,09:00:00,33,16,14
2023-08-12,2023,12,8,10:00:00,107,30,12
2023-08-12,2023,12,8,11:00:00,58,62,7
2023-08-12,2023,12,8,12:00:00,7,8,11
2023-08-12,2023,12,8,13:00:00,216,90,14
2023-08-12,2023,12,8,14:00:00,82,84,12
2023-08-12,2023,12,8,15:00:00,138,219,17
2023-08-12,2023,12,8,16:00:00,209,274,26
2023-08-12,2023,12,8,17:00:00,83,211,16
2023-08-12,2023,12,8,18:00:00,40,10,0
2023-08-12,2023,12,8,19:00:00,5,0,0
2023-08-13,2023,13,8,11:00:00,3,0,0
2023-08-13,2023,13,8,15:00:00,1,0,0
2023-08-13,2023,13,8,16:00:00,4,0,0
2023-08-13,2023,13,8,18:00:00,2,0,0
2023-08-13,2023,13,8,20:00:00,2,0,0
2023-08-14,2023,14,8,09:00:00,3,0,0
2023-08-14,2023,14,8,10:00:00,1,0,0
2023-08-14,2023,14,8,11:00:00,7,0,0
2023-08-14,2023,14,8,12:00:00,2,0,0
2023-08-14,2023,14,8,13:00:00,9,0,0
2023-08-14,2023,14,8,14:00:00,5,0,0
2023-08-14,2023,14,8,15:00:00,6,0,0
2023-08-14,2023,14,8,16:00:00,9,0,0
2023-08-14,2023,14,8,17:00:00,5,0,0
2023-08-14,2023,14,8,18:00:00,15,0,0
2023-08-16,2023,16,8,08:00:00,41,0,0
2023-08-16,2023,16,8,09:00:00,104,20,8
2023-08-16,2023,16,8,10:00:00,113,58,12
2023-08-16,2023,16,8,11:00:00,127,165,22
2023-08-16,2023,16,8,12:00:00,78,23,14
2023-08-16,2023,16,8,13:00:00,298,281,23
2023-08-16,2023,16,8,14:00:00,270,187,23
2023-08-16,2023,16,8,15:00:00,193,301,21
2023-08-16,2023,16,8,16:00:00,190,278,19
2023-08-16,2023,16,8,17:00:00,183,264,15
2023-08-16,2023,16,8,18:00:00,10,0,0
2023-08-16,2023,16,8,19:00:00,32,0,0
2023-08-16,2023,16,8,20:00:00,1,0,0
2023-08-16,2023,16,8,21:00:00,1,0,0
2023-08-17,2023,17,8,09:00:00,24,6,6
2023-08-17,2023,17,8,10:00:00,62,76,18
2023-08-17,2023,17,8,11:00:00,41,157,12
2023-08-17,2023,17,8,12:00:00,41,13,13
2023-08-17,2023,17,8,13:00:00,94,99,16
2023-08-17,2023,17,8,14:00:00,262,152,27
2023-08-17,2023,17,8,15:00:00,150,230,21
2023-08-17,2023,17,8,16:00:00,115,302,26
2023-08-17,2023,17,8,17:00:00,48,120,11
2023-08-17,2023,17,8,18:00:00,9,0,0
2023-08-17,2023,17,8,19:00:00,6,0,0
2023-08-17,2023,17,8,20:00:00,41,0,0
2023-08-18,2023,18,8,08:00:00,2,0,0
2023-08-18,2023,18,8,09:00:00,14,27,8
2023-08-18,2023,18,8,10:00:00,40,53,9
2023-08-18,2023,18,8,11:00:00,54,44,11
2023-08-18,2023,18,8,12:00:00,50,39,9
2023-08-18,2023,18,8,13:00:00,152,103,17
2023-08-18,2023,18,8,14:00:00,184,177,20
2023-08-18,2023,18,8,15:00:00,184,426,26
2023-08-18,2023,18,8,16:00:00,216,417,20
2023-08-18,2023,18,8,17:00:00,224,337,12
2023-08-18,2023,18,8,18:00:00,26,14,0
2023-08-18,2023,18,8,21:00:00,11,0,0
2023-08-18,2023,18,8,22:00:00,1,0,0
2023-08-19,2023,19,8,08:00:00,5,0,0
2023-08-19,2023,19,8,09:00:00,18,6,10
2023-08-19,2023,19,8,10:00:00,20,48,11
2023-08-19,2023,19,8,11:00:00,67,150,12
2023-08-19,2023,19,8,12:00:00,62,38,18
2023-08-19,2023,19,8,13:00:00,169,217,23
2023-08-19,2023,19,8,14:00:00,204,333,23
2023-08-19,2023,19,8,15:00:00,183,412,27
2023-08-19,2023,19,8,16:00:00,167,220,17
2023-08-19,2023,19,8,17:00:00,194,342,20
2023-08-19,2023,19,8,18:00:00,5,0,0
2023-08-20,2023,20,8,10:00:00,8,0,0
2023-08-20,2023,20,8,12:00:00,4,0,0
2023-08-20,2023,20,8,14:00:00,6,0,0
2023-08-20,2023,20,8,16:00:00,2,0,0
2023-08-20,2023,20,8,18:00:00,2,0,0
2023-08-20,2023,20,8,20:00:00,15,0,0
2023-08-20,2023,20,8,21:00:00,14,0,0
2023-08-21,2023,21,8,08:00:00,2,0,0
2023-08-21,2023,21,8,09:00:00,7,0,0
2023-08-21,2023,21,8,10:00:00,24,0,0
2023-08-21,2023,21,8,11:00:00,5,0,0
2023-08-21,2023,21,8,12:00:00,14,0,0
2023-08-21,2023,21,8,13:00:00,5,0,0
2023-08-21,2023,21,8,14:00:00,3,0,0
2023-08-21,2023,21,8,16:00:00,31,0,0
2023-08-21,2023,21,8,17:00:00,6,0,0
2023-08-21,2023,21,8,18:00:00,7,0,0
2023-08-21,2023,21,8,19:00:00,2,0,0
2023-08-22,2023,22,8,08:00:00,32,0,0
2023-08-22,2023,22,8,09:00:00,40,32,14
2023-08-22,2023,22,8,10:00:00,58,25,19
2023-08-22,2023,22,8,11:00:00,118,173,19
2023-08-22,2023,22,8,12:00:00,157,95,24
2023-08-22,2023,22,8,13:00:00,245,321,33
2023-08-22,2023,22,8,14:00:00,226,376,33
2023-08-22,2023,22,8,15:00:00,158,290,26
2023-08-22,2023,22,8,16:00:00,209,335,33
2023-08-22,2023,22,8,17:00:00,207,411,14
2023-08-22,2023,22,8,18:00:00,2,7,0
2023-08-23,2023,23,8,08:00:00,15,0,0
2023-08-23,2023,23,8,09:00:00,11,47,9
2023-08-23,2023,23,8,10:00:00,85,94,11
2023-08-23,2023,23,8,11:00:00,60,147,12
2023-08-23,2023,23,8,12:00:00,53,42,18
2023-08-23,2023,23,8,13:00:00,153,153,17
2023-08-23,2023,23,8,14:00:00,83,167,19
2023-08-23,2023,23,8,15:00:00,133,284,23
2023-08-23,2023,23,8,16:00:00,215,298,21
2023-08-23,2023,23,8,17:00:00,114,289,28
2023-08-23,2023,23,8,18:00:00,26,1,0
2023-08-23,2023,23,8,20:00:00,20,0,0
2023-08-24,2023,24,8,08:00:00,12,0,0
2023-08-24,2023,24,8,09:00:00,16,6,11
2023-08-24,2023,24,8,10:00:00,58,38,14
2023-08-24,2023,24,8,11:00:00,226,205,15
2023-08-24,2023,24,8,12:00:00,54,61,16
2023-08-24,2023,24,8,13:00:00,121,177,15
2023-08-24,2023,24,8,14:00:00,140,93,30
2023-08-24,2023,24,8,15:00:00,256,335,20
2023-08-24,2023,24,8,16:00:00,158,273,26
2023-08-24,2023,24,8,17:00:00,174,395,13
2023-08-24,2023,24,8,18:00:00,13,10,0
2023-08-25,2023,25,8,08:00:00,5,0,0
2023-08-25,2023,25,8,09:00:00,18,4,7
2023-08-25,2023,25,8,10:00:00,59,32,9
2023-08-25,2023,25,8,11:00:00,53,28,20
2023-08-25,2023,25,8,12:00:00,45,20,13
2023-08-25,2023,25,8,13:00:00,131,143,18
2023-08-25,2023,25,8,14:00:00,120,141,21
2023-08-25,2023,25,8,15:00:00,171,181,29
2023-08-25,2023,25,8,16:00:00,106,250,24
2023-08-25,2023,25,8,17:00:00,147,269,18
2023-08-25,2023,25,8,18:00:00,5,1,0
2023-08-26,2023,26,8,08:00:00,120,0,0
2023-08-26,2023,26,8,09:00:00,75,59,6
2023-08-26,2023,26,8,10:00:00,59,39,10
2023-08-26,2023,26,8,11:00:00,92,53,13
2023-08-26,2023,26,8,12:00:00,54,26,11
2023-08-26,2023,26,8,13:00:00,153,92,7
2023-08-26,2023,26,8,14:00:00,226,179,23
2023-08-26,2023,26,8,15:00:00,306,335,20
2023-08-26,2023,26,8,16:00:00,230,427,13
2023-08-26,2023,26,8,17:00:00,175,284,13
2023-08-26,2023,26,8,18:00:00,6,19,0
2023-08-27,2023,27,8,09:00:00,8,0,0
2023-08-27,2023,27,8,10:00:00,3,0,0
2023-08-27,2023,27,8,11:00:00,5,0,0
2023-08-27,2023,27,8,14:00:00,2,0,0
2023-08-27,2023,27,8,15:00:00,5,0,0
2023-08-27,2023,27,8,16:00:00,24,0,0
2023-08-27,2023,27,8,17:00:00,2,0,0
2023-08-28,2023,28,8,07:00:00,6,0,0
2023-08-28,2023,28,8,08:00:00,9,0,0
2023-08-28,2023,28,8,09:00:00,21,0,0
2023-08-28,2023,28,8,10:00:00,9,0,0
2023-08-28,2023,28,8,11:00:00,29,0,0
2023-08-28,2023,28,8,12:00:00,10,0,0
2023-08-28,2023,28,8,13:00:00,1,0,0
2023-08-28,2023,28,8,14:00:00,14,0,0
2023-08-28,2023,28,8,15:00:00,4,0,0
2023-08-28,2023,28,8,16:00:00,8,0,0
2023-08-28,2023,28,8,17:00:00,6,0,0
2023-08-29,2023,29,8,05:00:00,16,0,0
2023-08-29,2023,29,8,07:00:00,5,0,0
2023-08-29,2023,29,8,08:00:00,5,0,0
2023-08-29,2023,29,8,09:00:00,42,11,13
2023-08-29,2023,29,8,10:00:00,109,145,20
2023-08-29,2023,29,8,11:00:00,38,17,19
2023-08-29,2023,29,8,12:00:00,94,30,18
2023-08-29,2023,29,8,13:00:00,244,127,29
2023-08-29,2023,29,8,14:00:00,288,380,26
2023-08-29,2023,29,8,15:00:00,400,635,29
2023-08-29,2023,29,8,16:00:00,327,687,26
2023-08-29,2023,29,8,17:00:00,164,375,15
2023-08-29,2023,29,8,18:00:00,35,0,0
2023-08-29,2023,29,8,20:00:00,3,0,0
2023-08-30,2023,30,8,07:00:00,2,0,0
2023-08-30,2023,30,8,08:00:00,8,0,0
2023-08-30,2023,30,8,09:00:00,89,71,14
2023-08-30,2023,30,8,10:00:00,32,43,14
2023-08-30,2023,30,8,11:00:00,113,146,15
2023-08-30,2023,30,8,12:00:00,151,97,5
2023-08-30,2023,30,8,13:00:00,108,205,18
2023-08-30,2023,30,8,14:00:00,171,277,25
2023-08-30,2023,30,8,15:00:00,359,292,25
2023-08-30,2023,30,8,16:00:00,212,365,15
2023-08-30,2023,30,8,17:00:00,120,245,14
2023-08-30,2023,30,8,18:00:00,38,29,0
2023-08-30,2023,30,8,22:00:00,1,0,0
2023-08-31,2023,31,8,07:00:00,12,0,0
2023-08-31,2023,31,8,08:00:00,6,0,0
2023-08-31,2023,31,8,09:00:00,39,6,13
2023-08-31,2023,31,8,10:00:00,97,23,17
2023-08-31,2023,31,8,11:00:00,41,33,6
2023-08-31,2023,31,8,12:00:00,14,40,12
2023-08-31,2023,31,8,13:00:00,137,119,24
2023-08-31,2023,31,8,14:00:00,91,337,20
2023-08-31,2023,31,8,15:00:00,115,352,14
2023-08-31,2023,31,8,16:00:00,253,318,25
2023-08-31,2023,31,8,17:00:00,125,359,22
2023-08-31,2023,31,8,18:00:00,34,0,0
2023-09-01,2023,1,9,08:00:00,15,0,0
2023-09-01,2023,1,9,09:00:00,21,78,13
2023-09-01,2023,1,9,10:00:00,28,19,14
2023-09-01,2023,1,9,11:00:00,98,128,13
2023-09-01,2023,1,9,12:00:00,40,128,16
2023-09-01,2023,1,9,13:00:00,166,358,20
2023-09-01,2023,1,9,14:00:00,105,270,25
2023-09-01,2023,1,9,15:00:00,159,422,34
2023-09-01,2023,1,9,16:00:00,176,336,28
2023-09-01,2023,1,9,17:00:00,132,291,25
2023-09-01,2023,1,9,18:00:00,8,33,0
2023-09-01,2023,1,9,19:00:00,6,0,0
2023-09-01,2023,1,9,20:00:00,2,0,0
2023-09-02,2023,2,9,08:00:00,3,0,0
2023-09-02,2023,2,9,09:00:00,29,199,6
2023-09-02,2023,2,9,10:00:00,31,225,7
2023-09-02,2023,2,9,11:00:00,131,167,8
2023-09-02,2023,2,9,12:00:00,70,161,10
2023-09-02,2023,2,9,13:00:00,120,81,9
2023-09-02,2023,2,9,14:00:00,215,396,17
2023-09-02,2023,2,9,15:00:00,288,526,25
2023-09-02,2023,2,9,16:00:00,246,215,17
2023-09-02,2023,2,9,17:00:00,224,280,10
2023-09-02,2023,2,9,18:00:00,54,24,0
2023-09-05,2023,5,9,08:00:00,13,0,0
2023-09-05,2023,5,9,09:00:00,101,75,27
2023-09-05,2023,5,9,10:00:00,151,233,37
2023-09-05,2023,5,9,11:00:00,110,107,21
2023-09-05,2023,5,9,12:00:00,119,156,17
2023-09-05,2023,5,9,13:00:00,50,43,18
2023-09-05,2023,5,9,14:00:00,74,57,27
2023-09-05,2023,5,9,15:00:00,82,80,29
2023-09-05,2023,5,9,16:00:00,129,109,21
2023-09-05,2023,5,9,17:00:00,124,102,19
2023-09-05,2023,5,9,18:00:00,63,110,13
2023-09-05,2023,5,9,19:00:00,19,0,0
2023-09-06,2023,6,9,08:00:00,14,0,0
2023-09-06,2023,6,9,09:00:00,46,16,17
2023-09-06,2023,6,9,10:00:00,242,195,17
2023-09-06,2023,6,9,11:00:00,193,202,21
2023-09-06,2023,6,9,12:00:00,104,119,15
2023-09-06,2023,6,9,13:00:00,92,115,14
2023-09-06,2023,6,9,14:00:00,138,136,25
2023-09-06,2023,6,9,15:00:00,284,263,30
2023-09-06,2023,6,9,16:00:00,138,256,25
2023-09-06,2023,6,9,17:00:00,182,154,19
2023-09-06,2023,6,9,18:00:00,137,109,5
2023-09-06,2023,6,9,19:00:00,10,9,0
2023-09-07,2023,7,9,07:00:00,2,0,0
2023-09-07,2023,7,9,08:00:00,20,0,0
2023-09-07,2023,7,9,09:00:00,34,11,14
2023-09-07,2023,7,9,10:00:00,46,35,14
2023-09-07,2023,7,9,11:00:00,83,67,16
2023-09-07,2023,7,9,12:00:00,95,51,18
2023-09-07,2023,7,9,13:00:00,85,55,15
2023-09-07,2023,7,9,14:00:00,90,40,15
2023-09-07,2023,7,9,15:00:00,38,66,13
2023-09-07,2023,7,9,16:00:00,65,51,17
2023-09-07,2023,7,9,17:00:00,66,94,18
2023-09-07,2023,7,9,18:00:00,7,23,17
2023-09-08,2023,8,9,08:00:00,2,0,0
2023-09-08,2023,8,9,09:00:00,67,14,17
2023-09-08,2023,8,9,10:00:00,26,43,14
2023-09-08,2023,8,9,11:00:00,95,47,16
2023-09-08,2023,8,9,12:00:00,24,155,14
2023-09-08,2023,8,9,13:00:00,94,118,20
2023-09-08,2023,8,9,14:00:00,57,57,13
2023-09-08,2023,8,9,15:00:00,73,56,16
2023-09-08,2023,8,9,16:00:00,24,139,15
2023-09-08,2023,8,9,17:00:00,142,138,16
2023-09-08,2023,8,9,18:00:00,97,82,8
2023-09-08,2023,8,9,19:00:00,1,0,0
2023-09-09,2023,9,9,08:00:00,22,0,0
2023-09-09,2023,9,9,09:00:00,34,8,22
2023-09-09,2023,9,9,10:00:00,159,130,18
2023-09-09,2023,9,9,11:00:00,218,250,9
2023-09-09,2023,9,9,12:00:00,100,94,13
2023-09-09,2023,9,9,13:00:00,70,92,18
2023-09-09,2023,9,9,14:00:00,285,184,9
2023-09-09,2023,9,9,15:00:00,124,147,12
2023-09-09,2023,9,9,16:00:00,249,204,17
2023-09-09,2023,9,9,17:00:00,230,220,19
2023-09-09,2023,9,9,18:00:00,103,152,7
2023-09-09,2023,9,9,19:00:00,0,3,0
2023-09-09,2023,9,9,20:00:00,1,0,0
2023-09-10,2023,10,9,00:00:00,1,0,0
2023-09-10,2023,10,9,10:00:00,20,0,0
2023-09-10,2023,10,9,11:00:00,11,0,0
2023-09-10,2023,10,9,12:00:00,1,0,0
2023-09-10,2023,10,9,13:00:00,22,1,0
2023-09-10,2023,10,9,14:00:00,220,155,13
2023-09-10,2023,10,9,15:00:00,243,255,11
2023-09-10,2023,10,9,16:00:00,67,151,11
2023-09-10,2023,10,9,17:00:00,51,178,6
2023-09-10,2023,10,9,18:00:00,0,3,0
2023-09-11,2023,11,9,07:00:00,2,0,0
2023-09-11,2023,11,9,08:00:00,13,0,0
2023-09-11,2023,11,9,09:00:00,1,0,0
2023-09-11,2023,11,9,11:00:00,2,0,0
2023-09-11,2023,11,9,12:00:00,10,0,0
2023-09-11,2023,11,9,13:00:00,2,0,0
2023-09-11,2023,11,9,15:00:00,14,0,0
2023-09-11,2023,11,9,16:00:00,8,0,0
2023-09-11,2023,11,9,17:00:00,19,0,0
2023-09-12,2023,12,9,07:00:00,1,0,0
2023-09-12,2023,12,9,08:00:00,1,0,0
2023-09-12,2023,12,9,09:00:00,42,171,17
2023-09-12,2023,12,9,10:00:00,75,60,34
2023-09-12,2023,12,9,11:00:00,66,122,11
2023-09-12,2023,12,9,12:00:00,78,45,21
2023-09-12,2023,12,9,13:00:00,150,63,22
2023-09-12,2023,12,9,14:00:00,127,94,26
2023-09-12,2023,12,9,15:00:00,83,76,27
2023-09-12,2023,12,9,16:00:00,69,110,21
2023-09-12,2023,12,9,17:00:00,144,107,14
2023-09-12,2023,12,9,18:00:00,46,69,10
2023-09-12,2023,12,9,21:00:00,5,0,0
2023-09-13,2023,13,9,07:00:00,3,0,0
2023-09-13,2023,13,9,08:00:00,1,0,0
2023-09-13,2023,13,9,09:00:00,33,24,8
2023-09-13,2023,13,9,10:00:00,200,124,14
2023-09-13,2023,13,9,11:00:00,118,236,23
2023-09-13,2023,13,9,12:00:00,156,118,19
2023-09-13,2023,13,9,13:00:00,122,118,20
2023-09-13,2023,13,9,14:00:00,219,237,23
2023-09-13,2023,13,9,15:00:00,258,273,39
2023-09-13,2023,13,9,16:00:00,198,280,31
2023-09-13,2023,13,9,17:00:00,104,147,35
2023-09-13,2023,13,9,18:00:00,50,165,14
2023-09-13,2023,13,9,19:00:00,0,2,0
2023-09-14,2023,14,9,07:00:00,2,0,0
2023-09-14,2023,14,9,08:00:00,3,0,0
2023-09-14,2023,14,9,09:00:00,48,6,25
2023-09-14,2023,14,9,10:00:00,43,48,15
2023-09-14,2023,14,9,11:00:00,61,103,25
2023-09-14,2023,14,9,12:00:00,44,104,10
2023-09-14,2023,14,9,13:00:00,126,93,24
2023-09-14,2023,14,9,14:00:00,43,129,17
2023-09-14,2023,14,9,15:00:00,39,181,24
2023-09-14,2023,14,9,16:00:00,54,201,18
2023-09-14,2023,14,9,17:00:00,70,200,13
2023-09-14,2023,14,9,18:00:00,72,59,13
2023-09-14,2023,14,9,19:00:00,1,9,0
2023-09-14,2023,14,9,21:00:00,1,0,0
2023-09-15,2023,15,9,07:00:00,7,0,0
2023-09-15,2023,15,9,08:00:00,41,0,0
2023-09-15,2023,15,9,09:00:00,83,38,12
2023-09-15,2023,15,9,10:00:00,54,67,21
2023-09-15,2023,15,9,11:00:00,35,57,10
2023-09-15,2023,15,9,12:00:00,55,46,6
2023-09-15,2023,15,9,13:00:00,99,80,15
2023-09-15,2023,15,9,14:00:00,66,95,24
2023-09-15,2023,15,9,15:00:00,25,44,15
2023-09-15,2023,15,9,16:00:00,81,77,14
2023-09-15,2023,15,9,17:00:00,46,107,20
2023-09-15,2023,15,9,18:00:00,27,68,10
2023-09-15,2023,15,9,19:00:00,1,0,0
2023-09-16,2023,16,9,08:00:00,64,0,0
2023-09-16,2023,16,9,09:00:00,51,41,15
2023-09-16,2023,16,9,10:00:00,238,171,6
2023-09-16,2023,16,9,11:00:00,225,299,17
2023-09-16,2023,16,9,12:00:00,125,234,14
2023-09-16,2023,16,9,13:00:00,111,103,15
2023-09-16,2023,16,9,14:00:00,138,188,17
2023-09-16,2023,16,9,15:00:00,218,170,23
2023-09-16,2023,16,9,16:00:00,196,234,16
2023-09-16,2023,16,9,17:00:00,129,199,18
2023-09-16,2023,16,9,18:00:00,56,102,8
2023-09-16,2023,16,9,20:00:00,2,0,0
2023-09-17,2023,17,9,09:00:00,10,0,0
2023-09-17,2023,17,9,11:00:00,5,0,0
2023-09-17,2023,17,9,12:00:00,6,0,0
2023-09-17,2023,17,9,13:00:00,12,2,0
2023-09-17,2023,17,9,14:00:00,182,161,26
2023-09-17,2023,17,9,15:00:00,237,224,28
2023-09-17,2023,17,9,16:00:00,208,387,22
2023-09-17,2023,17,9,17:00:00,44,187,9
2023-09-17,2023,17,9,18:00:00,2,0,0
2023-09-17,2023,17,9,19:00:00,4,0,0
2023-09-18,2023,18,9,00:00:00,1,0,0
2023-09-18,2023,18,9,07:00:00,1,0,0
2023-09-18,2023,18,9,08:00:00,6,0,0
2023-09-18,2023,18,9,09:00:00,9,0,0
2023-09-18,2023,18,9,10:00:00,1,0,0
2023-09-18,2023,18,9,12:00:00,5,0,0
2023-09-18,2023,18,9,13:00:00,6,0,0
2023-09-18,2023,18,9,14:00:00,3,0,0
2023-09-18,2023,18,9,17:00:00,4,0,0
2023-09-18,2023,18,9,18:00:00,1,0,0
2023-09-18,2023,18,9,19:00:00,4,0,0
2023-09-19,2023,19,9,08:00:00,8,0,0
2023-09-19,2023,19,9,09:00:00,82,17,22
2023-09-19,2023,19,9,10:00:00,63,84,23
2023-09-19,2023,19,9,11:00:00,45,220,22
2023-09-19,2023,19,9,12:00:00,39,37,20
2023-09-19,2023,19,9,13:00:00,85,127,23
2023-09-19,2023,19,9,14:00:00,101,62,29
2023-09-19,2023,19,9,15:00:00,71,59,21
2023-09-19,2023,19,9,16:00:00,155,72,27
2023-09-19,2023,19,9,17:00:00,229,95,14
2023-09-19,2023,19,9,18:00:00,14,56,13
2023-09-19,2023,19,9,19:00:00,1,0,0
2023-09-19,2023,19,9,22:00:00,16,0,0
2023-09-20,2023,20,9,07:00:00,22,0,0
2023-09-20,2023,20,9,08:00:00,9,0,0
2023-09-20,2023,20,9,09:00:00,57,147,14
2023-09-20,2023,20,9,10:00:00,118,216,16
2023-09-20,2023,20,9,11:00:00,161,423,20
2023-09-20,2023,20,9,12:00:00,60,158,16
2023-09-20,2023,20,9,13:00:00,97,72,38
2023-09-20,2023,20,9,14:00:00,230,388,40
2023-09-20,2023,20,9,15:00:00,209,426,37
2023-09-20,2023,20,9,16:00:00,181,254,32
2023-09-20,2023,20,9,17:00:00,203,334,26
2023-09-20,2023,20,9,18:00:00,41,163,22
2023-09-20,2023,20,9,19:00:00,3,0,0
2023-09-20,2023,20,9,20:00:00,19,0,0
2023-09-20,2023,20,9,21:00:00,1,0,0
2023-09-21,2023,21,9,07:00:00,1,0,0
2023-09-21,2023,21,9,08:00:00,9,0,0
2023-09-21,2023,21,9,09:00:00,78,37,14
2023-09-21,2023,21,9,10:00:00,52,40,15
2023-09-21,2023,21,9,11:00:00,46,60,7
2023-09-21,2023,21,9,12:00:00,50,190,12
2023-09-21,2023,21,9,13:00:00,73,55,22
2023-09-21,2023,21,9,14:00:00,87,54,18
2023-09-21,2023,21,9,15:00:00,89,322,23
2023-09-21,2023,21,9,16:00:00,34,337,21
2023-09-21,2023,21,9,17:00:00,36,78,31
2023-09-21,2023,21,9,18:00:00,36,37,6
2023-09-21,2023,21,9,20:00:00,11,0,0
2023-09-21,2023,21,9,21:00:00,2,0,0
2023-09-22,2023,22,9,07:00:00,7,0,0
2023-09-22,2023,22,9,08:00:00,25,0,0
2023-09-22,2023,22,9,09:00:00,82,4,20
2023-09-22,2023,22,9,10:00:00,94,58,31
2023-09-22,2023,22,9,11:00:00,65,56,17
2023-09-22,2023,22,9,12:00:00,99,65,16
2023-09-22,2023,22,9,13:00:00,71,70,25
2023-09-22,2023,22,9,14:00:00,100,67,24
2023-09-22,2023,22,9,15:00:00,77,43,24
2023-09-22,2023,22,9,16:00:00,92,455,12
2023-09-22,2023,22,9,17:00:00,66,204,22
2023-09-22,2023,22,9,18:00:00,11,75,13
2023-09-22,2023,22,9,19:00:00,0,1,0
2023-09-22,2023,22,9,20:00:00,1,0,0
2023-09-23,2023,23,9,08:00:00,5,0,0
2023-09-23,2023,23,9,09:00:00,36,174,25
2023-09-23,2023,23,9,10:00:00,153,378,22
2023-09-23,2023,23,9,11:00:00,285,407,25
2023-09-23,2023,23,9,12:00:00,93,180,29
2023-09-23,2023,23,9,13:00:00,134,138,17
2023-09-23,2023,23,9,14:00:00,170,199,28
2023-09-23,2023,23,9,15:00:00,236,219,28
2023-09-23,2023,23,9,16:00:00,324,337,36
2023-09-23,2023,23,9,17:00:00,206,383,20
2023-09-23,2023,23,9,18:00:00,138,279,7
2023-09-24,2023,24,9,11:00:00,13,0,0
2023-09-24,2023,24,9,12:00:00,4,0,0
2023-09-24,2023,24,9,13:00:00,17,1,0
2023-09-24,2023,24,9,14:00:00,161,67,23
2023-09-24,2023,24,9,15:00:00,262,333,16
2023-09-24,2023,24,9,16:00:00,127,233,27
2023-09-24,2023,24,9,17:00:00,181,250,6
2023-09-24,2023,24,9,18:00:00,1,25,0
2023-09-25,2023,25,9,08:00:00,6,0,0
2023-09-25,2023,25,9,09:00:00,12,0,0
2023-09-25,2023,25,9,10:00:00,1,0,0
2023-09-25,2023,25,9,11:00:00,9,0,0
2023-09-25,2023,25,9,12:00:00,9,0,0
2023-09-25,2023,25,9,13:00:00,29,0,0
2023-09-25,2023,25,9,15:00:00,22,0,0
2023-09-25,2023,25,9,16:00:00,1,0,0
2023-09-25,2023,25,9,17:00:00,28,0,0
2023-09-25,2023,25,9,18:00:00,25,0,0
2023-09-26,2023,26,9,07:00:00,5,0,0
2023-09-26,2023,26,9,08:00:00,18,0,0
2023-09-26,2023,26,9,09:00:00,63,18,23
2023-09-26,2023,26,9,10:00:00,54,134,22
2023-09-26,2023,26,9,11:00:00,84,152,17
2023-09-26,2023,26,9,12:00:00,53,129,24
2023-09-26,2023,26,9,13:00:00,103,62,25
2023-09-26,2023,26,9,14:00:00,112,109,22
2023-09-26,2023,26,9,15:00:00,51,154,20
2023-09-26,2023,26,9,16:00:00,65,267,24
2023-09-26,2023,26,9,17:00:00,115,107,32
2023-09-26,2023,26,9,18:00:00,27,69,8
2023-09-27,2023,27,9,07:00:00,7,0,0
2023-09-27,2023,27,9,08:00:00,19,0,0
2023-09-27,2023,27,9,09:00:00,49,13,13
2023-09-27,2023,27,9,10:00:00,169,127,24
2023-09-27,2023,27,9,11:00:00,197,181,32
2023-09-27,2023,27,9,12:00:00,85,191,12
2023-09-27,2023,27,9,13:00:00,92,156,25
2023-09-27,2023,27,9,14:00:00,208,252,41
2023-09-27,2023,27,9,15:00:00,216,309,54
2023-09-27,2023,27,9,16:00:00,256,223,35
2023-09-27,2023,27,9,17:00:00,102,413,22
2023-09-27,2023,27,9,18:00:00,36,125,16
2023-09-27,2023,27,9,21:00:00,1,0,0
2023-09-28,2023,28,9,07:00:00,9,0,0
2023-09-28,2023,28,9,08:00:00,1,0,0
2023-09-28,2023,28,9,09:00:00,21,16,19
2023-09-28,2023,28,9,10:00:00,25,26,12
2023-09-28,2023,28,9,11:00:00,74,74,21
2023-09-28,2023,28,9,12:00:00,64,53,6
2023-09-28,2023,28,9,13:00:00,55,88,12
2023-09-28,2023,28,9,14:00:00,148,380,26
2023-09-28,2023,28,9,15:00:00,57,69,22
2023-09-28,2023,28,9,16:00:00,112,21,30
2023-09-28,2023,28,9,17:00:00,63,149,29
2023-09-28,2023,28,9,18:00:00,36,70,15
2023-09-28,2023,28,9,19:00:00,13,0,0
2023-09-29,2023,29,9,08:00:00,9,0,0
2023-09-29,2023,29,9,09:00:00,36,8,12
2023-09-29,2023,29,9,10:00:00,82,60,17
2023-09-29,2023,29,9,11:00:00,30,64,19
2023-09-29,2023,29,9,12:00:00,42,46,17
2023-09-29,2023,29,9,13:00:00,43,44,22
2023-09-29,2023,29,9,14:00:00,101,78,22
2023-09-29,2023,29,9,15:00:00,65,64,17
2023-09-29,2023,29,9,16:00:00,92,83,27
2023-09-29,2023,29,9,17:00:00,63,114,23
2023-09-29,2023,29,9,18:00:00,114,74,6
2023-09-29,2023,29,9,19:00:00,0,4,0
2023-09-30,2023,30,9,08:00:00,7,0,0
2023-09-30,2023,30,9,09:00:00,174,42,1
2023-09-30,2023,30,9,10:00:00,227,123,15
2023-09-30,2023,30,9,11:00:00,295,262,16
2023-09-30,2023,30,9,12:00:00,132,226,14
2023-09-30,2023,30,9,13:00:00,132,131,21
2023-09-30,2023,30,9,14:00:00,128,154,13
2023-09-30,2023,30,9,15:00:00,271,291,22
2023-09-30,2023,30,9,16:00:00,138,219,22
2023-09-30,2023,30,9,17:00:00,159,202,16
2023-09-30,2023,30,9,18:00:00,50,136,12
2023-09-30,2023,30,9,19:00:00,1,0,0
2023-10-01,2023,1,10,11:00:00,2,0,0
2023-10-01,2023,1,10,13:00:00,24,2,1
2023-10-01,2023,1,10,14:00:00,161,94,24
2023-10-01,2023,1,10,15:00:00,151,215,14
2023-10-01,2023,1,10,16:00:00,202,161,20
2023-10-01,2023,1,10,17:00:00,120,240,18
2023-10-02,2023,2,10,07:00:00,1,0,0
2023-10-02,2023,2,10,08:00:00,1,0,0
2023-10-02,2023,2,10,10:00:00,3,0,0
2023-10-02,2023,2,10,12:00:00,4,0,0
2023-10-02,2023,2,10,13:00:00,9,0,0
2023-10-02,2023,2,10,15:00:00,13,0,0
2023-10-02,2023,2,10,17:00:00,2,0,0
2023-10-02,2023,2,10,18:00:00,5,0,0
2023-10-03,2023,3,10,05:00:00,3,0,0
2023-10-03,2023,3,10,07:00:00,3,0,0
2023-10-03,2023,3,10,08:00:00,21,0,0
2023-10-03,2023,3,10,09:00:00,37,15,21
2023-10-03,2023,3,10,10:00:00,118,82,21
2023-10-03,2023,3,10,11:00:00,50,89,18
2023-10-03,2023,3,10,12:00:00,74,60,23
2023-10-03,2023,3,10,13:00:00,96,55,27
2023-10-03,2023,3,10,14:00:00,76,135,20
2023-10-03,2023,3,10,15:00:00,104,155,23
2023-10-03,2023,3,10,16:00:00,82,84,29
2023-10-03,2023,3,10,17:00:00,187,91,35
2023-10-03,2023,3,10,18:00:00,33,124,19
2023-10-03,2023,3,10,19:00:00,1,0,0
2023-10-03,2023,3,10,20:00:00,13,0,0
2023-10-04,2023,4,10,07:00:00,2,0,0
2023-10-04,2023,4,10,08:00:00,10,0,0
2023-10-04,2023,4,10,09:00:00,53,14,10
2023-10-04,2023,4,10,10:00:00,270,171,24
2023-10-04,2023,4,10,11:00:00,148,290,16
2023-10-04,2023,4,10,12:00:00,68,97,18
2023-10-04,2023,4,10,13:00:00,122,76,27
2023-10-04,2023,4,10,14:00:00,207,160,29
2023-10-04,2023,4,10,15:00:00,247,150,38
2023-10-04,2023,4,10,16:00:00,110,230,51
2023-10-04,2023,4,10,17:00:00,137,127,29
2023-10-04,2023,4,10,18:00:00,82,125,8
2023-10-04,2023,4,10,19:00:00,5,2,0
2023-10-04,2023,4,10,20:00:00,8,0,0
2023-10-05,2023,5,10,08:00:00,5,0,0
2023-10-05,2023,5,10,09:00:00,24,5,15
2023-10-05,2023,5,10,10:00:00,51,48,8
2023-10-05,2023,5,10,11:00:00,46,34,22
2023-10-05,2023,5,10,12:00:00,32,38,13
2023-10-05,2023,5,10,13:00:00,50,28,20
2023-10-05,2023,5,10,14:00:00,86,76,17
2023-10-05,2023,5,10,15:00:00,42,100,28
2023-10-05,2023,5,10,16:00:00,67,43,22
2023-10-05,2023,5,10,17:00:00,45,103,29
2023-10-05,2023,5,10,18:00:00,10,60,6
2023-10-05,2023,5,10,19:00:00,0,2,0
2023-10-06,2023,6,10,07:00:00,7,0,0
2023-10-06,2023,6,10,08:00:00,7,0,0
2023-10-06,2023,6,10,09:00:00,32,10,9
2023-10-06,2023,6,10,10:00:00,49,77,17
2023-10-06,2023,6,10,11:00:00,22,23,13
2023-10-06,2023,6,10,12:00:00,48,52,10
2023-10-06,2023,6,10,13:00:00,70,71,14
2023-10-06,2023,6,10,14:00:00,108,125,22
2023-10-06,2023,6,10,15:00:00,70,146,24
2023-10-06,2023,6,10,16:00:00,63,56,29
2023-10-06,2023,6,10,17:00:00,60,68,16
2023-10-06,2023,6,10,18:00:00,83,145,6
2023-10-06,2023,6,10,19:00:00,4,0,0
2023-10-06,2023,6,10,20:00:00,3,0,0
2023-10-07,2023,7,10,08:00:00,6,0,0
2023-10-07,2023,7,10,09:00:00,28,127,9
2023-10-07,2023,7,10,10:00:00,194,166,21
2023-10-07,2023,7,10,11:00:00,201,218,23
2023-10-07,2023,7,10,12:00:00,211,227,12
2023-10-07,2023,7,10,13:00:00,262,180,16
2023-10-07,2023,7,10,14:00:00,223,208,22
2023-10-07,2023,7,10,15:00:00,198,216,48
2023-10-07,2023,7,10,16:00:00,204,248,29
2023-10-07,2023,7,10,17:00:00,153,166,24
2023-10-07,2023,7,10,18:00:00,96,213,7
2023-10-07,2023,7,10,19:00:00,3,0,0
2023-10-08,2023,8,10,08:00:00,1,0,0
2023-10-08,2023,8,10,12:00:00,1,0,0
2023-10-08,2023,8,10,13:00:00,25,5,2
2023-10-08,2023,8,10,14:00:00,212,140,15
2023-10-08,2023,8,10,15:00:00,233,207,12
2023-10-08,2023,8,10,16:00:00,154,263,17
2023-10-08,2023,8,10,17:00:00,135,223,16
2023-10-08,2023,8,10,18:00:00,2,15,0
2023-10-09,2023,9,10,08:00:00,10,0,0
2023-10-09,2023,9,10,09:00:00,10,0,0
2023-10-09,2023,9,10,10:00:00,1,0,0
2023-10-09,2023,9,10,12:00:00,2,0,0
2023-10-09,2023,9,10,13:00:00,7,0,0
2023-10-09,2023,9,10,14:00:00,5,0,0
2023-10-09,2023,9,10,15:00:00,2,0,0
2023-10-09,2023,9,10,16:00:00,1,0,0
2023-10-10,2023,10,10,08:00:00,17,0,0
2023-10-10,2023,10,10,09:00:00,55,8,23
2023-10-10,2023,10,10,10:00:00,61,56,19
2023-10-10,2023,10,10,11:00:00,103,112,21
2023-10-10,2023,10,10,12:00:00,47,44,19
2023-10-10,2023,10,10,13:00:00,23,41,7
2023-10-10,2023,10,10,14:00:00,139,79,19
2023-10-10,2023,10,10,15:00:00,166,103,19
2023-10-10,2023,10,10,16:00:00,38,103,26
2023-10-10,2023,10,10,17:00:00,88,118,30
2023-10-10,2023,10,10,18:00:00,75,98,11
2023-10-10,2023,10,10,19:00:00,21,0,0
2023-10-11,2023,11,10,07:00:00,3,0,0
2023-10-11,2023,11,10,08:00:00,11,0,0
2023-10-11,2023,11,10,09:00:00,80,50,9
2023-10-11,2023,11,10,10:00:00,190,173,18
2023-10-11,2023,11,10,11:00:00,131,215,22
2023-10-11,2023,11,10,12:00:00,129,152,15
2023-10-11,2023,11,10,13:00:00,137,110,27
2023-10-11,2023,11,10,14:00:00,244,227,39
2023-10-11,2023,11,10,15:00:00,187,217,40
2023-10-11,2023,11,10,16:00:00,273,144,34
2023-10-11,2023,11,10,17:00:00,173,314,34
2023-10-11,2023,11,10,18:00:00,117,124,5
2023-10-12,2023,12,10,08:00:00,3,0,0
2023-10-12,2023,12,10,09:00:00,51,23,17
2023-10-12,2023,12,10,10:00:00,51,111,24
2023-10-12,2023,12,10,11:00:00,29,95,18
2023-10-12,2023,12,10,12:00:00,28,77,18
2023-10-12,2023,12,10,13:00:00,90,16,24
2023-10-12,2023,12,10,14:00:00,20,175,14
2023-10-12,2023,12,10,15:00:00,148,146,23
2023-10-12,2023,12,10,16:00:00,75,177,25
2023-10-12,2023,12,10,17:00:00,22,86,21
2023-10-12,2023,12,10,18:00:00,28,73,9
2023-10-12,2023,12,10,19:00:00,18,0,0
2023-10-13,2023,13,10,08:00:00,14,0,0
2023-10-13,2023,13,10,09:00:00,20,62,18
2023-10-13,2023,13,10,10:00:00,66,121,18
2023-10-13,2023,13,10,11:00:00,37,30,17
2023-10-13,2023,13,10,12:00:00,50,26,7
2023-10-13,2023,13,10,13:00:00,72,79,12
2023-10-13,2023,13,10,14:00:00,76,108,17
2023-10-13,2023,13,10,15:00:00,63,97,24
2023-10-13,2023,13,10,16:00:00,48,129,25
2023-10-13,2023,13,10,17:00:00,68,201,12
2023-10-13,2023,13,10,18:00:00,43,37,10
2023-10-13,2023,13,10,21:00:00,5,0,0
2023-10-14,2023,14,10,08:00:00,5,0,1
2023-10-14,2023,14,10,09:00:00,87,77,17
2023-10-14,2023,14,10,10:00:00,277,194,22
2023-10-14,2023,14,10,11:00:00,234,351,21
2023-10-14,2023,14,10,12:00:00,152,187,12
2023-10-14,2023,14,10,13:00:00,222,205,22
2023-10-14,2023,14,10,14:00:00,166,136,19
2023-10-14,2023,14,10,15:00:00,260,235,29
2023-10-14,2023,14,10,16:00:00,427,454,29
2023-10-14,2023,14,10,17:00:00,236,331,24
2023-10-14,2023,14,10,18:00:00,92,295,17
2023-10-14,2023,14,10,19:00:00,18,35,0
2023-10-14,2023,14,10,20:00:00,2,0,0
2023-10-15,2023,15,10,09:00:00,4,0,0
2023-10-15,2023,15,10,10:00:00,2,0,0
2023-10-15,2023,15,10,11:00:00,1,0,0
2023-10-15,2023,15,10,12:00:00,4,0,0
2023-10-15,2023,15,10,13:00:00,7,0,0
2023-10-15,2023,15,10,14:00:00,405,157,26
2023-10-15,2023,15,10,15:00:00,167,337,36
2023-10-15,2023,15,10,16:00:00,281,305,22
2023-10-15,2023,15,10,17:00:00,131,251,15
2023-10-15,2023,15,10,18:00:00,5,7,0
2023-10-15,2023,15,10,19:00:00,3,0,0
2023-10-15,2023,15,10,21:00:00,7,0,0
2023-10-16,2023,16,10,07:00:00,1,0,0
2023-10-16,2023,16,10,08:00:00,9,0,0
2023-10-16,2023,16,10,10:00:00,1,0,0
2023-10-16,2023,16,10,11:00:00,1,0,0
2023-10-16,2023,16,10,12:00:00,9,0,0
2023-10-16,2023,16,10,13:00:00,9,0,0
2023-10-16,2023,16,10,14:00:00,3,0,0
2023-10-16,2023,16,10,15:00:00,10,0,0
2023-10-16,2023,16,10,16:00:00,2,0,0
2023-10-16,2023,16,10,17:00:00,24,0,0
2023-10-16,2023,16,10,20:00:00,1,0,0
2023-10-17,2023,17,10,06:00:00,4,0,0
2023-10-17,2023,17,10,08:00:00,27,0,0
2023-10-17,2023,17,10,09:00:00,81,48,9
2023-10-17,2023,17,10,10:00:00,91,74,20
2023-10-17,2023,17,10,11:00:00,41,94,18
2023-10-17,2023,17,10,12:00:00,66,53,16
2023-10-17,2023,17,10,13:00:00,89,116,16
2023-10-17,2023,17,10,14:00:00,93,132,19
2023-10-17,2023,17,10,15:00:00,80,54,25
2023-10-17,2023,17,10,16:00:00,105,64,25
2023-10-17,2023,17,10,17:00:00,249,206,26
2023-10-17,2023,17,10,18:00:00,124,136,17
2023-10-17,2023,17,10,19:00:00,0,1,0
2023-10-18,2023,18,10,06:00:00,1,0,0
2023-10-18,2023,18,10,08:00:00,15,0,0
2023-10-18,2023,18,10,09:00:00,141,158,6
2023-10-18,2023,18,10,10:00:00,305,287,20
2023-10-18,2023,18,10,11:00:00,307,314,26
2023-10-18,2023,18,10,12:00:00,231,199,20
2023-10-18,2023,18,10,13:00:00,141,125,16
2023-10-18,2023,18,10,14:00:00,495,270,32
2023-10-18,2023,18,10,15:00:00,496,448,39
2023-10-18,2023,18,10,16:00:00,261,301,32
2023-10-18,2023,18,10,17:00:00,267,243,20
2023-10-18,2023,18,10,18:00:00,24,62,13
2023-10-19,2023,19,10,08:00:00,1,0,0
2023-10-19,2023,19,10,09:00:00,3,0,20
2023-10-19,2023,19,10,10:00:00,32,42,9
2023-10-19,2023,19,10,11:00:00,32,39,10
2023-10-19,2023,19,10,12:00:00,170,154,16
2023-10-19,2023,19,10,13:00:00,83,81,21
2023-10-19,2023,19,10,14:00:00,41,50,7
2023-10-19,2023,19,10,15:00:00,44,92,15
2023-10-19,2023,19,10,16:00:00,229,138,18
2023-10-19,2023,19,10,17:00:00,533,390,24
2023-10-19,2023,19,10,18:00:00,52,70,11
2023-10-19,2023,19,10,19:00:00,1,0,0
2023-10-19,2023,19,10,21:00:00,4,0,0
2023-10-20,2023,20,10,08:00:00,3,0,0
2023-10-20,2023,20,10,09:00:00,32,3,8
2023-10-20,2023,20,10,10:00:00,96,103,20
2023-10-20,2023,20,10,11:00:00,63,114,12
2023-10-20,2023,20,10,12:00:00,68,70,11
2023-10-20,2023,20,10,13:00:00,103,118,17
2023-10-20,2023,20,10,14:00:00,32,91,11
2023-10-20,2023,20,10,15:00:00,88,70,20
2023-10-20,2023,20,10,16:00:00,142,156,27
2023-10-20,2023,20,10,17:00:00,199,144,20
2023-10-20,2023,20,10,18:00:00,99,140,17
2023-10-20,2023,20,10,19:00:00,17,0,0
2023-10-21,2023,21,10,08:00:00,3,0,0
2023-10-21,2023,21,10,09:00:00,127,113,4
2023-10-21,2023,21,10,10:00:00,229,259,11
2023-10-21,2023,21,10,11:00:00,227,176,10
2023-10-21,2023,21,10,12:00:00,177,303,22
2023-10-21,2023,21,10,13:00:00,208,205,19
2023-10-21,2023,21,10,14:00:00,239,251,17
2023-10-21,2023,21,10,15:00:00,370,398,29
2023-10-21,2023,21,10,16:00:00,298,245,22
2023-10-21,2023,21,10,17:00:00,247,381,33
2023-10-21,2023,21,10,18:00:00,70,184,13
2023-10-21,2023,21,10,21:00:00,2,0,0
2023-10-22,2023,22,10,09:00:00,2,0,0
2023-10-22,2023,22,10,10:00:00,1,0,0
2023-10-22,2023,22,10,11:00:00,9,0,0
2023-10-22,2023,22,10,12:00:00,8,0,0
2023-10-22,2023,22,10,13:00:00,19,0,0
2023-10-22,2023,22,10,14:00:00,22,0,0
2023-10-22,2023,22,10,15:00:00,34,0,0
2023-10-22,2023,22,10,16:00:00,1,0,0
2023-10-22,2023,22,10,17:00:00,1,0,0
2023-10-22,2023,22,10,18:00:00,1,0,0
2023-10-23,2023,23,10,07:00:00,1,0,0
2023-10-23,2023,23,10,08:00:00,1,0,0
2023-10-23,2023,23,10,10:00:00,3,0,0
2023-10-23,2023,23,10,12:00:00,15,0,0
2023-10-23,2023,23,10,13:00:00,6,0,0
2023-10-23,2023,23,10,15:00:00,15,0,0
2023-10-23,2023,23,10,16:00:00,12,0,0
2023-10-23,2023,23,10,17:00:00,5,0,0
2023-10-23,2023,23,10,18:00:00,9,0,0
2023-10-24,2023,24,10,05:00:00,20,0,0
2023-10-24,2023,24,10,06:00:00,3,0,0
2023-10-24,2023,24,10,07:00:00,2,0,0
2023-10-24,2023,24,10,08:00:00,21,0,0
2023-10-24,2023,24,10,09:00:00,169,82,11
2023-10-24,2023,24,10,10:00:00,279,221,26
2023-10-24,2023,24,10,11:00:00,212,315,38
2023-10-24,2023,24,10,12:00:00,164,195,22
2023-10-24,2023,24,10,13:00:00,178,205,29
2023-10-24,2023,24,10,14:00:00,485,346,31
2023-10-24,2023,24,10,15:00:00,432,342,43
2023-10-24,2023,24,10,16:00:00,272,395,51
2023-10-24,2023,24,10,17:00:00,193,410,22
2023-10-24,2023,24,10,18:00:00,22,1,0
2023-10-24,2023,24,10,19:00:00,15,0,0
2023-10-24,2023,24,10,22:00:00,1,0,0
2023-10-25,2023,25,10,08:00:00,2,0,0
2023-10-25,2023,25,10,09:00:00,42,24,11
2023-10-25,2023,25,10,10:00:00,188,137,21
2023-10-25,2023,25,10,11:00:00,307,353,15
2023-10-25,2023,25,10,12:00:00,324,282,19
2023-10-25,2023,25,10,13:00:00,141,109,12
2023-10-25,2023,25,10,14:00:00,418,366,24
2023-10-25,2023,25,10,15:00:00,160,256,40
2023-10-25,2023,25,10,16:00:00,337,361,35
2023-10-25,2023,25,10,17:00:00,267,363,28
2023-10-25,2023,25,10,18:00:00,37,45,0
2023-10-26,2023,26,10,06:00:00,1,0,0
2023-10-26,2023,26,10,07:00:00,12,0,0
2023-10-26,2023,26,10,08:00:00,2,0,0
2023-10-26,2023,26,10,09:00:00,21,39,9
2023-10-26,2023,26,10,10:00:00,135,159,13
2023-10-26,2023,26,10,11:00:00,50,391,8
2023-10-26,2023,26,10,12:00:00,28,94,19
2023-10-26,2023,26,10,13:00:00,123,124,29
2023-10-26,2023,26,10,14:00:00,168,127,24
2023-10-26,2023,26,10,15:00:00,185,365,35
2023-10-26,2023,26,10,16:00:00,130,216,20
2023-10-26,2023,26,10,17:00:00,84,239,14
2023-10-26,2023,26,10,18:00:00,7,0,0
2023-10-26,2023,26,10,21:00:00,5,0,0
2023-10-26,2023,26,10,22:00:00,3,0,0
2023-10-27,2023,27,10,07:00:00,1,0,0
2023-10-27,2023,27,10,08:00:00,3,0,0
2023-10-27,2023,27,10,09:00:00,100,12,9
2023-10-27,2023,27,10,10:00:00,29,36,13
2023-10-27,2023,27,10,11:00:00,101,133,9
2023-10-27,2023,27,10,12:00:00,46,72,7
2023-10-27,2023,27,10,13:00:00,92,57,17
2023-10-27,2023,27,10,14:00:00,109,82,25
2023-10-27,2023,27,10,15:00:00,171,293,28
2023-10-27,2023,27,10,16:00:00,138,222,29
2023-10-27,2023,27,10,17:00:00,181,192,15
2023-10-27,2023,27,10,18:00:00,17,0,0
2023-10-27,2023,27,10,19:00:00,6,0,0
2023-10-27,2023,27,10,21:00:00,1,0,0
2023-10-28,2023,28,10,06:00:00,8,0,0
2023-10-28,2023,28,10,09:00:00,53,40,19
2023-10-28,2023,28,10,10:00:00,188,118,10
2023-10-28,2023,28,10,11:00:00,114,138,12
2023-10-28,2023,28,10,12:00:00,68,149,12
2023-10-28,2023,28,10,13:00:00,150,172,13
2023-10-28,2023,28,10,14:00:00,161,109,9
2023-10-28,2023,28,10,15:00:00,181,304,25
2023-10-28,2023,28,10,16:00:00,236,244,18
2023-10-28,2023,28,10,17:00:00,167,314,20
2023-10-28,2023,28,10,18:00:00,4,9,0
2023-10-28,2023,28,10,20:00:00,40,0,0
2023-10-28,2023,28,10,21:00:00,3,0,0
2023-10-29,2023,29,10,08:00:00,8,0,0
2023-10-29,2023,29,10,10:00:00,5,0,0
2023-10-29,2023,29,10,11:00:00,1,0,0
2023-10-29,2023,29,10,13:00:00,1,0,0
2023-10-29,2023,29,10,14:00:00,14,0,0
2023-10-29,2023,29,10,15:00:00,34,0,0
2023-10-29,2023,29,10,16:00:00,18,0,0
2023-10-29,2023,29,10,17:00:00,15,0,0
2023-10-30,2023,30,10,07:00:00,6,0,0
2023-10-30,2023,30,10,08:00:00,1,0,0
2023-10-30,2023,30,10,10:00:00,5,0,0
2023-10-30,2023,30,10,11:00:00,3,0,0
2023-10-30,2023,30,10,13:00:00,1,0,0
2023-10-30,2023,30,10,14:00:00,10,0,0
2023-10-30,2023,30,10,16:00:00,1,0,0
2023-10-30,2023,30,10,21:00:00,2,0,0
2023-10-31,2023,31,10,08:00:00,6,0,1
2023-10-31,2023,31,10,09:00:00,98,32,21
2023-10-31,2023,31,10,10:00:00,198,151,46
2023-10-31,2023,31,10,11:00:00,173,193,51
2023-10-31,2023,31,10,12:00:00,169,193,34
2023-10-31,2023,31,10,13:00:00,173,165,32
2023-10-31,2023,31,10,14:00:00,264,185,54
2023-10-31,2023,31,10,15:00:00,261,291,42
2023-10-31,2023,31,10,16:00:00,260,233,44
2023-10-31,2023,31,10,17:00:00,140,286,16
2023-10-31,2023,31,10,18:00:00,22,0,0
2023-11-01,2023,1,11,09:00:00,1,0,0
2023-11-01,2023,1,11,10:00:00,21,0,0
2023-11-01,2023,1,11,11:00:00,13,0,0
2023-11-01,2023,1,11,12:00:00,1,0,0
2023-11-01,2023,1,11,14:00:00,8,0,0
2023-11-01,2023,1,11,15:00:00,11,0,0
2023-11-01,2023,1,11,16:00:00,1,0,0
2023-11-01,2023,1,11,17:00:00,9,0,0
2023-11-01,2023,1,11,19:00:00,1,0,0
2023-11-02,2023,2,11,07:00:00,4,0,0
2023-11-02,2023,2,11,08:00:00,10,0,1
2023-11-02,2023,2,11,09:00:00,40,7,18
2023-11-02,2023,2,11,10:00:00,64,80,29
2023-11-02,2023,2,11,11:00:00,94,101,20
2023-11-02,2023,2,11,12:00:00,57,53,16
2023-11-02,2023,2,11,13:00:00,101,101,23
2023-11-02,2023,2,11,14:00:00,162,96,30
2023-11-02,2023,2,11,15:00:00,152,232,28
2023-11-02,2023,2,11,16:00:00,98,103,43
2023-11-02,2023,2,11,17:00:00,109,171,20
2023-11-02,2023,2,11,18:00:00,1,1,0
2023-11-03,2023,3,11,07:00:00,1,0,0
2023-11-03,2023,3,11,08:00:00,13,0,0
2023-11-03,2023,3,11,09:00:00,67,11,14
2023-11-03,2023,3,11,10:00:00,126,151,30
2023-11-03,2023,3,11,11:00:00,146,177,15
2023-11-03,2023,3,11,12:00:00,81,56,26
2023-11-03,2023,3,11,13:00:00,143,122,23
2023-11-03,2023,3,11,14:00:00,223,194,27
2023-11-03,2023,3,11,15:00:00,165,232,43
2023-11-03,2023,3,11,16:00:00,188,200,32
2023-11-03,2023,3,11,17:00:00,161,171,29
2023-11-03,2023,3,11,18:00:00,7,0,0
2023-11-04,2023,4,11,08:00:00,7,0,0
2023-11-04,2023,4,11,09:00:00,18,4,9
2023-11-04,2023,4,11,10:00:00,176,140,12
2023-11-04,2023,4,11,11:00:00,261,327,25
2023-11-04,2023,4,11,12:00:00,130,240,19
2023-11-04,2023,4,11,13:00:00,134,185,21
2023-11-04,2023,4,11,14:00:00,241,179,26
2023-11-04,2023,4,11,15:00:00,456,307,34
2023-11-04,2023,4,11,16:00:00,331,450,39
2023-11-04,2023,4,11,17:00:00,213,383,24
2023-11-04,2023,4,11,18:00:00,1,4,0
2023-11-04,2023,4,11,20:00:00,2,0,0
2023-11-04,2023,4,11,21:00:00,11,0,0
2023-11-04,2023,4,11,22:00:00,10,0,0
2023-11-05,2023,5,11,09:00:00,21,0,0
2023-11-05,2023,5,11,10:00:00,3,0,0
2023-11-05,2023,5,11,11:00:00,13,0,0
2023-11-05,2023,5,11,13:00:00,2,0,0
2023-11-05,2023,5,11,14:00:00,23,0,0
2023-11-05,2023,5,11,15:00:00,1,0,0
2023-11-05,2023,5,11,16:00:00,2,0,0
2023-11-07,2023,7,11,08:00:00,21,0,0
2023-11-07,2023,7,11,09:00:00,106,35,24
2023-11-07,2023,7,11,10:00:00,160,135,21
2023-11-07,2023,7,11,11:00:00,117,124,36
2023-11-07,2023,7,11,12:00:00,88,60,16
2023-11-07,2023,7,11,13:00:00,94,60,27
2023-11-07,2023,7,11,14:00:00,147,104,26
2023-11-07,2023,7,11,15:00:00,153,169,27
2023-11-07,2023,7,11,16:00:00,146,104,25
2023-11-07,2023,7,11,17:00:00,90,71,23
2023-11-07,2023,7,11,18:00:00,74,148,16
2023-11-07,2023,7,11,19:00:00,0,7,0
2023-11-08,2023,8,11,06:00:00,5,0,0
2023-11-08,2023,8,11,07:00:00,5,0,0
2023-11-08,2023,8,11,08:00:00,23,0,0
2023-11-08,2023,8,11,09:00:00,47,25,19
2023-11-08,2023,8,11,10:00:00,145,119,26
2023-11-08,2023,8,11,11:00:00,139,211,22
2023-11-08,2023,8,11,12:00:00,151,190,25
2023-11-08,2023,8,11,13:00:00,145,106,24
2023-11-08,2023,8,11,14:00:00,318,248,34
2023-11-08,2023,8,11,15:00:00,234,244,34
2023-11-08,2023,8,11,16:00:00,217,142,43
2023-11-08,2023,8,11,17:00:00,192,333,28
2023-11-08,2023,8,11,18:00:00,70,92,17
2023-11-08,2023,8,11,19:00:00,1,8,0
2023-11-08,2023,8,11,20:00:00,13,0,0
2023-11-09,2023,9,11,07:00:00,7,0,0
2023-11-09,2023,9,11,08:00:00,30,0,0
2023-11-09,2023,9,11,09:00:00,43,19,20
2023-11-09,2023,9,11,10:00:00,54,72,23
2023-11-09,2023,9,11,11:00:00,25,60,16
2023-11-09,2023,9,11,12:00:00,140,169,13
2023-11-09,2023,9,11,13:00:00,64,88,27
2023-11-09,2023,9,11,14:00:00,48,55,18
2023-11-09,2023,9,11,15:00:00,50,137,22
2023-11-09,2023,9,11,16:00:00,74,45,20
2023-11-09,2023,9,11,17:00:00,65,178,13
2023-11-09,2023,9,11,18:00:00,26,61,8
2023-11-09,2023,9,11,19:00:00,1,0,0
2023-11-10,2023,10,11,08:00:00,14,0,0
2023-11-10,2023,10,11,09:00:00,41,16,7
2023-11-10,2023,10,11,10:00:00,90,64,19
2023-11-10,2023,10,11,11:00:00,72,54,29
2023-11-10,2023,10,11,12:00:00,95,96,20
2023-11-10,2023,10,11,13:00:00,94,66,25
2023-11-10,2023,10,11,14:00:00,44,88,26
2023-11-10,2023,10,11,15:00:00,96,82,19
2023-11-10,2023,10,11,16:00:00,110,113,20
2023-11-10,2023,10,11,17:00:00,103,122,8
2023-11-10,2023,10,11,18:00:00,70,46,10
2023-11-10,2023,10,11,19:00:00,4,0,0
2023-11-10,2023,10,11,20:00:00,1,0,0
2023-11-11,2023,11,11,08:00:00,2,0,0
2023-11-11,2023,11,11,09:00:00,1,0,0
2023-11-11,2023,11,11,10:00:00,45,0,0
2023-11-11,2023,11,11,11:00:00,12,0,0
2023-11-11,2023,11,11,12:00:00,28,0,0
2023-11-11,2023,11,11,13:00:00,8,0,0
2023-11-11,2023,11,11,14:00:00,12,0,0
2023-11-11,2023,11,11,15:00:00,3,0,0
2023-11-11,2023,11,11,16:00:00,26,0,0
2023-11-11,2023,11,11,17:00:00,7,0,0
2023-11-11,2023,11,11,18:00:00,7,0,0
2023-11-12,2023,12,11,08:00:00,1,0,0
2023-11-12,2023,12,11,09:00:00,2,0,0
2023-11-12,2023,12,11,10:00:00,22,0,0
2023-11-12,2023,12,11,12:00:00,5,0,0
2023-11-12,2023,12,11,13:00:00,15,0,0
2023-11-12,2023,12,11,14:00:00,74,0,0
2023-11-12,2023,12,11,15:00:00,46,0,0
2023-11-12,2023,12,11,16:00:00,43,0,0
2023-11-12,2023,12,11,17:00:00,3,0,0
2023-11-12,2023,12,11,20:00:00,2,0,0
2023-11-13,2023,13,11,08:00:00,6,0,0
2023-11-13,2023,13,11,10:00:00,11,0,0
2023-11-13,2023,13,11,11:00:00,13,0,0
2023-11-13,2023,13,11,12:00:00,10,0,0
2023-11-13,2023,13,11,13:00:00,10,0,0
2023-11-13,2023,13,11,14:00:00,2,0,0
2023-11-13,2023,13,11,16:00:00,3,0,0
2023-11-14,2023,14,11,08:00:00,32,0,0
2023-11-14,2023,14,11,09:00:00,90,24,22
2023-11-14,2023,14,11,10:00:00,187,141,20
2023-11-14,2023,14,11,11:00:00,119,133,22
2023-11-14,2023,14,11,12:00:00,71,38,23
2023-11-14,2023,14,11,13:00:00,102,116,18
2023-11-14,2023,14,11,14:00:00,88,193,32
2023-11-14,2023,14,11,15:00:00,119,69,20
2023-11-14,2023,14,11,16:00:00,114,150,25
2023-11-14,2023,14,11,17:00:00,151,106,29
2023-11-14,2023,14,11,18:00:00,60,106,11
2023-11-14,2023,14,11,19:00:00,1,3,0
2023-11-15,2023,15,11,06:00:00,1,0,0
2023-11-15,2023,15,11,07:00:00,14,0,0
2023-11-15,2023,15,11,08:00:00,10,0,0
2023-11-15,2023,15,11,09:00:00,73,44,15
2023-11-15,2023,15,11,10:00:00,340,232,21
2023-11-15,2023,15,11,11:00:00,236,350,34
2023-11-15,2023,15,11,12:00:00,131,105,25
2023-11-15,2023,15,11,13:00:00,119,103,27
2023-11-15,2023,15,11,14:00:00,319,254,47
2023-11-15,2023,15,11,15:00:00,331,268,34
2023-11-15,2023,15,11,16:00:00,336,274,38
2023-11-15,2023,15,11,17:00:00,226,224,32
2023-11-15,2023,15,11,18:00:00,84,172,8
2023-11-15,2023,15,11,20:00:00,8,0,0
2023-11-16,2023,16,11,06:00:00,2,0,0
2023-11-16,2023,16,11,07:00:00,2,0,0
2023-11-16,2023,16,11,08:00:00,7,0,0
2023-11-16,2023,16,11,09:00:00,36,12,11
2023-11-16,2023,16,11,10:00:00,109,39,11
2023-11-16,2023,16,11,11:00:00,64,80,23
2023-11-16,2023,16,11,12:00:00,97,89,13
2023-11-16,2023,16,11,13:00:00,81,51,9
2023-11-16,2023,16,11,14:00:00,77,74,27
2023-11-16,2023,16,11,15:00:00,121,153,36
2023-11-16,2023,16,11,16:00:00,108,106,19
2023-11-16,2023,16,11,17:00:00,45,53,14
2023-11-16,2023,16,11,18:00:00,29,61,3
2023-11-16,2023,16,11,20:00:00,1,0,0
2023-11-17,2023,17,11,08:00:00,14,0,0
2023-11-17,2023,17,11,09:00:00,80,6,13
2023-11-17,2023,17,11,10:00:00,43,37,16
2023-11-17,2023,17,11,11:00:00,59,41,16
2023-11-17,2023,17,11,12:00:00,67,83,11
2023-11-17,2023,17,11,13:00:00,88,73,19
2023-11-17,2023,17,11,14:00:00,86,75,19
2023-11-17,2023,17,11,15:00:00,77,46,25
2023-11-17,2023,17,11,16:00:00,78,81,31
2023-11-17,2023,17,11,17:00:00,110,91,26
2023-11-17,2023,17,11,18:00:00,64,133,12
2023-11-18,2023,18,11,08:00:00,1,0,0
2023-11-18,2023,18,11,09:00:00,49,30,8
2023-11-18,2023,18,11,10:00:00,209,166,10
2023-11-18,2023,18,11,11:00:00,302,291,14
2023-11-18,2023,18,11,12:00:00,178,301,14
2023-11-18,2023,18,11,13:00:00,137,118,21
2023-11-18,2023,18,11,14:00:00,298,250,26
2023-11-18,2023,18,11,15:00:00,416,344,46
2023-11-18,2023,18,11,16:00:00,315,418,37
2023-11-18,2023,18,11,17:00:00,164,219,24
2023-11-18,2023,18,11,18:00:00,100,169,14
2023-11-18,2023,18,11,19:00:00,3,0,0
2023-11-19,2023,19,11,10:00:00,29,0,0
2023-11-19,2023,19,11,11:00:00,16,0,0
2023-11-19,2023,19,11,12:00:00,4,0,0
2023-11-19,2023,19,11,13:00:00,2,1,1
2023-11-19,2023,19,11,14:00:00,234,149,22
2023-11-19,2023,19,11,15:00:00,276,187,29
2023-11-19,2023,19,11,16:00:00,195,232,26
2023-11-19,2023,19,11,17:00:00,282,452,11
2023-11-19,2023,19,11,18:00:00,1,7,0
2023-11-20,2023,20,11,07:00:00,6,0,0
2023-11-20,2023,20,11,08:00:00,10,0,0
2023-11-20,2023,20,11,09:00:00,35,0,0
2023-11-20,2023,20,11,10:00:00,5,0,0
2023-11-20,2023,20,11,11:00:00,14,0,0
2023-11-20,2023,20,11,12:00:00,1,0,0
2023-11-20,2023,20,11,14:00:00,2,0,0
2023-11-20,2023,20,11,15:00:00,2,0,0
2023-11-20,2023,20,11,16:00:00,9,0,0
2023-11-20,2023,20,11,17:00:00,4,0,0
2023-11-20,2023,20,11,18:00:00,5,0,0
2023-11-21,2023,21,11,07:00:00,1,0,0
2023-11-21,2023,21,11,08:00:00,13,0,0
2023-11-21,2023,21,11,09:00:00,53,20,14
2023-11-21,2023,21,11,10:00:00,124,87,23
2023-11-21,2023,21,11,11:00:00,161,170,15
2023-11-21,2023,21,11,12:00:00,114,80,21
2023-11-21,2023,21,11,13:00:00,76,80,28
2023-11-21,2023,21,11,14:00:00,91,158,23
2023-11-21,2023,21,11,15:00:00,121,68,25
2023-11-21,2023,21,11,16:00:00,98,78,24
2023-11-21,2023,21,11,17:00:00,135,136,22
2023-11-21,2023,21,11,18:00:00,150,135,11
2023-11-22,2023,22,11,07:00:00,1,0,0
2023-11-22,2023,22,11,08:00:00,8,0,0
2023-11-22,2023,22,11,09:00:00,71,13,14
2023-11-22,2023,22,11,10:00:00,209,106,17
2023-11-22,2023,22,11,11:00:00,156,285,27
2023-11-22,2023,22,11,12:00:00,76,65,30
2023-11-22,2023,22,11,13:00:00,138,288,29
2023-11-22,2023,22,11,14:00:00,182,170,34
2023-11-22,2023,22,11,15:00:00,301,384,32
2023-11-22,2023,22,11,16:00:00,195,286,39
2023-11-22,2023,22,11,17:00:00,221,208,32
2023-11-22,2023,22,11,18:00:00,48,115,3
2023-11-22,2023,22,11,19:00:00,2,0,0
2023-11-23,2023,23,11,06:00:00,8,0,0
2023-11-23,2023,23,11,08:00:00,5,0,0
2023-11-23,2023,23,11,09:00:00,39,65,20
2023-11-23,2023,23,11,10:00:00,120,53,11
2023-11-23,2023,23,11,11:00:00,49,54,15
2023-11-23,2023,23,11,12:00:00,38,37,10
2023-11-23,2023,23,11,13:00:00,102,52,17
2023-11-23,2023,23,11,14:00:00,96,55,19
2023-11-23,2023,23,11,15:00:00,61,47,25
2023-11-23,2023,23,11,16:00:00,61,49,18
2023-11-23,2023,23,11,17:00:00,61,81,20
2023-11-23,2023,23,11,18:00:00,24,58,18
2023-11-23,2023,23,11,19:00:00,6,0,0
2023-11-23,2023,23,11,21:00:00,1,0,0
2023-11-24,2023,24,11,07:00:00,1,0,0
2023-11-24,2023,24,11,08:00:00,2,0,0
2023-11-24,2023,24,11,09:00:00,14,8,11
2023-11-24,2023,24,11,10:00:00,103,82,14
2023-11-24,2023,24,11,11:00:00,74,17,18
2023-11-24,2023,24,11,12:00:00,70,55,20
2023-11-24,2023,24,11,13:00:00,66,82,17
2023-11-24,2023,24,11,14:00:00,60,57,15
2023-11-24,2023,24,11,15:00:00,67,45,20
2023-11-24,2023,24,11,16:00:00,102,101,23
2023-11-24,2023,24,11,17:00:00,94,77,29
2023-11-24,2023,24,11,18:00:00,28,66,12
2023-11-24,2023,24,11,20:00:00,7,0,0
2023-11-24,2023,24,11,21:00:00,2,0,0
2023-11-25,2023,25,11,07:00:00,2,0,0
2023-11-25,2023,25,11,08:00:00,7,0,1
2023-11-25,2023,25,11,09:00:00,38,11,13
2023-11-25,2023,25,11,10:00:00,207,139,14
2023-11-25,2023,25,11,11:00:00,115,153,17
2023-11-25,2023,25,11,12:00:00,171,216,19
2023-11-25,2023,25,11,13:00:00,172,194,6
2023-11-25,2023,25,11,14:00:00,173,109,27
2023-11-25,2023,25,11,15:00:00,252,257,19
2023-11-25,2023,25,11,16:00:00,296,321,15
2023-11-25,2023,25,11,17:00:00,217,413,16
2023-11-25,2023,25,11,18:00:00,98,170,9
2023-11-25,2023,25,11,19:00:00,9,0,0
2023-11-26,2023,26,11,09:00:00,8,0,0
2023-11-26,2023,26,11,10:00:00,7,0,0
2023-11-26,2023,26,11,11:00:00,11,0,0
2023-11-26,2023,26,11,12:00:00,5,0,0
2023-11-26,2023,26,11,13:00:00,51,0,0
2023-11-26,2023,26,11,14:00:00,208,102,25
2023-11-26,2023,26,11,15:00:00,157,166,25
2023-11-26,2023,26,11,16:00:00,214,277,21
2023-11-26,2023,26,11,17:00:00,107,231,18
2023-11-26,2023,26,11,18:00:00,25,0,0
2023-11-27,2023,27,11,08:00:00,3,0,0
2023-11-27,2023,27,11,10:00:00,4,0,0
2023-11-27,2023,27,11,11:00:00,2,0,0
2023-11-27,2023,27,11,12:00:00,2,0,0
2023-11-27,2023,27,11,13:00:00,1,0,0
2023-11-27,2023,27,11,14:00:00,9,0,0
2023-11-27,2023,27,11,15:00:00,1,0,0
2023-11-27,2023,27,11,16:00:00,1,0,0
2023-11-27,2023,27,11,17:00:00,1,0,0
2023-11-27,2023,27,11,19:00:00,1,0,0
2023-11-28,2023,28,11,08:00:00,7,0,0
2023-11-28,2023,28,11,09:00:00,96,11,9
2023-11-28,2023,28,11,10:00:00,144,165,19
2023-11-28,2023,28,11,11:00:00,73,88,24
2023-11-28,2023,28,11,12:00:00,68,52,12
2023-11-28,2023,28,11,13:00:00,134,125,22
2023-11-28,2023,28,11,14:00:00,33,108,28
2023-11-28,2023,28,11,15:00:00,102,125,35
2023-11-28,2023,28,11,16:00:00,84,82,30
2023-11-28,2023,28,11,17:00:00,119,141,22
2023-11-28,2023,28,11,18:00:00,29,43,10
2023-11-28,2023,28,11,19:00:00,6,0,0
2023-11-29,2023,29,11,06:00:00,2,0,0
2023-11-29,2023,29,11,08:00:00,4,0,0
2023-11-29,2023,29,11,09:00:00,34,1,9
2023-11-29,2023,29,11,10:00:00,175,121,29
2023-11-29,2023,29,11,11:00:00,189,330,30
2023-11-29,2023,29,11,12:00:00,148,157,22
2023-11-29,2023,29,11,13:00:00,184,169,33
2023-11-29,2023,29,11,14:00:00,239,195,52
2023-11-29,2023,29,11,15:00:00,251,242,48
2023-11-29,2023,29,11,16:00:00,201,247,55
2023-11-29,2023,29,11,17:00:00,134,226,23
2023-11-29,2023,29,11,18:00:00,131,146,19
2023-11-29,2023,29,11,19:00:00,6,0,0
2023-11-29,2023,29,11,20:00:00,11,0,0
2023-11-29,2023,29,11,21:00:00,7,0,0
2023-11-29,2023,29,11,22:00:00,1,0,0
2023-11-30,2023,30,11,08:00:00,26,0,0
2023-11-30,2023,30,11,09:00:00,65,8,9
2023-11-30,2023,30,11,10:00:00,45,50,18
2023-11-30,2023,30,11,11:00:00,61,46,25
2023-11-30,2023,30,11,12:00:00,86,48,26
2023-11-30,2023,30,11,13:00:00,51,49,31
2023-11-30,2023,30,11,14:00:00,89,46,28
2023-11-30,2023,30,11,15:00:00,92,77,45
2023-11-30,2023,30,11,16:00:00,40,39,21
2023-11-30,2023,30,11,17:00:00,30,39,24
2023-11-30,2023,30,11,18:00:00,55,43,24
2023-11-30,2023,30,11,19:00:00,1,0,0
2023-12-01,2023,1,12,08:00:00,4,0,0
2023-12-01,2023,1,12,09:00:00,27,5,21
2023-12-01,2023,1,12,10:00:00,60,66,21
2023-12-01,2023,1,12,11:00:00,36,35,8
2023-12-01,2023,1,12,12:00:00,92,56,7
2023-12-01,2023,1,12,13:00:00,112,84,23
2023-12-01,2023,1,12,14:00:00,81,49,31
2023-12-01,2023,1,12,15:00:00,82,94,25
2023-12-01,2023,1,12,16:00:00,135,108,27
2023-12-01,2023,1,12,17:00:00,113,124,29
2023-12-01,2023,1,12,18:00:00,49,85,11
2023-12-01,2023,1,12,19:00:00,13,0,0
2023-12-02,2023,2,12,08:00:00,6,0,0
2023-12-02,2023,2,12,09:00:00,25,2,19
2023-12-02,2023,2,12,10:00:00,242,138,22
2023-12-02,2023,2,12,11:00:00,188,176,15
2023-12-02,2023,2,12,12:00:00,129,123,22
2023-12-02,2023,2,12,13:00:00,43,90,17
2023-12-02,2023,2,12,14:00:00,211,215,26
2023-12-02,2023,2,12,15:00:00,282,247,29
2023-12-02,2023,2,12,16:00:00,167,251,21
2023-12-02,2023,2,12,17:00:00,257,197,18
2023-12-02,2023,2,12,18:00:00,33,115,7
2023-12-02,2023,2,12,19:00:00,5,7,0
2023-12-03,2023,3,12,08:00:00,5,0,0
2023-12-03,2023,3,12,10:00:00,12,0,0
2023-12-03,2023,3,12,13:00:00,4,0,0
2023-12-03,2023,3,12,14:00:00,260,175,22
2023-12-03,2023,3,12,15:00:00,85,132,22
2023-12-03,2023,3,12,16:00:00,73,133,28
2023-12-03,2023,3,12,17:00:00,67,91,13
2023-12-03,2023,3,12,18:00:00,17,10,0
2023-12-03,2023,3,12,20:00:00,1,0,0
2023-12-04,2023,4,12,00:00:00,1,0,0
2023-12-04,2023,4,12,08:00:00,8,0,0
2023-12-04,2023,4,12,10:00:00,7,0,0
2023-12-04,2023,4,12,11:00:00,1,0,0
2023-12-04,2023,4,12,12:00:00,4,0,0
2023-12-04,2023,4,12,13:00:00,3,0,0
2023-12-04,2023,4,12,15:00:00,1,0,0
2023-12-04,2023,4,12,16:00:00,13,0,0
2023-12-04,2023,4,12,17:00:00,2,0,0
2023-12-04,2023,4,12,20:00:00,5,0,0
2023-12-05,2023,5,12,08:00:00,3,0,0
2023-12-05,2023,5,12,09:00:00,90,22,16
2023-12-05,2023,5,12,10:00:00,135,126,19
2023-12-05,2023,5,12,11:00:00,66,64,17
2023-12-05,2023,5,12,12:00:00,58,86,17
2023-12-05,2023,5,12,13:00:00,113,99,11
2023-12-05,2023,5,12,14:00:00,82,90,16
2023-12-05,2023,5,12,15:00:00,153,139,22
2023-12-05,2023,5,12,16:00:00,83,95,25
2023-12-05,2023,5,12,17:00:00,123,70,36
2023-12-05,2023,5,12,18:00:00,31,107,12
2023-12-05,2023,5,12,19:00:00,4,7,0
2023-12-05,2023,5,12,21:00:00,1,0,0
2023-12-06,2023,6,12,07:00:00,6,0,0
2023-12-06,2023,6,12,08:00:00,7,0,0
2023-12-06,2023,6,12,09:00:00,65,6,13
2023-12-06,2023,6,12,10:00:00,314,104,20
2023-12-06,2023,6,12,11:00:00,260,399,13
2023-12-06,2023,6,12,12:00:00,52,136,21
2023-12-06,2023,6,12,13:00:00,198,147,15
2023-12-06,2023,6,12,14:00:00,250,171,39
2023-12-06,2023,6,12,15:00:00,296,272,39
2023-12-06,2023,6,12,16:00:00,185,275,48
2023-12-06,2023,6,12,17:00:00,166,219,29
2023-12-06,2023,6,12,18:00:00,67,96,15
2023-12-07,2023,7,12,06:00:00,5,0,0
2023-12-07,2023,7,12,07:00:00,5,0,0
2023-12-07,2023,7,12,08:00:00,5,0,0
2023-12-07,2023,7,12,09:00:00,21,35,11
2023-12-07,2023,7,12,10:00:00,79,92,16
2023-12-07,2023,7,12,11:00:00,88,77,7
2023-12-07,2023,7,12,12:00:00,58,74,20
2023-12-07,2023,7,12,13:00:00,71,68,15
2023-12-07,2023,7,12,14:00:00,91,36,18
2023-12-07,2023,7,12,15:00:00,78,85,26
2023-12-07,2023,7,12,16:00:00,27,85,15
2023-12-07,2023,7,12,17:00:00,56,41,20
2023-12-07,2023,7,12,18:00:00,7,20,11
2023-12-07,2023,7,12,19:00:00,12,0,0
2023-12-07,2023,7,12,21:00:00,1,0,0
2023-12-08,2023,8,12,07:00:00,1,0,0
2023-12-08,2023,8,12,08:00:00,9,0,0
2023-12-08,2023,8,12,09:00:00,58,51,9
2023-12-08,2023,8,12,10:00:00,99,83,13
2023-12-08,2023,8,12,11:00:00,42,24,14
2023-12-08,2023,8,12,12:00:00,86,59,18
2023-12-08,2023,8,12,13:00:00,42,90,20
2023-12-08,2023,8,12,14:00:00,101,121,23
2023-12-08,2023,8,12,15:00:00,128,92,28
2023-12-08,2023,8,12,16:00:00,58,69,27
2023-12-08,2023,8,12,17:00:00,114,102,25
2023-12-08,2023,8,12,18:00:00,34,110,22
2023-12-08,2023,8,12,19:00:00,1,0,0
2023-12-08,2023,8,12,20:00:00,2,0,0
2023-12-08,2023,8,12,21:00:00,5,0,0
2023-12-09,2023,9,12,08:00:00,3,0,0
2023-12-09,2023,9,12,09:00:00,78,28,12
2023-12-09,2023,9,12,10:00:00,189,196,19
2023-12-09,2023,9,12,11:00:00,131,165,9
2023-12-09,2023,9,12,12:00:00,47,126,15
2023-12-09,2023,9,12,13:00:00,129,70,26
2023-12-09,2023,9,12,14:00:00,217,216,23
2023-12-09,2023,9,12,15:00:00,274,329,28
2023-12-09,2023,9,12,16:00:00,330,359,24
2023-12-09,2023,9,12,17:00:00,130,219,19
2023-12-09,2023,9,12,18:00:00,51,96,9
2023-12-09,2023,9,12,19:00:00,10,0,0
2023-12-10,2023,10,12,09:00:00,2,0,0
2023-12-10,2023,10,12,10:00:00,17,0,0
2023-12-10,2023,10,12,12:00:00,4,0,0
2023-12-10,2023,10,12,13:00:00,7,0,0
2023-12-10,2023,10,12,14:00:00,143,101,31
2023-12-10,2023,10,12,15:00:00,211,197,11
2023-12-10,2023,10,12,16:00:00,144,184,15
2023-12-10,2023,10,12,17:00:00,56,136,10
2023-12-10,2023,10,12,18:00:00,25,7,0
2023-12-11,2023,11,12,08:00:00,7,0,0
2023-12-11,2023,11,12,09:00:00,2,0,0
2023-12-11,2023,11,12,10:00:00,14,0,0
2023-12-11,2023,11,12,11:00:00,8,0,0
2023-12-11,2023,11,12,13:00:00,8,0,0
2023-12-11,2023,11,12,14:00:00,5,0,0
2023-12-11,2023,11,12,15:00:00,1,0,0
2023-12-11,2023,11,12,16:00:00,12,0,0
2023-12-11,2023,11,12,17:00:00,3,0,0
2023-12-11,2023,11,12,18:00:00,1,0,0
2023-12-11,2023,11,12,19:00:00,1,0,0
2023-12-12,2023,12,12,06:00:00,6,0,0
2023-12-12,2023,12,12,07:00:00,2,0,0
2023-12-12,2023,12,12,08:00:00,22,0,0
2023-12-12,2023,12,12,09:00:00,75,20,15
2023-12-12,2023,12,12,10:00:00,218,148,20
2023-12-12,2023,12,12,11:00:00,100,124,26
2023-12-12,2023,12,12,12:00:00,81,74,12
2023-12-12,2023,12,12,13:00:00,35,39,14
2023-12-12,2023,12,12,14:00:00,152,115,17
2023-12-12,2023,12,12,15:00:00,137,142,29
2023-12-12,2023,12,12,16:00:00,110,94,26
2023-12-12,2023,12,12,17:00:00,100,74,19
2023-12-12,2023,12,12,18:00:00,59,93,17
2023-12-12,2023,12,12,19:00:00,4,2,0
2023-12-13,2023,13,12,08:00:00,1,0,0
2023-12-13,2023,13,12,09:00:00,38,3,18
2023-12-13,2023,13,12,10:00:00,155,203,15
2023-12-13,2023,13,12,11:00:00,171,141,26
2023-12-13,2023,13,12,12:00:00,109,103,29
2023-12-13,2023,13,12,13:00:00,141,137,20
2023-12-13,2023,13,12,14:00:00,200,189,31
2023-12-13,2023,13,12,15:00:00,137,126,36
2023-12-13,2023,13,12,16:00:00,174,215,38
2023-12-13,2023,13,12,17:00:00,163,190,24
2023-12-13,2023,13,12,18:00:00,35,93,13
2023-12-13,2023,13,12,19:00:00,2,0,0
2023-12-14,2023,14,12,08:00:00,7,0,0
2023-12-14,2023,14,12,09:00:00,25,1,20
2023-12-14,2023,14,12,10:00:00,82,54,22
2023-12-14,2023,14,12,11:00:00,56,28,15
2023-12-14,2023,14,12,12:00:00,39,82,18
2023-12-14,2023,14,12,13:00:00,100,38,11
2023-12-14,2023,14,12,14:00:00,152,92,19
2023-12-14,2023,14,12,15:00:00,62,68,21
2023-12-14,2023,14,12,16:00:00,21,58,9
2023-12-14,2023,14,12,17:00:00,114,67,28
2023-12-14,2023,14,12,18:00:00,52,47,10
2023-12-14,2023,14,12,19:00:00,2,0,0
2023-12-15,2023,15,12,07:00:00,11,0,0
2023-12-15,2023,15,12,08:00:00,8,0,0
2023-12-15,2023,15,12,09:00:00,90,42,15
2023-12-15,2023,15,12,10:00:00,41,40,21
2023-12-15,2023,15,12,11:00:00,72,55,22
2023-12-15,2023,15,12,12:00:00,72,77,22
2023-12-15,2023,15,12,13:00:00,94,81,8
2023-12-15,2023,15,12,14:00:00,70,97,15
2023-12-15,2023,15,12,15:00:00,98,160,24
2023-12-15,2023,15,12,16:00:00,68,236,23
2023-12-15,2023,15,12,17:00:00,76,225,24
2023-12-15,2023,15,12,18:00:00,21,67,13
2023-12-15,2023,15,12,19:00:00,6,0,0
2023-12-15,2023,15,12,20:00:00,2,0,0
2023-12-16,2023,16,12,08:00:00,14,0,0
2023-12-16,2023,16,12,09:00:00,45,212,10
2023-12-16,2023,16,12,10:00:00,166,358,19
2023-12-16,2023,16,12,11:00:00,269,255,19
2023-12-16,2023,16,12,12:00:00,85,168,18
2023-12-16,2023,16,12,13:00:00,156,88,19
2023-12-16,2023,16,12,14:00:00,233,216,38
2023-12-16,2023,16,12,15:00:00,275,305,38
2023-12-16,2023,16,12,16:00:00,305,374,34
2023-12-16,2023,16,12,17:00:00,285,343,23
2023-12-16,2023,16,12,18:00:00,50,189,10
2023-12-16,2023,16,12,19:00:00,21,0,0
2023-12-16,2023,16,12,20:00:00,11,0,0
2023-12-17,2023,17,12,11:00:00,2,0,0
2023-12-17,2023,17,12,12:00:00,3,0,0
2023-12-17,2023,17,12,13:00:00,8,0,0
2023-12-17,2023,17,12,14:00:00,162,91,25
2023-12-17,2023,17,12,15:00:00,114,184,19
2023-12-17,2023,17,12,16:00:00,164,225,25
2023-12-17,2023,17,12,17:00:00,120,175,9
2023-12-17,2023,17,12,18:00:00,5,0,0
2023-12-17,2023,17,12,22:00:00,7,0,0
2023-12-18,2023,18,12,07:00:00,2,0,0
2023-12-18,2023,18,12,09:00:00,6,0,0
2023-12-18,2023,18,12,10:00:00,6,0,0
2023-12-18,2023,18,12,11:00:00,10,0,0
2023-12-18,2023,18,12,12:00:00,1,0,0
2023-12-18,2023,18,12,13:00:00,2,0,0
2023-12-18,2023,18,12,14:00:00,1,0,0
2023-12-18,2023,18,12,15:00:00,26,0,0
2023-12-18,2023,18,12,16:00:00,4,0,0
2023-12-18,2023,18,12,17:00:00,19,0,0
2023-12-18,2023,18,12,18:00:00,3,0,0
2023-12-19,2023,19,12,08:00:00,16,0,0
2023-12-19,2023,19,12,09:00:00,77,10,23
2023-12-19,2023,19,12,10:00:00,106,72,20
2023-12-19,2023,19,12,11:00:00,128,140,26
2023-12-19,2023,19,12,12:00:00,63,87,18
2023-12-19,2023,19,12,13:00:00,147,107,20
2023-12-19,2023,19,12,14:00:00,182,113,16
2023-12-19,2023,19,12,15:00:00,81,67,28
2023-12-19,2023,19,12,16:00:00,91,134,25
2023-12-19,2023,19,12,17:00:00,621,447,15
2023-12-19,2023,19,12,18:00:00,18,52,9
2023-12-19,2023,19,12,19:00:00,25,0,0
2023-12-20,2023,20,12,07:00:00,1,0,0
2023-12-20,2023,20,12,08:00:00,20,0,0
2023-12-20,2023,20,12,09:00:00,292,250,9
2023-12-20,2023,20,12,10:00:00,531,409,27
2023-12-20,2023,20,12,11:00:00,530,455,18
2023-12-20,2023,20,12,12:00:00,157,169,18
2023-12-20,2023,20,12,13:00:00,160,139,20
2023-12-20,2023,20,12,14:00:00,184,142,31
2023-12-20,2023,20,12,15:00:00,199,212,39
2023-12-20,2023,20,12,16:00:00,286,233,26
2023-12-20,2023,20,12,17:00:00,137,227,31
2023-12-20,2023,20,12,18:00:00,92,138,5
2023-12-20,2023,20,12,19:00:00,1,0,0
2023-12-21,2023,21,12,07:00:00,5,0,0
2023-12-21,2023,21,12,08:00:00,13,0,0
2023-12-21,2023,21,12,09:00:00,56,3,18
2023-12-21,2023,21,12,10:00:00,85,38,18
2023-12-21,2023,21,12,11:00:00,110,80,11
2023-12-21,2023,21,12,12:00:00,99,83,15
2023-12-21,2023,21,12,13:00:00,96,61,17
2023-12-21,2023,21,12,14:00:00,111,147,17
2023-12-21,2023,21,12,15:00:00,100,47,27
2023-12-21,2023,21,12,16:00:00,124,89,26
2023-12-21,2023,21,12,17:00:00,400,375,30
2023-12-21,2023,21,12,18:00:00,86,80,10
2023-12-21,2023,21,12,20:00:00,4,0,0
2023-12-22,2023,22,12,06:00:00,1,0,0
2023-12-22,2023,22,12,07:00:00,5,0,0
2023-12-22,2023,22,12,08:00:00,25,0,0
2023-12-22,2023,22,12,09:00:00,16,12,7
2023-12-22,2023,22,12,10:00:00,117,59,20
2023-12-22,2023,22,12,11:00:00,94,49,13
2023-12-22,2023,22,12,12:00:00,48,15,17
2023-12-22,2023,22,12,13:00:00,40,39,9
2023-12-22,2023,22,12,14:00:00,89,97,19
2023-12-22,2023,22,12,15:00:00,108,155,22
2023-12-22,2023,22,12,16:00:00,40,83,16
2023-12-22,2023,22,12,17:00:00,382,339,19
2023-12-22,2023,22,12,18:00:00,34,130,13
2023-12-22,2023,22,12,19:00:00,5,3,0
2023-12-22,2023,22,12,21:00:00,2,0,0
2023-12-22,2023,22,12,23:00:00,1,0,0
2023-12-23,2023,23,12,08:00:00,5,0,0
2023-12-23,2023,23,12,09:00:00,185,99,12
2023-12-23,2023,23,12,10:00:00,278,279,14
2023-12-23,2023,23,12,11:00:00,237,217,17
2023-12-23,2023,23,12,12:00:00,317,300,13
2023-12-23,2023,23,12,13:00:00,386,332,17
2023-12-23,2023,23,12,14:00:00,217,240,28
2023-12-23,2023,23,12,15:00:00,245,305,34
2023-12-23,2023,23,12,16:00:00,526,386,25
2023-12-23,2023,23,12,17:00:00,437,565,18
2023-12-23,2023,23,12,18:00:00,58,104,8
2023-12-23,2023,23,12,19:00:00,3,0,0
2023-12-24,2023,24,12,08:00:00,20,0,0
2023-12-24,2023,24,12,10:00:00,4,0,0
2023-12-24,2023,24,12,12:00:00,2,0,0
2023-12-24,2023,24,12,13:00:00,20,0,0
2023-12-24,2023,24,12,14:00:00,3,0,0
2023-12-24,2023,24,12,15:00:00,1,0,0
2023-12-24,2023,24,12,16:00:00,12,0,0
2023-12-24,2023,24,12,17:00:00,8,0,0
2023-12-25,2023,25,12,10:00:00,1,0,0
2023-12-25,2023,25,12,11:00:00,1,0,0
2023-12-25,2023,25,12,12:00:00,7,0,0
2023-12-25,2023,25,12,13:00:00,2,0,0
2023-12-25,2023,25,12,14:00:00,4,0,0
2023-12-25,2023,25,12,16:00:00,4,0,0
2023-12-25,2023,25,12,18:00:00,11,0,0
2023-12-25,2023,25,12,19:00:00,1,0,0
2023-12-25,2023,25,12,22:00:00,2,0,0
2023-12-26,2023,26,12,08:00:00,1,0,0
2023-12-26,2023,26,12,09:00:00,24,21,9
2023-12-26,2023,26,12,10:00:00,66,56,14
2023-12-26,2023,26,12,11:00:00,122,139,25
2023-12-26,2023,26,12,12:00:00,41,96,14
2023-12-26,2023,26,12,13:00:00,131,45,18
2023-12-26,2023,26,12,14:00:00,167,86,25
2023-12-26,2023,26,12,15:00:00,204,230,30
2023-12-26,2023,26,12,16:00:00,185,374,25
2023-12-26,2023,26,12,17:00:00,67,184,22
2023-12-26,2023,26,12,18:00:00,0,1,0
2023-12-26,2023,26,12,19:00:00,7,0,0
2023-12-27,2023,27,12,08:00:00,19,0,0
2023-12-27,2023,27,12,09:00:00,124,35,13
2023-12-27,2023,27,12,10:00:00,281,82,19
2023-12-27,2023,27,12,11:00:00,263,214,9
2023-12-27,2023,27,12,12:00:00,193,175,9
2023-12-27,2023,27,12,13:00:00,143,150,24
2023-12-27,2023,27,12,14:00:00,287,238,33
2023-12-27,2023,27,12,15:00:00,208,294,31
2023-12-27,2023,27,12,16:00:00,337,351,39
2023-12-27,2023,27,12,17:00:00,69,189,22
2023-12-27,2023,27,12,18:00:00,11,0,0
2023-12-27,2023,27,12,19:00:00,2,0,0
2023-12-27,2023,27,12,21:00:00,4,0,0
2023-12-28,2023,28,12,07:00:00,9,0,0
2023-12-28,2023,28,12,08:00:00,1,0,0
2023-12-28,2023,28,12,09:00:00,4,4,8
2023-12-28,2023,28,12,10:00:00,87,60,16
2023-12-28,2023,28,12,11:00:00,186,130,19
2023-12-28,2023,28,12,12:00:00,53,157,24
2023-12-28,2023,28,12,13:00:00,48,95,23
2023-12-28,2023,28,12,14:00:00,127,143,21
2023-12-28,2023,28,12,15:00:00,237,268,30
2023-12-28,2023,28,12,16:00:00,145,284,29
2023-12-28,2023,28,12,17:00:00,134,186,15
2023-12-28,2023,28,12,18:00:00,3,8,0
2023-12-29,2023,29,12,08:00:00,18,0,0
2023-12-29,2023,29,12,09:00:00,59,41,0
2023-12-29,2023,29,12,10:00:00,58,56,17
2023-12-29,2023,29,12,11:00:00,112,105,22
2023-12-29,2023,29,12,12:00:00,174,68,13
2023-12-29,2023,29,12,13:00:00,99,81,15
2023-12-29,2023,29,12,14:00:00,118,171,21
2023-12-29,2023,29,12,15:00:00,84,102,25
2023-12-29,2023,29,12,16:00:00,204,311,26
2023-12-29,2023,29,12,17:00:00,139,189,14
2023-12-29,2023,29,12,18:00:00,12,1,0
2023-12-30,2023,30,12,08:00:00,1,0,0
2023-12-30,2023,30,12,09:00:00,27,3,11
2023-12-30,2023,30,12,10:00:00,87,53,15
2023-12-30,2023,30,12,11:00:00,172,195,16
2023-12-30,2023,30,12,12:00:00,109,142,17
2023-12-30,2023,30,12,13:00:00,88,103,26
2023-12-30,2023,30,12,14:00:00,160,187,27
2023-12-30,2023,30,12,15:00:00,237,179,21
2023-12-30,2023,30,12,16:00:00,233,255,31
2023-12-30,2023,30,12,17:00:00,81,218,14
2023-12-30,2023,30,12,18:00:00,4,0,0
2023-12-30,2023,30,12,19:00:00,4,0,0
2023-12-31,2023,31,12,08:00:00,1,0,0
2023-12-31,2023,31,12,11:00:00,18,0,0
2023-12-31,2023,31,12,12:00:00,3,0,0
2023-12-31,2023,31,12,15:00:00,3,0,0
2023-12-31,2023,31,12,16:00:00,1,0,0
2023-12-31,2023,31,12,18:00:00,1,0,0
2024-01-01,2024,1,1,17:00:00,6,0,0
2024-01-02,2024,2,1,07:00:00,3,0,0
2024-01-02,2024,2,1,08:00:00,10,0,0
2024-01-02,2024,2,1,09:00:00,42,10,13
2024-01-02,2024,2,1,10:00:00,114,99,15
2024-01-02,2024,2,1,11:00:00,106,89,16
2024-01-02,2024,2,1,12:00:00,75,85,13
2024-01-02,2024,2,1,13:00:00,181,115,21
2024-01-02,2024,2,1,14:00:00,166,243,30
2024-01-02,2024,2,1,15:00:00,211,153,34
2024-01-02,2024,2,1,16:00:00,245,249,26
2024-01-02,2024,2,1,17:00:00,153,238,26
2024-01-02,2024,2,1,18:00:00,12,0,0
2024-01-02,2024,2,1,20:00:00,21,0,0
2024-01-03,2024,3,1,08:00:00,1,0,0
2024-01-03,2024,3,1,09:00:00,14,4,12
2024-01-03,2024,3,1,10:00:00,72,28,29
2024-01-03,2024,3,1,11:00:00,121,139,27
2024-01-03,2024,3,1,12:00:00,122,185,18
2024-01-03,2024,3,1,13:00:00,165,94,37
2024-01-03,2024,3,1,14:00:00,192,177,44
2024-01-03,2024,3,1,15:00:00,217,133,42
2024-01-03,2024,3,1,16:00:00,193,249,40
2024-01-03,2024,3,1,17:00:00,139,315,31
2024-01-03,2024,3,1,18:00:00,29,22,0
2024-01-03,2024,3,1,20:00:00,6,0,0
2024-01-03,2024,3,1,21:00:00,6,0,0
2024-01-04,2024,4,1,08:00:00,2,0,0
2024-01-04,2024,4,1,09:00:00,36,14,7
2024-01-04,2024,4,1,10:00:00,72,64,18
2024-01-04,2024,4,1,11:00:00,141,106,9
2024-01-04,2024,4,1,12:00:00,110,100,15
2024-01-04,2024,4,1,13:00:00,74,94,27
2024-01-04,2024,4,1,14:00:00,179,181,33
2024-01-04,2024,4,1,15:00:00,281,325,27
2024-01-04,2024,4,1,16:00:00,130,208,24
2024-01-04,2024,4,1,17:00:00,157,174,28
2024-01-04,2024,4,1,18:00:00,14,22,0
2024-01-05,2024,5,1,07:00:00,1,0,0
2024-01-05,2024,5,1,08:00:00,8,0,0
2024-01-05,2024,5,1,09:00:00,62,24,13
2024-01-05,2024,5,1,10:00:00,48,62,20
2024-01-05,2024,5,1,11:00:00,61,79,20
2024-01-05,2024,5,1,12:00:00,67,73,9
2024-01-05,2024,5,1,13:00:00,66,88,14
2024-01-05,2024,5,1,14:00:00,94,109,30
2024-01-05,2024,5,1,15:00:00,236,254,30
2024-01-05,2024,5,1,16:00:00,203,198,42
2024-01-05,2024,5,1,17:00:00,87,156,32
2024-01-05,2024,5,1,18:00:00,31,2,0
2024-01-06,2024,6,1,08:00:00,6,0,0
2024-01-06,2024,6,1,09:00:00,49,9,12
2024-01-06,2024,6,1,10:00:00,170,140,21
2024-01-06,2024,6,1,11:00:00,222,152,11
2024-01-06,2024,6,1,12:00:00,148,177,17
2024-01-06,2024,6,1,13:00:00,81,105,30
2024-01-06,2024,6,1,14:00:00,285,147,34
2024-01-06,2024,6,1,15:00:00,276,265,44
2024-01-06,2024,6,1,16:00:00,339,356,31
2024-01-06,2024,6,1,17:00:00,160,244,15
2024-01-06,2024,6,1,18:00:00,3,11,0
2024-01-06,2024,6,1,21:00:00,3,0,0
2024-01-07,2024,7,1,09:00:00,10,0,0
2024-01-07,2024,7,1,10:00:00,1,0,0
2024-01-07,2024,7,1,11:00:00,16,0,0
2024-01-07,2024,7,1,12:00:00,15,0,0
2024-01-07,2024,7,1,14:00:00,13,0,0
2024-01-07,2024,7,1,15:00:00,50,0,0
2024-01-07,2024,7,1,16:00:00,7,0,0
2024-01-07,2024,7,1,19:00:00,1,0,0
2024-01-08,2024,8,1,07:00:00,3,0,0
2024-01-08,2024,8,1,09:00:00,2,0,0
2024-01-08,2024,8,1,11:00:00,5,0,0
2024-01-08,2024,8,1,12:00:00,15,0,0
2024-01-08,2024,8,1,13:00:00,3,0,0
2024-01-08,2024,8,1,14:00:00,6,0,0
2024-01-08,2024,8,1,15:00:00,17,0,0
2024-01-08,2024,8,1,16:00:00,13,0,0
2024-01-08,2024,8,1,21:00:00,15,0,0
2024-01-09,2024,9,1,08:00:00,11,0,0
2024-01-09,2024,9,1,09:00:00,69,17,12
2024-01-09,2024,9,1,10:00:00,85,69,20
2024-01-09,2024,9,1,11:00:00,80,60,20
2024-01-09,2024,9,1,12:00:00,98,76,18
2024-01-09,2024,9,1,13:00:00,100,160,22
2024-01-09,2024,9,1,14:00:00,181,173,18
2024-01-09,2024,9,1,15:00:00,96,122,29
2024-01-09,2024,9,1,16:00:00,150,132,41
2024-01-09,2024,9,1,17:00:00,106,82,35
2024-01-09,2024,9,1,18:00:00,55,111,23
2024-01-09,2024,9,1,19:00:00,2,0,0
2024-01-10,2024,10,1,06:00:00,2,0,0
2024-01-10,2024,10,1,08:00:00,5,0,0
2024-01-10,2024,10,1,09:00:00,37,9,10
2024-01-10,2024,10,1,10:00:00,191,104,21
2024-01-10,2024,10,1,11:00:00,190,238,22
2024-01-10,2024,10,1,12:00:00,177,193,16
2024-01-10,2024,10,1,13:00:00,127,63,27
2024-01-10,2024,10,1,14:00:00,248,173,50
2024-01-10,2024,10,1,15:00:00,216,188,38
2024-01-10,2024,10,1,16:00:00,240,288,40
2024-01-10,2024,10,1,17:00:00,193,159,22
2024-01-10,2024,10,1,18:00:00,126,128,18
2024-01-10,2024,10,1,19:00:00,5,1,0
2024-01-10,2024,10,1,20:00:00,1,0,0
2024-01-11,2024,11,1,08:00:00,6,0,0
2024-01-11,2024,11,1,09:00:00,42,5,11
2024-01-11,2024,11,1,10:00:00,44,77,13
2024-01-11,2024,11,1,11:00:00,35,43,18
2024-01-11,2024,11,1,12:00:00,89,41,20
2024-01-11,2024,11,1,13:00:00,47,64,18
2024-01-11,2024,11,1,14:00:00,61,53,21
2024-01-11,2024,11,1,15:00:00,31,29,28
2024-01-11,2024,11,1,16:00:00,60,71,30
2024-01-11,2024,11,1,17:00:00,70,58,21
2024-01-11,2024,11,1,18:00:00,32,49,10
2024-01-12,2024,12,1,07:00:00,11,0,0
2024-01-12,2024,12,1,08:00:00,1,0,0
2024-01-12,2024,12,1,09:00:00,80,53,10
2024-01-12,2024,12,1,10:00:00,131,50,16
2024-01-12,2024,12,1,11:00:00,67,81,7
2024-01-12,2024,12,1,12:00:00,43,52,16
2024-01-12,2024,12,1,13:00:00,40,52,22
2024-01-12,2024,12,1,14:00:00,90,116,20
2024-01-12,2024,12,1,15:00:00,111,53,23
2024-01-12,2024,12,1,16:00:00,88,89,29
2024-01-12,2024,12,1,17:00:00,97,83,18
2024-01-12,2024,12,1,18:00:00,44,82,5
2024-01-12,2024,12,1,19:00:00,4,0,0
2024-01-13,2024,13,1,08:00:00,1,0,0
2024-01-13,2024,13,1,09:00:00,25,7,7
2024-01-13,2024,13,1,10:00:00,210,168,25
2024-01-13,2024,13,1,11:00:00,173,74,20
2024-01-13,2024,13,1,12:00:00,112,103,27
2024-01-13,2024,13,1,13:00:00,119,78,16
2024-01-13,2024,13,1,14:00:00,278,233,37
2024-01-13,2024,13,1,15:00:00,277,245,26
2024-01-13,2024,13,1,16:00:00,289,266,20
2024-01-13,2024,13,1,17:00:00,263,330,24
2024-01-13,2024,13,1,18:00:00,56,171,15
2024-01-14,2024,14,1,09:00:00,20,0,0
2024-01-14,2024,14,1,10:00:00,2,0,0
2024-01-14,2024,14,1,12:00:00,15,0,0
2024-01-14,2024,14,1,13:00:00,19,1,0
2024-01-14,2024,14,1,14:00:00,193,139,17
2024-01-14,2024,14,1,15:00:00,137,204,17
2024-01-14,2024,14,1,16:00:00,181,202,27
2024-01-14,2024,14,1,17:00:00,116,178,9
2024-01-14,2024,14,1,18:00:00,13,10,0
2024-01-15,2024,15,1,07:00:00,9,0,0
2024-01-15,2024,15,1,08:00:00,15,0,0
2024-01-15,2024,15,1,09:00:00,4,0,0
2024-01-15,2024,15,1,10:00:00,8,0,0
2024-01-15,2024,15,1,12:00:00,5,0,0
2024-01-15,2024,15,1,14:00:00,5,0,0
2024-01-15,2024,15,1,15:00:00,13,0,0
2024-01-15,2024,15,1,16:00:00,5,0,0
2024-01-15,2024,15,1,17:00:00,17,0,0
2024-01-15,2024,15,1,18:00:00,1,0,0
2024-01-16,2024,16,1,08:00:00,7,0,0
2024-01-16,2024,16,1,09:00:00,62,4,12
2024-01-16,2024,16,1,10:00:00,173,100,16
2024-01-16,2024,16,1,11:00:00,90,124,24
2024-01-16,2024,16,1,12:00:00,126,128,16
2024-01-16,2024,16,1,13:00:00,93,115,22
2024-01-16,2024,16,1,14:00:00,155,155,29
2024-01-16,2024,16,1,15:00:00,94,137,26
2024-01-16,2024,16,1,16:00:00,94,163,34
2024-01-16,2024,16,1,17:00:00,144,72,32
2024-01-16,2024,16,1,18:00:00,70,133,10
2024-01-16,2024,16,1,20:00:00,4,0,0
2024-01-17,2024,17,1,08:00:00,4,0,0
2024-01-17,2024,17,1,09:00:00,53,43,10
2024-01-17,2024,17,1,10:00:00,46,87,17
2024-01-17,2024,17,1,11:00:00,96,171,20
2024-01-17,2024,17,1,12:00:00,148,105,16
2024-01-17,2024,17,1,13:00:00,66,87,23
2024-01-17,2024,17,1,14:00:00,50,62,27
2024-01-17,2024,17,1,15:00:00,29,56,23
2024-01-17,2024,17,1,16:00:00,42,86,13
2024-01-17,2024,17,1,17:00:00,26,0,0
2024-01-18,2024,18,1,07:00:00,4,0,0
2024-01-18,2024,18,1,08:00:00,10,0,0
2024-01-18,2024,18,1,09:00:00,8,10,13
2024-01-18,2024,18,1,10:00:00,41,34,16
2024-01-18,2024,18,1,11:00:00,44,27,17
2024-01-18,2024,18,1,12:00:00,79,76,8
2024-01-18,2024,18,1,13:00:00,57,46,15
2024-01-18,2024,18,1,14:00:00,51,47,28
2024-01-18,2024,18,1,15:00:00,125,94,27
2024-01-18,2024,18,1,16:00:00,79,93,33
2024-01-18,2024,18,1,17:00:00,17,42,16
2024-01-18,2024,18,1,18:00:00,18,15,8
2024-01-19,2024,19,1,08:00:00,6,0,0
2024-01-19,2024,19,1,09:00:00,13,0,11
2024-01-19,2024,19,1,10:00:00,46,50,20
2024-01-19,2024,19,1,11:00:00,84,60,5
2024-01-19,2024,19,1,12:00:00,66,104,12
2024-01-19,2024,19,1,13:00:00,63,56,20
2024-01-19,2024,19,1,14:00:00,72,55,27
2024-01-19,2024,19,1,15:00:00,89,47,21
2024-01-19,2024,19,1,16:00:00,52,64,21
2024-01-19,2024,19,1,17:00:00,131,140,29
2024-01-19,2024,19,1,18:00:00,86,103,4
2024-01-20,2024,20,1,08:00:00,7,0,0
2024-01-20,2024,20,1,09:00:00,38,12,7
2024-01-20,2024,20,1,10:00:00,255,128,15
2024-01-20,2024,20,1,11:00:00,191,222,11
2024-01-20,2024,20,1,12:00:00,270,134,16
2024-01-20,2024,20,1,13:00:00,212,288,16
2024-01-20,2024,20,1,14:00:00,229,187,28
2024-01-20,2024,20,1,15:00:00,238,339,19
2024-01-20,2024,20,1,16:00:00,247,337,21
2024-01-20,2024,20,1,17:00:00,219,268,25
2024-01-20,2024,20,1,18:00:00,122,143,9
2024-01-20,2024,20,1,19:00:00,13,17,0
2024-01-20,2024,20,1,20:00:00,1,0,0
2024-01-21,2024,21,1,07:00:00,2,0,0
2024-01-21,2024,21,1,10:00:00,7,0,0
2024-01-21,2024,21,1,11:00:00,4,0,0
2024-01-21,2024,21,1,13:00:00,3,8,0
2024-01-21,2024,21,1,14:00:00,193,84,21
2024-01-21,2024,21,1,15:00:00,255,277,18
2024-01-21,2024,21,1,16:00:00,223,435,13
2024-01-21,2024,21,1,17:00:00,196,249,6
2024-01-21,2024,21,1,18:00:00,5,2,0
2024-01-22,2024,22,1,06:00:00,6,0,0
2024-01-22,2024,22,1,07:00:00,1,0,0
2024-01-22,2024,22,1,08:00:00,16,0,0
2024-01-22,2024,22,1,10:00:00,17,0,0
2024-01-22,2024,22,1,12:00:00,1,0,0
2024-01-22,2024,22,1,14:00:00,2,0,0
2024-01-22,2024,22,1,15:00:00,7,0,0
2024-01-22,2024,22,1,16:00:00,38,0,0
2024-01-22,2024,22,1,17:00:00,2,0,0
2024-01-22,2024,22,1,18:00:00,3,0,0
2024-01-23,2024,23,1,08:00:00,3,0,0
2024-01-23,2024,23,1,09:00:00,61,1,11
2024-01-23,2024,23,1,10:00:00,138,148,19
2024-01-23,2024,23,1,11:00:00,89,106,20
2024-01-23,2024,23,1,12:00:00,92,57,22
2024-01-23,2024,23,1,13:00:00,85,107,18
2024-01-23,2024,23,1,14:00:00,144,208,21
2024-01-23,2024,23,1,15:00:00,110,133,33
2024-01-23,2024,23,1,16:00:00,111,134,21
2024-01-23,2024,23,1,17:00:00,97,66,21
2024-01-23,2024,23,1,18:00:00,55,75,17
2024-01-23,2024,23,1,19:00:00,5,0,0
2024-01-24,2024,24,1,08:00:00,5,0,0
2024-01-24,2024,24,1,09:00:00,70,20,11
2024-01-24,2024,24,1,10:00:00,167,114,16
2024-01-24,2024,24,1,11:00:00,229,268,26
2024-01-24,2024,24,1,12:00:00,88,88,12
2024-01-24,2024,24,1,13:00:00,182,179,36
2024-01-24,2024,24,1,14:00:00,277,219,30
2024-01-24,2024,24,1,15:00:00,196,254,29
2024-01-24,2024,24,1,16:00:00,260,235,34
2024-01-24,2024,24,1,17:00:00,160,245,32
2024-01-24,2024,24,1,18:00:00,86,112,12
2024-01-24,2024,24,1,19:00:00,13,0,0
2024-01-25,2024,25,1,06:00:00,3,0,0
2024-01-25,2024,25,1,08:00:00,27,0,0
2024-01-25,2024,25,1,09:00:00,49,6,25
2024-01-25,2024,25,1,10:00:00,28,32,17
2024-01-25,2024,25,1,11:00:00,67,26,20
2024-01-25,2024,25,1,12:00:00,48,60,15
2024-01-25,2024,25,1,13:00:00,60,77,18
2024-01-25,2024,25,1,14:00:00,102,84,27
2024-01-25,2024,25,1,15:00:00,47,49,11
2024-01-25,2024,25,1,16:00:00,52,140,35
2024-01-25,2024,25,1,17:00:00,86,79,17
2024-01-25,2024,25,1,18:00:00,53,102,8
2024-01-25,2024,25,1,19:00:00,5,0,0
2024-01-26,2024,26,1,08:00:00,3,0,0
2024-01-26,2024,26,1,09:00:00,18,44,15
2024-01-26,2024,26,1,10:00:00,84,41,8
2024-01-26,2024,26,1,11:00:00,96,118,9
2024-01-26,2024,26,1,12:00:00,100,107,24
2024-01-26,2024,26,1,13:00:00,88,75,14
2024-01-26,2024,26,1,14:00:00,118,138,25
2024-01-26,2024,26,1,15:00:00,78,60,27
2024-01-26,2024,26,1,16:00:00,104,91,19
2024-01-26,2024,26,1,17:00:00,83,88,6
2024-01-26,2024,26,1,18:00:00,6,0,0
2024-01-26,2024,26,1,19:00:00,2,0,0
2024-01-26,2024,26,1,20:00:00,9,0,0
2024-01-27,2024,27,1,08:00:00,16,0,1
2024-01-27,2024,27,1,09:00:00,18,8,25
2024-01-27,2024,27,1,10:00:00,209,220,21
2024-01-27,2024,27,1,11:00:00,160,173,27
2024-01-27,2024,27,1,12:00:00,106,174,16
2024-01-27,2024,27,1,13:00:00,114,105,30
2024-01-27,2024,27,1,14:00:00,260,188,31
2024-01-27,2024,27,1,15:00:00,455,395,35
2024-01-27,2024,27,1,16:00:00,364,455,28
2024-01-27,2024,27,1,17:00:00,229,231,16
2024-01-27,2024,27,1,18:00:00,119,225,13
2024-01-27,2024,27,1,19:00:00,4,0,0
2024-01-27,2024,27,1,20:00:00,2,0,0
2024-01-28,2024,28,1,09:00:00,3,0,0
2024-01-28,2024,28,1,10:00:00,8,0,0
2024-01-28,2024,28,1,11:00:00,21,0,0
2024-01-28,2024,28,1,12:00:00,1,0,0
2024-01-28,2024,28,1,13:00:00,2,0,0
2024-01-28,2024,28,1,14:00:00,211,116,22
2024-01-28,2024,28,1,15:00:00,214,264,19
2024-01-28,2024,28,1,16:00:00,114,216,21
2024-01-28,2024,28,1,17:00:00,150,277,14
2024-01-28,2024,28,1,18:00:00,18,1,0
2024-01-28,2024,28,1,19:00:00,1,0,0
2024-01-30,2024,30,1,08:00:00,12,0,0
2024-01-30,2024,30,1,09:00:00,51,9,15
2024-01-30,2024,30,1,10:00:00,138,68,15
2024-01-30,2024,30,1,11:00:00,126,120,19
2024-01-30,2024,30,1,12:00:00,73,89,32
2024-01-30,2024,30,1,13:00:00,141,76,28
2024-01-30,2024,30,1,14:00:00,69,76,32
2024-01-30,2024,30,1,15:00:00,83,87,37
2024-01-30,2024,30,1,16:00:00,109,149,44
2024-01-30,2024,30,1,17:00:00,99,104,22
2024-01-30,2024,30,1,18:00:00,76,106,6
2024-01-31,2024,31,1,07:00:00,1,0,0
2024-01-31,2024,31,1,08:00:00,19,0,0
2024-01-31,2024,31,1,09:00:00,64,20,25
2024-01-31,2024,31,1,10:00:00,203,139,17
2024-01-31,2024,31,1,11:00:00,264,289,21
2024-01-31,2024,31,1,12:00:00,106,119,24
2024-01-31,2024,31,1,13:00:00,183,194,23
2024-01-31,2024,31,1,14:00:00,286,224,50
2024-01-31,2024,31,1,15:00:00,197,227,51
2024-01-31,2024,31,1,16:00:00,231,314,29
2024-01-31,2024,31,1,17:00:00,153,211,31
2024-01-31,2024,31,1,18:00:00,109,137,21
2024-01-31,2024,31,1,21:00:00,1,0,0
2024-01-31,2024,31,1,22:00:00,1,0,0
2024-02-01,2024,1,2,07:00:00,1,0,0
2024-02-01,2024,1,2,08:00:00,36,0,0
2024-02-01,2024,1,2,09:00:00,43,16,29
2024-02-01,2024,1,2,10:00:00,117,83,28
2024-02-01,2024,1,2,11:00:00,127,121,19
2024-02-01,2024,1,2,12:00:00,109,74,20
2024-02-01,2024,1,2,13:00:00,44,74,21
2024-02-01,2024,1,2,14:00:00,65,71,22
2024-02-01,2024,1,2,15:00:00,91,63,28
2024-02-01,2024,1,2,16:00:00,74,67,33
2024-02-01,2024,1,2,17:00:00,75,87,27
2024-02-01,2024,1,2,18:00:00,37,60,14
2024-02-01,2024,1,2,20:00:00,1,0,0
2024-02-02,2024,2,2,07:00:00,3,0,0
2024-02-02,2024,2,2,08:00:00,0,0,1
2024-02-02,2024,2,2,09:00:00,26,13,13
2024-02-02,2024,2,2,10:00:00,73,69,19
2024-02-02,2024,2,2,11:00:00,66,79,15
2024-02-02,2024,2,2,12:00:00,48,32,14
2024-02-02,2024,2,2,13:00:00,132,91,20
2024-02-02,2024,2,2,14:00:00,89,85,22
2024-02-02,2024,2,2,15:00:00,93,167,35
2024-02-02,2024,2,2,16:00:00,113,84,28
2024-02-02,2024,2,2,17:00:00,63,48,18
2024-02-02,2024,2,2,18:00:00,129,155,9
2024-02-02,2024,2,2,19:00:00,14,4,0
2024-02-03,2024,3,2,08:00:00,4,0,0
2024-02-03,2024,3,2,09:00:00,43,10,11
2024-02-03,2024,3,2,10:00:00,176,103,16
2024-02-03,2024,3,2,11:00:00,160,268,17
2024-02-03,2024,3,2,12:00:00,128,131,20
2024-02-03,2024,3,2,13:00:00,101,127,16
2024-02-03,2024,3,2,14:00:00,316,179,37
2024-02-03,2024,3,2,15:00:00,248,245,40
2024-02-03,2024,3,2,16:00:00,295,303,49
2024-02-03,2024,3,2,17:00:00,209,267,35
2024-02-03,2024,3,2,18:00:00,83,220,15
2024-02-03,2024,3,2,19:00:00,0,5,0
2024-02-04,2024,4,2,08:00:00,1,0,0
2024-02-04,2024,4,2,09:00:00,2,0,0
2024-02-04,2024,4,2,10:00:00,5,0,0
2024-02-04,2024,4,2,11:00:00,9,0,0
2024-02-04,2024,4,2,13:00:00,11,4,0
2024-02-04,2024,4,2,14:00:00,214,108,29
2024-02-04,2024,4,2,15:00:00,203,281,27
2024-02-04,2024,4,2,16:00:00,230,280,32
2024-02-04,2024,4,2,17:00:00,228,331,23
2024-02-04,2024,4,2,18:00:00,1,13,0
2024-02-04,2024,4,2,19:00:00,1,0,0
2024-02-05,2024,5,2,07:00:00,4,0,0
2024-02-05,2024,5,2,08:00:00,15,0,0
2024-02-05,2024,5,2,09:00:00,1,0,0
2024-02-05,2024,5,2,11:00:00,9,0,0
2024-02-05,2024,5,2,12:00:00,9,0,0
2024-02-05,2024,5,2,13:00:00,19,0,0
2024-02-05,2024,5,2,14:00:00,6,0,0
2024-02-05,2024,5,2,16:00:00,3,0,0
2024-02-05,2024,5,2,17:00:00,1,0,0
2024-02-05,2024,5,2,18:00:00,46,0,0
2024-02-06,2024,6,2,08:00:00,2,0,0
2024-02-06,2024,6,2,09:00:00,61,9,14
2024-02-06,2024,6,2,10:00:00,150,93,22
2024-02-06,2024,6,2,11:00:00,92,103,21
2024-02-06,2024,6,2,12:00:00,104,146,20
2024-02-06,2024,6,2,13:00:00,71,113,28
2024-02-06,2024,6,2,14:00:00,105,120,36
2024-02-06,2024,6,2,15:00:00,37,70,33
2024-02-06,2024,6,2,16:00:00,101,95,29
2024-02-06,2024,6,2,17:00:00,93,61,27
2024-02-06,2024,6,2,18:00:00,77,172,14
2024-02-06,2024,6,2,19:00:00,1,0,0
2024-02-07,2024,7,2,08:00:00,4,0,0
2024-02-07,2024,7,2,09:00:00,20,19,11
2024-02-07,2024,7,2,10:00:00,165,114,20
2024-02-07,2024,7,2,11:00:00,239,314,33
2024-02-07,2024,7,2,12:00:00,60,66,23
2024-02-07,2024,7,2,13:00:00,147,136,28
2024-02-07,2024,7,2,14:00:00,158,159,52
2024-02-07,2024,7,2,15:00:00,199,198,35
2024-02-07,2024,7,2,16:00:00,178,213,46
2024-02-07,2024,7,2,17:00:00,71,126,34
2024-02-07,2024,7,2,18:00:00,73,113,15
2024-02-07,2024,7,2,19:00:00,3,2,0
2024-02-07,2024,7,2,21:00:00,8,0,0
2024-02-08,2024,8,2,08:00:00,6,0,0
2024-02-08,2024,8,2,09:00:00,25,28,16
2024-02-08,2024,8,2,10:00:00,38,58,16
2024-02-08,2024,8,2,11:00:00,32,56,13
2024-02-08,2024,8,2,12:00:00,50,32,18
2024-02-08,2024,8,2,13:00:00,23,21,18
2024-02-08,2024,8,2,14:00:00,48,32,17
2024-02-08,2024,8,2,15:00:00,87,122,17
2024-02-08,2024,8,2,16:00:00,101,79,29
2024-02-08,2024,8,2,17:00:00,103,68,18
2024-02-08,2024,8,2,18:00:00,77,43,13
2024-02-09,2024,9,2,08:00:00,12,0,0
2024-02-09,2024,9,2,09:00:00,112,49,18
2024-02-09,2024,9,2,10:00:00,63,104,21
2024-02-09,2024,9,2,11:00:00,120,50,24
2024-02-09,2024,9,2,12:00:00,89,83,14
2024-02-09,2024,9,2,13:00:00,67,62,25
2024-02-09,2024,9,2,14:00:00,58,49,32
2024-02-09,2024,9,2,15:00:00,85,68,22
2024-02-09,2024,9,2,16:00:00,66,92,25
2024-02-09,2024,9,2,17:00:00,102,110,21
2024-02-09,2024,9,2,18:00:00,56,109,15
2024-02-10,2024,10,2,08:00:00,4,0,0
2024-02-10,2024,10,2,09:00:00,157,27,15
2024-02-10,2024,10,2,10:00:00,193,180,21
2024-02-10,2024,10,2,11:00:00,222,218,23
2024-02-10,2024,10,2,12:00:00,120,232,39
2024-02-10,2024,10,2,13:00:00,163,107,33
2024-02-10,2024,10,2,14:00:00,245,300,40
2024-02-10,2024,10,2,15:00:00,374,365,34
2024-02-10,2024,10,2,16:00:00,280,300,38
2024-02-10,2024,10,2,17:00:00,326,334,25
2024-02-10,2024,10,2,18:00:00,67,248,10
2024-02-11,2024,11,2,10:00:00,5,0,0
2024-02-11,2024,11,2,11:00:00,1,0,0
2024-02-11,2024,11,2,12:00:00,8,0,0
2024-02-11,2024,11,2,13:00:00,31,2,0
2024-02-11,2024,11,2,14:00:00,230,115,22
2024-02-11,2024,11,2,15:00:00,289,326,33
2024-02-11,2024,11,2,16:00:00,209,224,30
2024-02-11,2024,11,2,17:00:00,159,295,20
2024-02-11,2024,11,2,18:00:00,6,6,0
2024-02-12,2024,12,2,08:00:00,4,0,0
2024-02-12,2024,12,2,10:00:00,2,0,0
2024-02-12,2024,12,2,12:00:00,3,0,0
2024-02-12,2024,12,2,13:00:00,12,0,0
2024-02-12,2024,12,2,14:00:00,8,0,0
2024-02-12,2024,12,2,15:00:00,4,0,0
2024-02-12,2024,12,2,16:00:00,5,0,0
2024-02-12,2024,12,2,17:00:00,17,0,0
2024-02-12,2024,12,2,21:00:00,9,0,0
2024-02-13,2024,13,2,08:00:00,36,0,0
2024-02-13,2024,13,2,09:00:00,45,9,16
2024-02-13,2024,13,2,10:00:00,95,84,27
2024-02-13,2024,13,2,11:00:00,56,132,22
2024-02-13,2024,13,2,12:00:00,67,45,21
2024-02-13,2024,13,2,13:00:00,99,54,21
2024-02-13,2024,13,2,14:00:00,179,93,26
2024-02-13,2024,13,2,15:00:00,65,77,28
2024-02-13,2024,13,2,16:00:00,66,101,25
2024-02-13,2024,13,2,17:00:00,77,71,31
2024-02-13,2024,13,2,18:00:00,32,81,18
2024-02-13,2024,13,2,19:00:00,2,0,0
2024-02-13,2024,13,2,20:00:00,1,0,0
2024-02-14,2024,14,2,08:00:00,4,0,0
2024-02-14,2024,14,2,09:00:00,46,6,14
2024-02-14,2024,14,2,10:00:00,140,92,24
2024-02-14,2024,14,2,11:00:00,236,235,17
2024-02-14,2024,14,2,12:00:00,73,104,22
2024-02-14,2024,14,2,13:00:00,189,127,17
2024-02-14,2024,14,2,14:00:00,164,168,31
2024-02-14,2024,14,2,15:00:00,216,307,39
2024-02-14,2024,14,2,16:00:00,180,231,30
2024-02-14,2024,14,2,17:00:00,177,130,36
2024-02-14,2024,14,2,18:00:00,103,54,13
2024-02-15,2024,15,2,06:00:00,4,0,0
2024-02-15,2024,15,2,08:00:00,20,0,0
2024-02-15,2024,15,2,09:00:00,38,2,14
2024-02-15,2024,15,2,10:00:00,32,30,14
2024-02-15,2024,15,2,11:00:00,49,94,11
2024-02-15,2024,15,2,12:00:00,45,43,8
2024-02-15,2024,15,2,13:00:00,46,54,18
2024-02-15,2024,15,2,14:00:00,73,50,16
2024-02-15,2024,15,2,15:00:00,50,75,22
2024-02-15,2024,15,2,16:00:00,50,51,33
2024-02-15,2024,15,2,17:00:00,85,123,34
2024-02-15,2024,15,2,18:00:00,31,44,15
2024-02-16,2024,16,2,08:00:00,18,0,0
2024-02-16,2024,16,2,09:00:00,19,29,16
2024-02-16,2024,16,2,10:00:00,110,81,21
2024-02-16,2024,16,2,11:00:00,24,40,27
2024-02-16,2024,16,2,12:00:00,86,94,15
2024-02-16,2024,16,2,13:00:00,55,84,15
2024-02-16,2024,16,2,14:00:00,92,87,30
2024-02-16,2024,16,2,15:00:00,68,87,17
2024-02-16,2024,16,2,16:00:00,100,58,17
2024-02-16,2024,16,2,17:00:00,122,92,24
2024-02-16,2024,16,2,18:00:00,64,242,10
2024-02-16,2024,16,2,19:00:00,7,5,0
2024-02-17,2024,17,2,08:00:00,4,0,0
2024-02-17,2024,17,2,09:00:00,81,18,18
2024-02-17,2024,17,2,10:00:00,280,197,12
2024-02-17,2024,17,2,11:00:00,188,331,18
2024-02-17,2024,17,2,12:00:00,104,249,14
2024-02-17,2024,17,2,13:00:00,155,94,24
2024-02-17,2024,17,2,14:00:00,268,344,32
2024-02-17,2024,17,2,15:00:00,256,319,44
2024-02-17,2024,17,2,16:00:00,170,245,34
2024-02-17,2024,17,2,17:00:00,98,229,33
2024-02-17,2024,17,2,18:00:00,143,277,17
2024-02-18,2024,18,2,11:00:00,9,0,0
2024-02-18,2024,18,2,12:00:00,2,0,0
2024-02-18,2024,18,2,13:00:00,28,9,0
2024-02-18,2024,18,2,14:00:00,301,165,21
2024-02-18,2024,18,2,15:00:00,264,375,23
2024-02-18,2024,18,2,16:00:00,182,231,15
2024-02-18,2024,18,2,17:00:00,139,349,13
2024-02-18,2024,18,2,18:00:00,7,1,0
2024-02-19,2024,19,2,07:00:00,1,0,0
2024-02-19,2024,19,2,08:00:00,6,0,0
2024-02-19,2024,19,2,09:00:00,3,0,0
2024-02-19,2024,19,2,10:00:00,1,0,0
2024-02-19,2024,19,2,11:00:00,4,0,0
2024-02-19,2024,19,2,12:00:00,5,0,0
2024-02-19,2024,19,2,13:00:00,6,0,0
2024-02-19,2024,19,2,14:00:00,4,0,0
2024-02-19,2024,19,2,16:00:00,2,0,0
2024-02-19,2024,19,2,17:00:00,13,0,0
2024-02-19,2024,19,2,18:00:00,1,0,0
2024-02-20,2024,20,2,06:00:00,1,0,0
2024-02-20,2024,20,2,08:00:00,14,0,0
2024-02-20,2024,20,2,09:00:00,70,34,19
2024-02-20,2024,20,2,10:00:00,111,97,23
2024-02-20,2024,20,2,11:00:00,181,149,24
2024-02-20,2024,20,2,12:00:00,139,113,24
2024-02-20,2024,20,2,13:00:00,103,97,23
2024-02-20,2024,20,2,14:00:00,166,162,24
2024-02-20,2024,20,2,15:00:00,155,97,24
2024-02-20,2024,20,2,16:00:00,184,130,22
2024-02-20,2024,20,2,17:00:00,214,252,24
2024-02-20,2024,20,2,18:00:00,56,72,14
2024-02-20,2024,20,2,19:00:00,3,0,0
2024-02-21,2024,21,2,07:00:00,4,0,0
2024-02-21,2024,21,2,08:00:00,12,0,0
2024-02-21,2024,21,2,09:00:00,313,209,9
2024-02-21,2024,21,2,10:00:00,556,325,20
2024-02-21,2024,21,2,11:00:00,584,442,25
2024-02-21,2024,21,2,12:00:00,180,259,16
2024-02-21,2024,21,2,13:00:00,191,216,21
2024-02-21,2024,21,2,14:00:00,328,283,45
2024-02-21,2024,21,2,15:00:00,234,408,35
2024-02-21,2024,21,2,16:00:00,185,223,25
2024-02-21,2024,21,2,17:00:00,152,284,24
2024-02-21,2024,21,2,18:00:00,74,104,19
2024-02-21,2024,21,2,20:00:00,1,0,0
2024-02-22,2024,22,2,08:00:00,6,0,0
2024-02-22,2024,22,2,09:00:00,97,55,12
2024-02-22,2024,22,2,10:00:00,66,61,18
2024-02-22,2024,22,2,11:00:00,53,50,19
2024-02-22,2024,22,2,12:00:00,89,45,16
2024-02-22,2024,22,2,13:00:00,45,69,27
2024-02-22,2024,22,2,14:00:00,66,41,22
2024-02-22,2024,22,2,15:00:00,99,100,31
2024-02-22,2024,22,2,16:00:00,317,294,23
2024-02-22,2024,22,2,17:00:00,255,159,34
2024-02-22,2024,22,2,18:00:00,41,85,18
2024-02-22,2024,22,2,19:00:00,2,12,0
2024-02-22,2024,22,2,20:00:00,7,0,0
2024-02-23,2024,23,2,07:00:00,3,0,0
2024-02-23,2024,23,2,08:00:00,17,0,0
2024-02-23,2024,23,2,09:00:00,12,3,27
2024-02-23,2024,23,2,10:00:00,66,80,36
2024-02-23,2024,23,2,11:00:00,80,101,18
2024-02-23,2024,23,2,12:00:00,233,118,15
2024-02-23,2024,23,2,13:00:00,198,46,25
2024-02-23,2024,23,2,14:00:00,149,250,19
2024-02-23,2024,23,2,15:00:00,99,76,20
2024-02-23,2024,23,2,16:00:00,174,122,20
2024-02-23,2024,23,2,17:00:00,642,406,21
2024-02-23,2024,23,2,18:00:00,63,159,12
2024-02-23,2024,23,2,19:00:00,1,5,4
2024-02-24,2024,24,2,07:00:00,3,0,0
2024-02-24,2024,24,2,08:00:00,3,0,0
2024-02-24,2024,24,2,09:00:00,120,51,8
2024-02-24,2024,24,2,10:00:00,472,388,15
2024-02-24,2024,24,2,11:00:00,486,501,17
2024-02-24,2024,24,2,12:00:00,353,400,26
2024-02-24,2024,24,2,13:00:00,274,220,27
2024-02-24,2024,24,2,14:00:00,305,202,21
2024-02-24,2024,24,2,15:00:00,327,350,25
2024-02-24,2024,24,2,16:00:00,307,352,22
2024-02-24,2024,24,2,17:00:00,228,369,28
2024-02-24,2024,24,2,18:00:00,88,172,10
2024-02-24,2024,24,2,19:00:00,1,1,0
2024-02-24,2024,24,2,20:00:00,1,0,0
2024-02-25,2024,25,2,09:00:00,3,0,0
2024-02-25,2024,25,2,10:00:00,6,0,0
2024-02-25,2024,25,2,11:00:00,3,0,0
2024-02-25,2024,25,2,12:00:00,5,0,0
2024-02-25,2024,25,2,13:00:00,15,0,0
2024-02-25,2024,25,2,14:00:00,16,0,0
2024-02-25,2024,25,2,15:00:00,18,0,0
2024-02-25,2024,25,2,17:00:00,4,0,0
2024-02-25,2024,25,2,18:00:00,12,0,0
2024-02-25,2024,25,2,19:00:00,10,0,0
2024-02-25,2024,25,2,20:00:00,1,0,0
2024-02-26,2024,26,2,09:00:00,17,0,0
2024-02-26,2024,26,2,12:00:00,10,0,0
2024-02-26,2024,26,2,13:00:00,18,0,0
2024-02-26,2024,26,2,14:00:00,1,0,0
2024-02-26,2024,26,2,15:00:00,2,0,0
2024-02-26,2024,26,2,16:00:00,13,0,0
2024-02-26,2024,26,2,17:00:00,1,0,0
2024-02-26,2024,26,2,18:00:00,1,0,0
2024-02-26,2024,26,2,20:00:00,5,0,0
2024-02-27,2024,27,2,07:00:00,2,0,0
2024-02-27,2024,27,2,08:00:00,18,0,0
2024-02-27,2024,27,2,09:00:00,102,63,19
2024-02-27,2024,27,2,10:00:00,192,157,24
2024-02-27,2024,27,2,11:00:00,254,346,47
2024-02-27,2024,27,2,12:00:00,212,243,30
2024-02-27,2024,27,2,13:00:00,199,155,29
2024-02-27,2024,27,2,14:00:00,277,225,35
2024-02-27,2024,27,2,15:00:00,224,238,30
2024-02-27,2024,27,2,16:00:00,163,250,47
2024-02-27,2024,27,2,17:00:00,196,245,26
2024-02-27,2024,27,2,18:00:00,21,10,0
2024-02-28,2024,28,2,07:00:00,2,0,0
2024-02-28,2024,28,2,08:00:00,3,0,0
2024-02-28,2024,28,2,09:00:00,340,141,23
2024-02-28,2024,28,2,10:00:00,134,180,29
2024-02-28,2024,28,2,11:00:00,157,282,18
2024-02-28,2024,28,2,12:00:00,121,174,35
2024-02-28,2024,28,2,13:00:00,91,169,32
2024-02-28,2024,28,2,14:00:00,245,213,41
2024-02-28,2024,28,2,15:00:00,217,229,51
2024-02-28,2024,28,2,16:00:00,258,270,34
2024-02-28,2024,28,2,17:00:00,199,471,15
2024-02-28,2024,28,2,18:00:00,34,1,0
2024-02-29,2024,29,2,08:00:00,11,0,0
2024-02-29,2024,29,2,09:00:00,52,13,15
2024-02-29,2024,29,2,10:00:00,61,115,19
2024-02-29,2024,29,2,11:00:00,122,138,19
2024-02-29,2024,29,2,12:00:00,22,97,22
2024-02-29,2024,29,2,13:00:00,84,82,24
2024-02-29,2024,29,2,14:00:00,127,120,31
2024-02-29,2024,29,2,15:00:00,162,293,31
2024-02-29,2024,29,2,16:00:00,140,250,35
2024-02-29,2024,29,2,17:00:00,116,211,25
2024-02-29,2024,29,2,18:00:00,4,1,0
2024-02-29,2024,29,2,19:00:00,5,0,0
2024-03-01,2024,1,3,08:00:00,6,0,0
2024-03-01,2024,1,3,09:00:00,25,7,17
2024-03-01,2024,1,3,10:00:00,137,147,27
2024-03-01,2024,1,3,11:00:00,86,142,24
2024-03-01,2024,1,3,12:00:00,87,141,10
2024-03-01,2024,1,3,13:00:00,133,112,14
2024-03-01,2024,1,3,14:00:00,229,128,27
2024-03-01,2024,1,3,15:00:00,151,269,31
2024-03-01,2024,1,3,16:00:00,100,141,29
2024-03-01,2024,1,3,17:00:00,83,186,21
2024-03-01,2024,1,3,18:00:00,7,0,0
2024-03-02,2024,2,3,08:00:00,8,0,0
2024-03-02,2024,2,3,09:00:00,24,12,13
2024-03-02,2024,2,3,10:00:00,80,110,21
2024-03-02,2024,2,3,11:00:00,145,155,32
2024-03-02,2024,2,3,12:00:00,117,123,14
2024-03-02,2024,2,3,13:00:00,87,49,13
2024-03-02,2024,2,3,14:00:00,249,128,36
2024-03-02,2024,2,3,15:00:00,235,326,23
2024-03-02,2024,2,3,16:00:00,232,226,31
2024-03-02,2024,2,3,17:00:00,220,300,20
2024-03-02,2024,2,3,18:00:00,45,12,0
2024-03-02,2024,2,3,19:00:00,7,0,0
2024-03-03,2024,3,3,11:00:00,10,0,0
2024-03-03,2024,3,3,13:00:00,5,0,0
2024-03-03,2024,3,3,14:00:00,6,0,0
2024-03-03,2024,3,3,15:00:00,5,0,0
2024-03-03,2024,3,3,16:00:00,8,0,0
2024-03-03,2024,3,3,17:00:00,18,0,0
2024-03-04,2024,4,3,10:00:00,6,0,0
2024-03-04,2024,4,3,11:00:00,1,0,0
2024-03-04,2024,4,3,12:00:00,1,0,0
2024-03-04,2024,4,3,13:00:00,6,0,0
2024-03-04,2024,4,3,14:00:00,28,0,0
2024-03-04,2024,4,3,15:00:00,4,0,0
2024-03-04,2024,4,3,16:00:00,17,0,0
2024-03-04,2024,4,3,17:00:00,11,0,0
2024-03-05,2024,5,3,06:00:00,3,0,0
2024-03-05,2024,5,3,07:00:00,2,0,0
2024-03-05,2024,5,3,08:00:00,9,0,0
2024-03-05,2024,5,3,09:00:00,42,8,18
2024-03-05,2024,5,3,10:00:00,167,110,24
2024-03-05,2024,5,3,11:00:00,167,138,30
2024-03-05,2024,5,3,12:00:00,156,133,22
2024-03-05,2024,5,3,13:00:00,102,97,25
2024-03-05,2024,5,3,14:00:00,115,124,33
2024-03-05,2024,5,3,15:00:00,173,229,31
2024-03-05,2024,5,3,16:00:00,232,195,40
2024-03-05,2024,5,3,17:00:00,139,201,14
2024-03-05,2024,5,3,18:00:00,5,0,0
2024-03-05,2024,5,3,20:00:00,2,0,0
2024-03-06,2024,6,3,07:00:00,4,0,0
2024-03-06,2024,6,3,08:00:00,15,0,1
2024-03-06,2024,6,3,09:00:00,25,10,16
2024-03-06,2024,6,3,10:00:00,139,120,21
2024-03-06,2024,6,3,11:00:00,89,125,30
2024-03-06,2024,6,3,12:00:00,111,155,18
2024-03-06,2024,6,3,13:00:00,72,62,19
2024-03-06,2024,6,3,14:00:00,219,174,26
2024-03-06,2024,6,3,15:00:00,104,213,22
2024-03-06,2024,6,3,16:00:00,156,183,32
2024-03-06,2024,6,3,17:00:00,132,205,26
2024-03-06,2024,6,3,18:00:00,9,0,0
2024-03-06,2024,6,3,20:00:00,1,0,0
2024-03-06,2024,6,3,22:00:00,1,0,0
2024-03-07,2024,7,3,08:00:00,9,0,0
2024-03-07,2024,7,3,09:00:00,17,23,18
2024-03-07,2024,7,3,10:00:00,129,75,23
2024-03-07,2024,7,3,11:00:00,85,164,29
2024-03-07,2024,7,3,12:00:00,114,80,18
2024-03-07,2024,7,3,13:00:00,51,60,20
2024-03-07,2024,7,3,14:00:00,193,141,28
2024-03-07,2024,7,3,15:00:00,164,195,23
2024-03-07,2024,7,3,16:00:00,160,141,37
2024-03-07,2024,7,3,17:00:00,75,195,23
2024-03-07,2024,7,3,18:00:00,3,3,0
2024-03-08,2024,8,3,07:00:00,6,0,0
2024-03-08,2024,8,3,08:00:00,12,0,0
2024-03-08,2024,8,3,09:00:00,56,24,10
2024-03-08,2024,8,3,10:00:00,101,58,17
2024-03-08,2024,8,3,11:00:00,65,79,15
2024-03-08,2024,8,3,12:00:00,59,92,10
2024-03-08,2024,8,3,13:00:00,111,81,20
2024-03-08,2024,8,3,14:00:00,105,110,36
2024-03-08,2024,8,3,15:00:00,100,130,30
2024-03-08,2024,8,3,16:00:00,113,121,30
2024-03-08,2024,8,3,17:00:00,116,192,27
2024-03-08,2024,8,3,18:00:00,6,2,0
2024-03-09,2024,9,3,08:00:00,2,0,0
2024-03-09,2024,9,3,09:00:00,36,74,21
2024-03-09,2024,9,3,10:00:00,201,163,14
2024-03-09,2024,9,3,11:00:00,202,127,25
2024-03-09,2024,9,3,12:00:00,87,198,19
2024-03-09,2024,9,3,13:00:00,153,95,27
2024-03-09,2024,9,3,14:00:00,270,105,39
2024-03-09,2024,9,3,15:00:00,313,264,30
2024-03-09,2024,9,3,16:00:00,359,345,35
2024-03-09,2024,9,3,17:00:00,177,326,31
2024-03-09,2024,9,3,18:00:00,4,8,0
2024-03-10,2024,10,3,11:00:00,10,0,0
2024-03-10,2024,10,3,14:00:00,34,0,0
2024-03-10,2024,10,3,15:00:00,2,0,0
2024-03-10,2024,10,3,16:00:00,1,0,0
2024-03-10,2024,10,3,17:00:00,15,0,0
2024-03-10,2024,10,3,20:00:00,1,0,0
2024-03-11,2024,11,3,06:00:00,5,0,0
2024-03-11,2024,11,3,08:00:00,4,0,0
2024-03-11,2024,11,3,09:00:00,2,0,0
2024-03-11,2024,11,3,10:00:00,8,0,0
2024-03-11,2024,11,3,11:00:00,6,0,0
2024-03-11,2024,11,3,12:00:00,2,0,0
2024-03-11,2024,11,3,13:00:00,2,0,0
2024-03-11,2024,11,3,14:00:00,7,0,0
2024-03-11,2024,11,3,15:00:00,17,0,0
2024-03-11,2024,11,3,16:00:00,3,0,0
2024-03-11,2024,11,3,17:00:00,8,0,0
2024-03-11,2024,11,3,18:00:00,1,0,0
2024-03-12,2024,12,3,07:00:00,4,0,0
2024-03-12,2024,12,3,08:00:00,31,0,0
2024-03-12,2024,12,3,09:00:00,147,45,18
2024-03-12,2024,12,3,10:00:00,211,112,20
2024-03-12,2024,12,3,11:00:00,94,102,17
2024-03-12,2024,12,3,12:00:00,136,145,31
2024-03-12,2024,12,3,13:00:00,117,68,33
2024-03-12,2024,12,3,14:00:00,114,193,43
2024-03-12,2024,12,3,15:00:00,63,79,31
2024-03-12,2024,12,3,16:00:00,81,97,23
2024-03-12,2024,12,3,17:00:00,112,123,34
2024-03-12,2024,12,3,18:00:00,49,58,9
2024-03-13,2024,13,3,07:00:00,4,0,0
2024-03-13,2024,13,3,08:00:00,8,0,0
2024-03-13,2024,13,3,09:00:00,63,14,14
2024-03-13,2024,13,3,10:00:00,135,68,21
2024-03-13,2024,13,3,11:00:00,269,320,16
2024-03-13,2024,13,3,12:00:00,126,106,31
2024-03-13,2024,13,3,13:00:00,219,135,28
2024-03-13,2024,13,3,14:00:00,297,252,41
2024-03-13,2024,13,3,15:00:00,256,210,33
2024-03-13,2024,13,3,16:00:00,304,384,38
2024-03-13,2024,13,3,17:00:00,125,156,18
2024-03-13,2024,13,3,18:00:00,115,204,7
2024-03-13,2024,13,3,19:00:00,5,0,0
2024-03-14,2024,14,3,07:00:00,11,0,0
2024-03-14,2024,14,3,08:00:00,7,0,0
2024-03-14,2024,14,3,09:00:00,30,24,24
2024-03-14,2024,14,3,10:00:00,108,82,12
2024-03-14,2024,14,3,11:00:00,33,34,12
2024-03-14,2024,14,3,12:00:00,47,53,25
2024-03-14,2024,14,3,13:00:00,23,109,18
2024-03-14,2024,14,3,14:00:00,102,108,15
2024-03-14,2024,14,3,15:00:00,47,42,27
2024-03-14,2024,14,3,16:00:00,56,53,29
2024-03-14,2024,14,3,17:00:00,158,66,17
2024-03-14,2024,14,3,18:00:00,84,86,9
2024-03-14,2024,14,3,19:00:00,1,0,0
2024-03-15,2024,15,3,06:00:00,2,0,0
2024-03-15,2024,15,3,08:00:00,9,0,0
2024-03-15,2024,15,3,09:00:00,57,3,16
2024-03-15,2024,15,3,10:00:00,42,69,19
2024-03-15,2024,15,3,11:00:00,60,99,13
2024-03-15,2024,15,3,12:00:00,32,57,27
2024-03-15,2024,15,3,13:00:00,43,57,21
2024-03-15,2024,15,3,14:00:00,53,47,21
2024-03-15,2024,15,3,15:00:00,88,96,22
2024-03-15,2024,15,3,16:00:00,99,72,27
2024-03-15,2024,15,3,17:00:00,128,116,24
2024-03-15,2024,15,3,18:00:00,60,171,10
2024-03-15,2024,15,3,19:00:00,14,1,0
2024-03-16,2024,16,3,07:00:00,1,0,0
2024-03-16,2024,16,3,08:00:00,1,0,0
2024-03-16,2024,16,3,09:00:00,52,11,11
2024-03-16,2024,16,3,10:00:00,145,183,27
2024-03-16,2024,16,3,11:00:00,162,188,16
2024-03-16,2024,16,3,12:00:00,178,101,23
2024-03-16,2024,16,3,13:00:00,184,181,21
2024-03-16,2024,16,3,14:00:00,212,295,35
2024-03-16,2024,16,3,15:00:00,271,220,38
2024-03-16,2024,16,3,16:00:00,290,281,22
2024-03-16,2024,16,3,17:00:00,152,218,32
2024-03-16,2024,16,3,18:00:00,89,193,11
2024-03-16,2024,16,3,19:00:00,2,0,0
2024-03-17,2024,17,3,09:00:00,24,0,0
2024-03-17,2024,17,3,11:00:00,16,0,0
2024-03-17,2024,17,3,12:00:00,2,0,0
2024-03-17,2024,17,3,13:00:00,39,2,0
2024-03-17,2024,17,3,14:00:00,298,168,15
2024-03-17,2024,17,3,15:00:00,267,418,23
2024-03-17,2024,17,3,16:00:00,276,290,13
2024-03-17,2024,17,3,17:00:00,184,333,14
2024-03-17,2024,17,3,18:00:00,17,0,0
2024-03-18,2024,18,3,06:00:00,4,0,0
2024-03-18,2024,18,3,07:00:00,3,0,0
2024-03-18,2024,18,3,08:00:00,8,0,0
2024-03-18,2024,18,3,09:00:00,9,0,0
2024-03-18,2024,18,3,13:00:00,16,0,0
2024-03-18,2024,18,3,14:00:00,3,0,0
2024-03-18,2024,18,3,15:00:00,19,0,0
2024-03-18,2024,18,3,16:00:00,5,0,0
2024-03-18,2024,18,3,17:00:00,4,0,0
2024-03-18,2024,18,3,18:00:00,1,0,0
2024-03-18,2024,18,3,19:00:00,11,0,0
2024-03-19,2024,19,3,08:00:00,7,0,0
2024-03-19,2024,19,3,09:00:00,99,3,24
2024-03-19,2024,19,3,10:00:00,197,154,30
2024-03-19,2024,19,3,11:00:00,88,98,19
2024-03-19,2024,19,3,12:00:00,141,97,15
2024-03-19,2024,19,3,13:00:00,157,125,31
2024-03-19,2024,19,3,14:00:00,155,127,23
2024-03-19,2024,19,3,15:00:00,73,73,19
2024-03-19,2024,19,3,16:00:00,97,101,33
2024-03-19,2024,19,3,17:00:00,65,102,23
2024-03-19,2024,19,3,18:00:00,102,73,13
2024-03-19,2024,19,3,19:00:00,3,0,0
2024-03-20,2024,20,3,08:00:00,3,0,0
2024-03-20,2024,20,3,09:00:00,43,16,13
2024-03-20,2024,20,3,10:00:00,231,264,19
2024-03-20,2024,20,3,11:00:00,229,292,32
2024-03-20,2024,20,3,12:00:00,99,72,29
2024-03-20,2024,20,3,13:00:00,106,141,33
2024-03-20,2024,20,3,14:00:00,194,90,34
2024-03-20,2024,20,3,15:00:00,159,199,41
2024-03-20,2024,20,3,16:00:00,163,208,38
2024-03-20,2024,20,3,17:00:00,141,179,23
2024-03-20,2024,20,3,18:00:00,61,75,21
2024-03-20,2024,20,3,20:00:00,5,0,0
2024-03-20,2024,20,3,21:00:00,2,0,0
2024-03-21,2024,21,3,08:00:00,14,0,0
2024-03-21,2024,21,3,09:00:00,44,7,10
2024-03-21,2024,21,3,10:00:00,118,83,13
2024-03-21,2024,21,3,11:00:00,71,76,15
2024-03-21,2024,21,3,12:00:00,91,86,25
2024-03-21,2024,21,3,13:00:00,92,97,22
2024-03-21,2024,21,3,14:00:00,84,41,25
2024-03-21,2024,21,3,15:00:00,41,130,35
2024-03-21,2024,21,3,16:00:00,80,99,22
2024-03-21,2024,21,3,17:00:00,93,71,22
2024-03-21,2024,21,3,18:00:00,72,99,14
2024-03-21,2024,21,3,19:00:00,4,0,0
2024-03-22,2024,22,3,08:00:00,8,0,0
2024-03-22,2024,22,3,09:00:00,104,49,18
2024-03-22,2024,22,3,10:00:00,88,124,21
2024-03-22,2024,22,3,11:00:00,69,79,20
2024-03-22,2024,22,3,12:00:00,72,69,11
2024-03-22,2024,22,3,13:00:00,70,69,18
2024-03-22,2024,22,3,14:00:00,58,76,24
2024-03-22,2024,22,3,15:00:00,56,30,16
2024-03-22,2024,22,3,16:00:00,56,47,22
2024-03-22,2024,22,3,17:00:00,74,81,22
2024-03-22,2024,22,3,18:00:00,44,84,9
2024-03-22,2024,22,3,19:00:00,0,14,0
2024-03-22,2024,22,3,20:00:00,10,0,0
2024-03-23,2024,23,3,07:00:00,5,0,0
2024-03-23,2024,23,3,08:00:00,5,0,0
2024-03-23,2024,23,3,09:00:00,78,15,19
2024-03-23,2024,23,3,10:00:00,235,211,19
2024-03-23,2024,23,3,11:00:00,171,251,17
2024-03-23,2024,23,3,12:00:00,167,242,19
2024-03-23,2024,23,3,13:00:00,114,94,30
2024-03-23,2024,23,3,14:00:00,270,339,44
2024-03-23,2024,23,3,15:00:00,241,229,40
2024-03-23,2024,23,3,16:00:00,243,280,34
2024-03-23,2024,23,3,17:00:00,200,326,25
2024-03-23,2024,23,3,18:00:00,135,225,21
2024-03-23,2024,23,3,19:00:00,12,3,0
2024-03-24,2024,24,3,10:00:00,3,0,0
2024-03-24,2024,24,3,11:00:00,20,0,0
2024-03-24,2024,24,3,12:00:00,4,0,0
2024-03-24,2024,24,3,13:00:00,63,15,0
2024-03-24,2024,24,3,14:00:00,219,89,39
2024-03-24,2024,24,3,15:00:00,218,315,32
2024-03-24,2024,24,3,16:00:00,132,192,15
2024-03-24,2024,24,3,17:00:00,91,203,14
2024-03-24,2024,24,3,18:00:00,4,4,0
2024-03-25,2024,25,3,08:00:00,20,0,0
2024-03-26,2024,26,3,08:00:00,1,0,1
2024-03-26,2024,26,3,09:00:00,106,19,25
2024-03-26,2024,26,3,10:00:00,155,164,28
2024-03-26,2024,26,3,11:00:00,94,124,26
2024-03-26,2024,26,3,12:00:00,73,79,23
2024-03-26,2024,26,3,13:00:00,78,91,25
2024-03-26,2024,26,3,14:00:00,132,54,27
2024-03-26,2024,26,3,15:00:00,84,75,17
2024-03-26,2024,26,3,16:00:00,78,80,25
2024-03-26,2024,26,3,17:00:00,123,109,17
2024-03-26,2024,26,3,18:00:00,66,70,13
2024-03-26,2024,26,3,19:00:00,5,0,0
2024-03-27,2024,27,3,09:00:00,81,26,16
2024-03-27,2024,27,3,10:00:00,169,111,20
2024-03-27,2024,27,3,11:00:00,275,269,30
2024-03-27,2024,27,3,12:00:00,121,140,34
2024-03-27,2024,27,3,13:00:00,154,89,25
2024-03-27,2024,27,3,14:00:00,206,133,53
2024-03-27,2024,27,3,15:00:00,267,209,36
2024-03-27,2024,27,3,16:00:00,271,281,26
2024-03-27,2024,27,3,17:00:00,114,150,31
2024-03-27,2024,27,3,18:00:00,102,130,7
2024-03-28,2024,28,3,08:00:00,18,0,0
2024-03-28,2024,28,3,09:00:00,62,11,17
2024-03-28,2024,28,3,10:00:00,91,44,18
2024-03-28,2024,28,3,11:00:00,93,113,32
2024-03-28,2024,28,3,12:00:00,79,61,27
2024-03-28,2024,28,3,13:00:00,100,88,26
2024-03-28,2024,28,3,14:00:00,87,79,19
2024-03-28,2024,28,3,15:00:00,94,61,26
2024-03-28,2024,28,3,16:00:00,76,102,21
2024-03-28,2024,28,3,17:00:00,100,66,23
2024-03-28,2024,28,3,18:00:00,67,57,13
2024-03-28,2024,28,3,19:00:00,0,8,0
2024-03-29,2024,29,3,08:00:00,11,0,0
2024-03-29,2024,29,3,09:00:00,106,11,24
2024-03-29,2024,29,3,10:00:00,81,124,15
2024-03-29,2024,29,3,11:00:00,35,43,17
2024-03-29,2024,29,3,12:00:00,98,56,21
2024-03-29,2024,29,3,13:00:00,109,70,25
2024-03-29,2024,29,3,14:00:00,48,82,24
2024-03-29,2024,29,3,15:00:00,113,77,24
2024-03-29,2024,29,3,16:00:00,33,64,19
2024-03-29,2024,29,3,17:00:00,122,113,28
2024-03-29,2024,29,3,18:00:00,22,62,8
2024-03-29,2024,29,3,19:00:00,0,1,0
2024-03-30,2024,30,3,08:00:00,10,0,0
2024-03-30,2024,30,3,09:00:00,59,20,12
2024-03-30,2024,30,3,10:00:00,123,89,23
2024-03-30,2024,30,3,11:00:00,227,218,19
2024-03-30,2024,30,3,12:00:00,100,173,17
2024-03-30,2024,30,3,13:00:00,115,105,18
2024-03-30,2024,30,3,14:00:00,348,215,27
2024-03-30,2024,30,3,15:00:00,397,414,31
2024-03-30,2024,30,3,16:00:00,428,385,28
2024-03-30,2024,30,3,17:00:00,152,285,23
2024-03-30,2024,30,3,18:00:00,70,196,11
2024-03-30,2024,30,3,19:00:00,1,0,0
2024-03-31,2024,31,3,13:00:00,21,0,0
2024-03-31,2024,31,3,14:00:00,87,60,17
2024-03-31,2024,31,3,15:00:00,63,66,26
2024-03-31,2024,31,3,16:00:00,170,185,20
2024-03-31,2024,31,3,17:00:00,114,303,22
2024-03-31,2024,31,3,18:00:00,10,6,0
2024-03-31,2024,31,3,19:00:00,1,0,0
2024-04-01,2024,1,4,09:00:00,3,0,0
2024-04-01,2024,1,4,10:00:00,3,0,0
2024-04-01,2024,1,4,11:00:00,23,0,0
2024-04-01,2024,1,4,12:00:00,6,0,0
2024-04-01,2024,1,4,15:00:00,1,0,0
2024-04-01,2024,1,4,16:00:00,14,0,0
2024-04-01,2024,1,4,17:00:00,15,0,0
2024-04-01,2024,1,4,18:00:00,1,0,0
2024-04-01,2024,1,4,19:00:00,1,0,0
2024-04-02,2024,2,4,08:00:00,4,0,0
2024-04-02,2024,2,4,09:00:00,98,6,11
2024-04-02,2024,2,4,10:00:00,162,102,16
2024-04-02,2024,2,4,11:00:00,64,111,26
2024-04-02,2024,2,4,12:00:00,115,78,27
2024-04-02,2024,2,4,13:00:00,119,84,29
2024-04-02,2024,2,4,14:00:00,115,100,23
2024-04-02,2024,2,4,15:00:00,87,69,19
2024-04-02,2024,2,4,16:00:00,65,82,26
2024-04-02,2024,2,4,17:00:00,81,138,24
2024-04-02,2024,2,4,18:00:00,80,120,17
2024-04-02,2024,2,4,19:00:00,1,0,0
2024-04-03,2024,3,4,06:00:00,2,0,0
2024-04-03,2024,3,4,07:00:00,17,0,0
2024-04-03,2024,3,4,08:00:00,5,0,0
2024-04-03,2024,3,4,09:00:00,36,25,9
2024-04-03,2024,3,4,10:00:00,167,131,16
2024-04-03,2024,3,4,11:00:00,199,195,14
2024-04-03,2024,3,4,12:00:00,87,61,31
2024-04-03,2024,3,4,13:00:00,160,145,32
2024-04-03,2024,3,4,14:00:00,225,151,36
2024-04-03,2024,3,4,15:00:00,140,235,30
2024-04-03,2024,3,4,16:00:00,251,222,31
2024-04-03,2024,3,4,17:00:00,286,299,15
2024-04-03,2024,3,4,18:00:00,85,171,12
2024-04-03,2024,3,4,19:00:00,1,14,0
2024-04-04,2024,4,4,08:00:00,2,0,0
2024-04-04,2024,4,4,09:00:00,42,12,11
2024-04-04,2024,4,4,10:00:00,57,118,11
2024-04-04,2024,4,4,11:00:00,71,105,17
2024-04-04,2024,4,4,12:00:00,104,71,21
2024-04-04,2024,4,4,13:00:00,127,77,9
2024-04-04,2024,4,4,14:00:00,62,126,28
2024-04-04,2024,4,4,15:00:00,211,136,19
2024-04-04,2024,4,4,16:00:00,129,135,24
2024-04-04,2024,4,4,17:00:00,113,123,25
2024-04-04,2024,4,4,18:00:00,91,120,12
2024-04-04,2024,4,4,19:00:00,2,0,0
2024-04-05,2024,5,4,07:00:00,1,0,0
2024-04-05,2024,5,4,08:00:00,4,0,0
2024-04-05,2024,5,4,09:00:00,39,7,21
2024-04-05,2024,5,4,10:00:00,86,66,8
2024-04-05,2024,5,4,11:00:00,34,50,12
2024-04-05,2024,5,4,12:00:00,90,57,13
2024-04-05,2024,5,4,13:00:00,108,104,19
2024-04-05,2024,5,4,14:00:00,100,101,19
2024-04-05,2024,5,4,15:00:00,80,102,23
2024-04-05,2024,5,4,16:00:00,77,43,24
2024-04-05,2024,5,4,17:00:00,168,165,26
2024-04-05,2024,5,4,18:00:00,70,167,11
2024-04-05,2024,5,4,19:00:00,13,1,0
2024-04-05,2024,5,4,20:00:00,2,0,0
2024-04-06,2024,6,4,08:00:00,18,0,0
2024-04-06,2024,6,4,09:00:00,49,17,16
2024-04-06,2024,6,4,10:00:00,210,153,13
2024-04-06,2024,6,4,11:00:00,186,138,18
2024-04-06,2024,6,4,12:00:00,144,145,10
2024-04-06,2024,6,4,13:00:00,128,106,22
2024-04-06,2024,6,4,14:00:00,181,117,17
2024-04-06,2024,6,4,15:00:00,203,199,33
2024-04-06,2024,6,4,16:00:00,303,182,34
2024-04-06,2024,6,4,17:00:00,231,294,20
2024-04-06,2024,6,4,18:00:00,118,112,22
2024-04-06,2024,6,4,19:00:00,0,17,0
2024-04-07,2024,7,4,08:00:00,1,0,0
2024-04-07,2024,7,4,09:00:00,10,0,0
2024-04-07,2024,7,4,10:00:00,2,0,0
2024-04-07,2024,7,4,11:00:00,2,0,0
2024-04-07,2024,7,4,12:00:00,10,0,0
2024-04-07,2024,7,4,13:00:00,6,4,0
2024-04-07,2024,7,4,14:00:00,67,53,10
2024-04-07,2024,7,4,15:00:00,241,181,18
2024-04-07,2024,7,4,16:00:00,129,148,16
2024-04-07,2024,7,4,17:00:00,115,241,13
2024-04-07,2024,7,4,18:00:00,6,8,0
2024-04-08,2024,8,4,08:00:00,12,0,0
2024-04-08,2024,8,4,09:00:00,14,0,0
2024-04-08,2024,8,4,10:00:00,2,0,0
2024-04-08,2024,8,4,12:00:00,1,0,0
2024-04-08,2024,8,4,13:00:00,1,0,0
2024-04-08,2024,8,4,15:00:00,14,0,0
2024-04-08,2024,8,4,16:00:00,10,0,0
2024-04-08,2024,8,4,17:00:00,5,0,0
2024-04-08,2024,8,4,19:00:00,1,0,0
2024-04-08,2024,8,4,20:00:00,1,0,0
2024-04-09,2024,9,4,06:00:00,5,0,0
2024-04-09,2024,9,4,07:00:00,11,0,0
2024-04-09,2024,9,4,08:00:00,18,0,0
2024-04-09,2024,9,4,09:00:00,62,15,7
2024-04-09,2024,9,4,10:00:00,138,77,16
2024-04-09,2024,9,4,11:00:00,103,115,19
2024-04-09,2024,9,4,12:00:00,75,69,19
2024-04-09,2024,9,4,13:00:00,90,62,16
2024-04-09,2024,9,4,14:00:00,57,94,17
2024-04-09,2024,9,4,15:00:00,39,51,25
2024-04-09,2024,9,4,16:00:00,146,126,39
2024-04-09,2024,9,4,17:00:00,84,70,33
2024-04-09,2024,9,4,18:00:00,81,76,25
2024-04-09,2024,9,4,19:00:00,5,0,0
2024-04-10,2024,10,4,08:00:00,11,0,0
2024-04-10,2024,10,4,09:00:00,91,38,14
2024-04-10,2024,10,4,10:00:00,143,109,15
2024-04-10,2024,10,4,11:00:00,191,177,10
2024-04-10,2024,10,4,12:00:00,104,128,14
2024-04-10,2024,10,4,13:00:00,75,72,20
2024-04-10,2024,10,4,14:00:00,181,122,19
2024-04-10,2024,10,4,15:00:00,190,155,21
2024-04-10,2024,10,4,16:00:00,170,106,19
2024-04-10,2024,10,4,17:00:00,191,135,17
2024-04-10,2024,10,4,18:00:00,104,167,17
2024-04-10,2024,10,4,19:00:00,4,0,0
2024-04-11,2024,11,4,07:00:00,5,0,0
2024-04-11,2024,11,4,08:00:00,8,0,0
2024-04-11,2024,11,4,09:00:00,66,7,12
2024-04-11,2024,11,4,10:00:00,84,83,20
2024-04-11,2024,11,4,11:00:00,41,65,3
2024-04-11,2024,11,4,12:00:00,37,23,7
2024-04-11,2024,11,4,13:00:00,54,54,16
2024-04-11,2024,11,4,14:00:00,107,68,22
2024-04-11,2024,11,4,15:00:00,112,74,30
2024-04-11,2024,11,4,16:00:00,63,78,24
2024-04-11,2024,11,4,17:00:00,89,86,30
2024-04-11,2024,11,4,18:00:00,47,35,19
2024-04-11,2024,11,4,19:00:00,31,1,0
2024-04-12,2024,12,4,08:00:00,5,0,0
2024-04-12,2024,12,4,09:00:00,41,16,7
2024-04-12,2024,12,4,10:00:00,150,186,21
2024-04-12,2024,12,4,11:00:00,156,121,17
2024-04-12,2024,12,4,12:00:00,47,36,12
2024-04-12,2024,12,4,13:00:00,106,64,20
2024-04-12,2024,12,4,14:00:00,41,55,21
2024-04-12,2024,12,4,15:00:00,35,59,26
2024-04-12,2024,12,4,16:00:00,60,62,29
2024-04-12,2024,12,4,17:00:00,145,120,16
2024-04-12,2024,12,4,18:00:00,75,81,15
2024-04-12,2024,12,4,19:00:00,1,0,0
2024-04-13,2024,13,4,08:00:00,3,0,0
2024-04-13,2024,13,4,09:00:00,94,13,13
2024-04-13,2024,13,4,10:00:00,279,171,18
2024-04-13,2024,13,4,11:00:00,138,130,17
2024-04-13,2024,13,4,12:00:00,117,59,22
2024-04-13,2024,13,4,13:00:00,86,126,19
2024-04-13,2024,13,4,14:00:00,111,89,31
2024-04-13,2024,13,4,15:00:00,212,220,21
2024-04-13,2024,13,4,16:00:00,193,218,24
2024-04-13,2024,13,4,17:00:00,146,129,24
2024-04-13,2024,13,4,18:00:00,87,141,14
2024-04-13,2024,13,4,19:00:00,0,2,0
2024-04-14,2024,14,4,10:00:00,19,0,0
2024-04-14,2024,14,4,11:00:00,1,0,0
2024-04-14,2024,14,4,13:00:00,8,5,0
2024-04-14,2024,14,4,14:00:00,181,148,24
2024-04-14,2024,14,4,15:00:00,259,123,22
2024-04-14,2024,14,4,16:00:00,167,247,15
2024-04-14,2024,14,4,17:00:00,123,213,24
2024-04-14,2024,14,4,18:00:00,2,11,0
2024-04-15,2024,15,4,08:00:00,5,0,0
2024-04-15,2024,15,4,09:00:00,10,0,0
2024-04-15,2024,15,4,10:00:00,9,0,0
2024-04-15,2024,15,4,11:00:00,5,0,0
2024-04-15,2024,15,4,13:00:00,3,0,0
2024-04-15,2024,15,4,14:00:00,3,0,0
2024-04-15,2024,15,4,15:00:00,15,0,0
2024-04-15,2024,15,4,16:00:00,8,0,0
2024-04-15,2024,15,4,17:00:00,4,0,0
2024-04-15,2024,15,4,19:00:00,1,0,0
2024-04-16,2024,16,4,08:00:00,12,0,0
2024-04-16,2024,16,4,09:00:00,96,14,21
2024-04-16,2024,16,4,10:00:00,177,93,34
2024-04-16,2024,16,4,11:00:00,123,290,18
2024-04-16,2024,16,4,12:00:00,108,86,28
2024-04-16,2024,16,4,13:00:00,73,70,24
2024-04-16,2024,16,4,14:00:00,105,81,28
2024-04-16,2024,16,4,15:00:00,159,177,46
2024-04-16,2024,16,4,16:00:00,161,135,23
2024-04-16,2024,16,4,17:00:00,317,300,25
2024-04-16,2024,16,4,18:00:00,79,109,18
2024-04-16,2024,16,4,19:00:00,1,0,0
2024-04-17,2024,17,4,06:00:00,9,0,0
2024-04-17,2024,17,4,08:00:00,30,0,0
2024-04-17,2024,17,4,09:00:00,313,249,10
2024-04-17,2024,17,4,10:00:00,448,204,20
2024-04-17,2024,17,4,11:00:00,704,523,21
2024-04-17,2024,17,4,12:00:00,150,211,25
2024-04-17,2024,17,4,13:00:00,189,151,34
2024-04-17,2024,17,4,14:00:00,107,157,32
2024-04-17,2024,17,4,15:00:00,270,240,42
2024-04-17,2024,17,4,16:00:00,438,315,44
2024-04-17,2024,17,4,17:00:00,150,212,29
2024-04-17,2024,17,4,18:00:00,106,152,13
2024-04-17,2024,17,4,19:00:00,4,6,0
2024-04-17,2024,17,4,20:00:00,2,0,0
2024-04-18,2024,18,4,07:00:00,1,0,0
2024-04-18,2024,18,4,08:00:00,4,0,0
2024-04-18,2024,18,4,09:00:00,48,11,10
2024-04-18,2024,18,4,10:00:00,69,66,23
2024-04-18,2024,18,4,11:00:00,75,50,14
2024-04-18,2024,18,4,12:00:00,93,99,21
2024-04-18,2024,18,4,13:00:00,93,41,14
2024-04-18,2024,18,4,14:00:00,172,73,17
2024-04-18,2024,18,4,15:00:00,71,75,26
2024-04-18,2024,18,4,16:00:00,94,64,31
2024-04-18,2024,18,4,17:00:00,476,380,36
2024-04-18,2024,18,4,18:00:00,91,100,27
2024-04-18,2024,18,4,19:00:00,1,1,0
2024-04-18,2024,18,4,21:00:00,2,0,0
2024-04-19,2024,19,4,07:00:00,20,0,0
2024-04-19,2024,19,4,08:00:00,4,0,0
2024-04-19,2024,19,4,09:00:00,149,72,7
2024-04-19,2024,19,4,10:00:00,70,76,20
2024-04-19,2024,19,4,11:00:00,54,127,30
2024-04-19,2024,19,4,12:00:00,311,168,10
2024-04-19,2024,19,4,13:00:00,137,102,10
2024-04-19,2024,19,4,14:00:00,105,158,17
2024-04-19,2024,19,4,15:00:00,103,51,30
2024-04-19,2024,19,4,16:00:00,137,91,26
2024-04-19,2024,19,4,17:00:00,173,169,34
2024-04-19,2024,19,4,18:00:00,116,198,18
2024-04-19,2024,19,4,19:00:00,28,6,0
2024-04-20,2024,20,4,07:00:00,5,0,0
2024-04-20,2024,20,4,08:00:00,17,0,0
2024-04-20,2024,20,4,09:00:00,245,82,14
2024-04-20,2024,20,4,10:00:00,311,264,26
2024-04-20,2024,20,4,11:00:00,190,286,18
2024-04-20,2024,20,4,12:00:00,108,232,12
2024-04-20,2024,20,4,13:00:00,193,126,24
2024-04-20,2024,20,4,14:00:00,503,407,20
2024-04-20,2024,20,4,15:00:00,322,457,23
2024-04-20,2024,20,4,16:00:00,296,370,14
2024-04-20,2024,20,4,17:00:00,263,300,21
2024-04-20,2024,20,4,18:00:00,50,162,8
2024-04-20,2024,20,4,19:00:00,12,0,0
2024-04-21,2024,21,4,09:00:00,24,0,0
2024-04-21,2024,21,4,11:00:00,19,0,0
2024-04-21,2024,21,4,13:00:00,2,0,0
2024-04-21,2024,21,4,14:00:00,21,0,0
2024-04-21,2024,21,4,15:00:00,9,0,0
2024-04-21,2024,21,4,16:00:00,35,0,0
2024-04-21,2024,21,4,17:00:00,8,0,0
2024-04-21,2024,21,4,19:00:00,10,0,0
2024-04-22,2024,22,4,07:00:00,1,0,0
2024-04-22,2024,22,4,08:00:00,3,0,0
2024-04-22,2024,22,4,09:00:00,6,0,0
2024-04-22,2024,22,4,10:00:00,4,0,0
2024-04-22,2024,22,4,11:00:00,20,0,0
2024-04-22,2024,22,4,12:00:00,26,0,0
2024-04-22,2024,22,4,13:00:00,12,0,0
2024-04-22,2024,22,4,14:00:00,9,0,0
2024-04-22,2024,22,4,15:00:00,34,0,0
2024-04-22,2024,22,4,16:00:00,33,0,0
2024-04-22,2024,22,4,17:00:00,12,0,0
2024-04-22,2024,22,4,18:00:00,12,0,0
2024-04-23,2024,23,4,06:00:00,2,0,0
2024-04-23,2024,23,4,08:00:00,1,0,0
2024-04-23,2024,23,4,09:00:00,223,89,22
2024-04-23,2024,23,4,10:00:00,278,213,30
2024-04-23,2024,23,4,11:00:00,283,245,27
2024-04-23,2024,23,4,12:00:00,123,138,27
2024-04-23,2024,23,4,13:00:00,246,199,30
2024-04-23,2024,23,4,14:00:00,539,371,32
2024-04-23,2024,23,4,15:00:00,283,320,48
2024-04-23,2024,23,4,16:00:00,260,692,35
2024-04-23,2024,23,4,17:00:00,194,456,34
2024-04-23,2024,23,4,18:00:00,24,13,0
2024-04-24,2024,24,4,09:00:00,19,16,13
2024-04-24,2024,24,4,10:00:00,152,103,28
2024-04-24,2024,24,4,11:00:00,230,192,26
2024-04-24,2024,24,4,12:00:00,110,165,22
2024-04-24,2024,24,4,13:00:00,212,104,17
2024-04-24,2024,24,4,14:00:00,223,139,27
2024-04-24,2024,24,4,15:00:00,222,295,31
2024-04-24,2024,24,4,16:00:00,212,385,27
2024-04-24,2024,24,4,17:00:00,150,322,29
2024-04-24,2024,24,4,18:00:00,14,3,0
2024-04-24,2024,24,4,19:00:00,5,0,0
2024-04-25,2024,25,4,08:00:00,17,0,0
2024-04-25,2024,25,4,09:00:00,22,95,18
2024-04-25,2024,25,4,10:00:00,93,87,23
2024-04-25,2024,25,4,11:00:00,126,234,14
2024-04-25,2024,25,4,12:00:00,100,100,26
2024-04-25,2024,25,4,13:00:00,168,130,18
2024-04-25,2024,25,4,14:00:00,199,131,30
2024-04-25,2024,25,4,15:00:00,66,135,36
2024-04-25,2024,25,4,16:00:00,137,219,25
2024-04-25,2024,25,4,17:00:00,117,301,27
2024-04-25,2024,25,4,18:00:00,44,6,0
2024-04-26,2024,26,4,00:00:00,2,0,0
2024-04-26,2024,26,4,07:00:00,2,0,0
2024-04-26,2024,26,4,08:00:00,1,0,0
2024-04-26,2024,26,4,09:00:00,11,43,12
2024-04-26,2024,26,4,10:00:00,83,93,16
2024-04-26,2024,26,4,11:00:00,74,114,19
2024-04-26,2024,26,4,12:00:00,78,58,19
2024-04-26,2024,26,4,13:00:00,147,122,16
2024-04-26,2024,26,4,14:00:00,81,68,37
2024-04-26,2024,26,4,15:00:00,169,167,37
2024-04-26,2024,26,4,16:00:00,201,160,24
2024-04-26,2024,26,4,17:00:00,172,275,28
2024-04-26,2024,26,4,18:00:00,35,12,0
2024-04-26,2024,26,4,19:00:00,3,0,0
2024-04-26,2024,26,4,20:00:00,1,0,0
2024-04-27,2024,27,4,08:00:00,3,0,0
2024-04-27,2024,27,4,09:00:00,15,11,11
2024-04-27,2024,27,4,10:00:00,116,158,15
2024-04-27,2024,27,4,11:00:00,211,178,26
2024-04-27,2024,27,4,12:00:00,90,166,24
2024-04-27,2024,27,4,13:00:00,85,87,20
2024-04-27,2024,27,4,14:00:00,169,221,30
2024-04-27,2024,27,4,15:00:00,292,309,39
2024-04-27,2024,27,4,16:00:00,261,357,33
2024-04-27,2024,27,4,17:00:00,194,364,25
2024-04-27,2024,27,4,18:00:00,4,18,0
2024-04-27,2024,27,4,19:00:00,1,0,0
2024-04-28,2024,28,4,09:00:00,6,0,0
2024-04-28,2024,28,4,11:00:00,4,0,0
2024-04-28,2024,28,4,13:00:00,3,0,0
2024-04-28,2024,28,4,14:00:00,10,0,0
2024-04-28,2024,28,4,15:00:00,32,0,0
2024-04-28,2024,28,4,16:00:00,36,0,0
2024-04-28,2024,28,4,17:00:00,3,0,0
2024-04-28,2024,28,4,18:00:00,1,0,0
2024-04-28,2024,28,4,19:00:00,18,0,0
2024-04-29,2024,29,4,08:00:00,5,0,0
2024-04-29,2024,29,4,11:00:00,4,0,0
2024-04-29,2024,29,4,12:00:00,1,0,0
2024-04-29,2024,29,4,13:00:00,19,0,0
2024-04-29,2024,29,4,14:00:00,23,0,0
2024-04-29,2024,29,4,15:00:00,63,0,0
2024-04-29,2024,29,4,16:00:00,4,0,0
2024-04-29,2024,29,4,17:00:00,16,0,0
2024-04-29,2024,29,4,18:00:00,4,0,0
2024-04-30,2024,30,4,07:00:00,4,0,0
2024-04-30,2024,30,4,08:00:00,3,0,0
2024-04-30,2024,30,4,09:00:00,36,15,22
2024-04-30,2024,30,4,10:00:00,147,147,25
2024-04-30,2024,30,4,11:00:00,130,169,29
2024-04-30,2024,30,4,12:00:00,76,145,37
2024-04-30,2024,30,4,13:00:00,108,133,21
2024-04-30,2024,30,4,14:00:00,167,173,22
2024-04-30,2024,30,4,15:00:00,218,224,22
2024-04-30,2024,30,4,16:00:00,186,299,39
2024-04-30,2024,30,4,17:00:00,129,257,33
2024-04-30,2024,30,4,18:00:00,20,8,0
2024-05-01,2024,1,5,10:00:00,4,0,0
2024-05-01,2024,1,5,11:00:00,19,0,0
2024-05-01,2024,1,5,13:00:00,9,0,0
2024-05-01,2024,1,5,14:00:00,1,0,0
2024-05-01,2024,1,5,15:00:00,9,0,0
2024-05-01,2024,1,5,17:00:00,4,0,0
2024-05-02,2024,2,5,08:00:00,15,0,0
2024-05-02,2024,2,5,09:00:00,46,21,22
2024-05-02,2024,2,5,10:00:00,111,69,18
2024-05-02,2024,2,5,11:00:00,76,99,27
2024-05-02,2024,2,5,12:00:00,55,130,26
2024-05-02,2024,2,5,13:00:00,84,67,14
2024-05-02,2024,2,5,14:00:00,212,160,44
2024-05-02,2024,2,5,15:00:00,189,210,31
2024-05-02,2024,2,5,16:00:00,219,210,36
2024-05-02,2024,2,5,17:00:00,136,219,19
2024-05-02,2024,2,5,18:00:00,7,9,0
2024-05-03,2024,3,5,06:00:00,6,0,0
2024-05-03,2024,3,5,08:00:00,1,0,0
2024-05-03,2024,3,5,09:00:00,30,13,16
2024-05-03,2024,3,5,10:00:00,92,52,21
2024-05-03,2024,3,5,11:00:00,109,111,20
2024-05-03,2024,3,5,12:00:00,80,130,22
2024-05-03,2024,3,5,13:00:00,68,62,14
2024-05-03,2024,3,5,14:00:00,158,161,32
2024-05-03,2024,3,5,15:00:00,210,256,35
2024-05-03,2024,3,5,16:00:00,243,164,39
2024-05-03,2024,3,5,17:00:00,158,249,25
2024-05-03,2024,3,5,18:00:00,8,15,0
2024-05-04,2024,4,5,08:00:00,20,0,0
2024-05-04,2024,4,5,09:00:00,83,25,12
2024-05-04,2024,4,5,10:00:00,167,129,14
2024-05-04,2024,4,5,11:00:00,119,142,27
2024-05-04,2024,4,5,12:00:00,104,145,18
2024-05-04,2024,4,5,13:00:00,118,111,18
2024-05-04,2024,4,5,14:00:00,220,209,34
2024-05-04,2024,4,5,15:00:00,309,237,34
2024-05-04,2024,4,5,16:00:00,278,434,49
2024-05-04,2024,4,5,17:00:00,246,403,35
2024-05-04,2024,4,5,18:00:00,22,7,0
2024-05-04,2024,4,5,22:00:00,5,0,0
2024-05-05,2024,5,5,09:00:00,11,0,0
2024-05-05,2024,5,5,10:00:00,18,0,0
2024-05-05,2024,5,5,11:00:00,8,0,0
2024-05-05,2024,5,5,12:00:00,10,0,0
2024-05-05,2024,5,5,13:00:00,2,0,0
2024-05-05,2024,5,5,14:00:00,15,0,0
2024-05-05,2024,5,5,15:00:00,20,0,0
2024-05-05,2024,5,5,16:00:00,25,0,0
2024-05-05,2024,5,5,17:00:00,37,0,0
2024-05-05,2024,5,5,19:00:00,8,0,0
2024-05-06,2024,6,5,06:00:00,4,0,0
2024-05-06,2024,6,5,07:00:00,7,0,0
2024-05-06,2024,6,5,08:00:00,8,0,0
2024-05-06,2024,6,5,09:00:00,7,0,0
2024-05-06,2024,6,5,11:00:00,4,0,0
2024-05-06,2024,6,5,12:00:00,12,0,0
2024-05-06,2024,6,5,13:00:00,4,0,0
2024-05-06,2024,6,5,15:00:00,15,0,0
2024-05-06,2024,6,5,16:00:00,6,0,0
2024-05-06,2024,6,5,17:00:00,15,0,0
2024-05-06,2024,6,5,18:00:00,2,0,0
2024-05-07,2024,7,5,06:00:00,2,0,0
2024-05-07,2024,7,5,08:00:00,33,0,0
2024-05-07,2024,7,5,09:00:00,58,16,23
2024-05-07,2024,7,5,10:00:00,204,89,19
2024-05-07,2024,7,5,11:00:00,110,123,13
2024-05-07,2024,7,5,12:00:00,84,96,29
2024-05-07,2024,7,5,13:00:00,138,85,30
2024-05-07,2024,7,5,14:00:00,176,183,30
2024-05-07,2024,7,5,15:00:00,141,169,33
2024-05-07,2024,7,5,16:00:00,209,231,26
2024-05-07,2024,7,5,17:00:00,112,149,18
2024-05-07,2024,7,5,18:00:00,119,75,18
2024-05-07,2024,7,5,19:00:00,0,9,0
2024-05-08,2024,8,5,09:00:00,2,0,0
2024-05-08,2024,8,5,11:00:00,8,0,0
2024-05-08,2024,8,5,13:00:00,20,0,0
2024-05-08,2024,8,5,14:00:00,6,0,0
2024-05-08,2024,8,5,15:00:00,25,0,0
2024-05-08,2024,8,5,16:00:00,15,0,0
2024-05-08,2024,8,5,17:00:00,10,0,0
2024-05-08,2024,8,5,19:00:00,1,0,0
2024-05-08,2024,8,5,21:00:00,1,0,0
2024-05-09,2024,9,5,09:00:00,6,0,0
2024-05-09,2024,9,5,10:00:00,4,0,0
2024-05-09,2024,9,5,11:00:00,3,0,0
2024-05-09,2024,9,5,12:00:00,1,0,0
2024-05-09,2024,9,5,13:00:00,3,0,0
2024-05-09,2024,9,5,14:00:00,15,0,0
2024-05-09,2024,9,5,16:00:00,6,0,0
2024-05-09,2024,9,5,22:00:00,1,0,0
2024-05-10,2024,10,5,07:00:00,6,0,0
2024-05-10,2024,10,5,08:00:00,6,0,0
2024-05-10,2024,10,5,09:00:00,83,59,15
2024-05-10,2024,10,5,10:00:00,158,154,27
2024-05-10,2024,10,5,11:00:00,214,211,28
2024-05-10,2024,10,5,12:00:00,102,117,25
2024-05-10,2024,10,5,13:00:00,176,118,27
2024-05-10,2024,10,5,14:00:00,335,235,29
2024-05-10,2024,10,5,15:00:00,218,257,37
2024-05-10,2024,10,5,16:00:00,164,266,30
2024-05-10,2024,10,5,17:00:00,152,103,20
2024-05-10,2024,10,5,18:00:00,60,122,18
2024-05-10,2024,10,5,19:00:00,8,0,0
2024-05-11,2024,11,5,08:00:00,2,0,0
2024-05-11,2024,11,5,09:00:00,9,16,14
2024-05-11,2024,11,5,10:00:00,198,135,15
2024-05-11,2024,11,5,11:00:00,179,215,23
2024-05-11,2024,11,5,12:00:00,70,39,9
2024-05-11,2024,11,5,13:00:00,79,77,28
2024-05-11,2024,11,5,14:00:00,109,132,18
2024-05-11,2024,11,5,15:00:00,181,190,22
2024-05-11,2024,11,5,16:00:00,180,154,29
2024-05-11,2024,11,5,17:00:00,147,165,26
2024-05-11,2024,11,5,18:00:00,61,81,13
2024-05-11,2024,11,5,19:00:00,2,0,0
2024-05-12,2024,12,5,07:00:00,7,0,0
2024-05-12,2024,12,5,08:00:00,1,0,0
2024-05-12,2024,12,5,10:00:00,7,0,0
2024-05-12,2024,12,5,11:00:00,5,0,0
2024-05-12,2024,12,5,13:00:00,14,1,0
2024-05-12,2024,12,5,14:00:00,113,63,14
2024-05-12,2024,12,5,15:00:00,213,161,15
2024-05-12,2024,12,5,16:00:00,146,201,13
2024-05-12,2024,12,5,17:00:00,95,215,16
2024-05-12,2024,12,5,18:00:00,9,2,0
2024-05-12,2024,12,5,19:00:00,1,0,0
2024-05-13,2024,13,5,07:00:00,1,0,0
2024-05-13,2024,13,5,09:00:00,17,0,0
2024-05-13,2024,13,5,10:00:00,10,0,0
2024-05-13,2024,13,5,12:00:00,4,0,0
2024-05-13,2024,13,5,13:00:00,2,0,0
2024-05-13,2024,13,5,14:00:00,19,3,0
2024-05-13,2024,13,5,15:00:00,1,0,0
2024-05-13,2024,13,5,16:00:00,21,0,0
2024-05-13,2024,13,5,17:00:00,22,0,0
2024-05-13,2024,13,5,18:00:00,4,0,0
2024-05-14,2024,14,5,08:00:00,1,0,0
2024-05-14,2024,14,5,09:00:00,63,15,27
2024-05-14,2024,14,5,10:00:00,174,162,22
2024-05-14,2024,14,5,11:00:00,158,111,27
2024-05-14,2024,14,5,12:00:00,157,91,13
2024-05-14,2024,14,5,13:00:00,104,82,23
2024-05-14,2024,14,5,14:00:00,171,115,24
2024-05-14,2024,14,5,15:00:00,94,97,22
2024-05-14,2024,14,5,16:00:00,97,129,24
2024-05-14,2024,14,5,17:00:00,135,83,28
2024-05-14,2024,14,5,18:00:00,52,62,15
2024-05-14,2024,14,5,19:00:00,8,15,0
2024-05-14,2024,14,5,22:00:00,2,0,0
2024-05-15,2024,15,5,08:00:00,4,0,0
2024-05-15,2024,15,5,09:00:00,87,61,20
2024-05-15,2024,15,5,10:00:00,286,157,20
2024-05-15,2024,15,5,11:00:00,199,368,27
2024-05-15,2024,15,5,12:00:00,121,95,27
2024-05-15,2024,15,5,13:00:00,162,119,17
2024-05-15,2024,15,5,14:00:00,245,134,34
2024-05-15,2024,15,5,15:00:00,289,266,26
2024-05-15,2024,15,5,16:00:00,280,303,34
2024-05-15,2024,15,5,17:00:00,265,340,24
2024-05-15,2024,15,5,18:00:00,153,195,22
2024-05-16,2024,16,5,08:00:00,3,0,0
2024-05-16,2024,16,5,09:00:00,16,10,18
2024-05-16,2024,16,5,10:00:00,58,49,15
2024-05-16,2024,16,5,11:00:00,85,89,12
2024-05-16,2024,16,5,12:00:00,89,83,16
2024-05-16,2024,16,5,13:00:00,42,33,23
2024-05-16,2024,16,5,14:00:00,59,34,17
2024-05-16,2024,16,5,15:00:00,50,74,20
2024-05-16,2024,16,5,16:00:00,27,47,19
2024-05-16,2024,16,5,17:00:00,122,92,24
2024-05-16,2024,16,5,18:00:00,33,46,24
2024-05-17,2024,17,5,07:00:00,7,0,0
2024-05-17,2024,17,5,08:00:00,21,0,1
2024-05-17,2024,17,5,09:00:00,85,14,15
2024-05-17,2024,17,5,10:00:00,67,61,21
2024-05-17,2024,17,5,11:00:00,91,86,20
2024-05-17,2024,17,5,12:00:00,127,63,15
2024-05-17,2024,17,5,13:00:00,86,200,19
2024-05-17,2024,17,5,14:00:00,63,78,19
2024-05-17,2024,17,5,15:00:00,85,63,26
2024-05-17,2024,17,5,16:00:00,45,105,16
2024-05-17,2024,17,5,17:00:00,159,119,23
2024-05-17,2024,17,5,18:00:00,109,132,10
2024-05-17,2024,17,5,19:00:00,8,0,0
2024-05-18,2024,18,5,08:00:00,14,0,0
2024-05-18,2024,18,5,09:00:00,56,24,19
2024-05-18,2024,18,5,10:00:00,171,171,11
2024-05-18,2024,18,5,11:00:00,214,185,19
2024-05-18,2024,18,5,12:00:00,63,175,16
2024-05-18,2024,18,5,13:00:00,161,157,18
2024-05-18,2024,18,5,14:00:00,141,81,30
2024-05-18,2024,18,5,15:00:00,384,294,17
2024-05-18,2024,18,5,16:00:00,291,276,28
2024-05-18,2024,18,5,17:00:00,200,314,21
2024-05-18,2024,18,5,18:00:00,65,129,12
2024-05-18,2024,18,5,19:00:00,1,0,0
2024-05-18,2024,18,5,20:00:00,14,0,0
2024-05-19,2024,19,5,08:00:00,10,0,0
2024-05-19,2024,19,5,09:00:00,1,0,0
2024-05-19,2024,19,5,10:00:00,2,0,0
2024-05-19,2024,19,5,11:00:00,6,0,0
2024-05-19,2024,19,5,12:00:00,10,0,0
2024-05-19,2024,19,5,13:00:00,1,4,0
2024-05-19,2024,19,5,14:00:00,107,97,15
2024-05-19,2024,19,5,15:00:00,115,93,19
2024-05-19,2024,19,5,16:00:00,184,217,11
2024-05-19,2024,19,5,17:00:00,79,215,14
2024-05-19,2024,19,5,18:00:00,24,4,0
2024-05-20,2024,20,5,10:00:00,25,0,0
2024-05-20,2024,20,5,11:00:00,10,0,0
2024-05-20,2024,20,5,12:00:00,22,0,0
2024-05-20,2024,20,5,13:00:00,15,0,0
2024-05-20,2024,20,5,14:00:00,3,0,0
2024-05-20,2024,20,5,15:00:00,1,0,0
2024-05-20,2024,20,5,16:00:00,22,0,0
2024-05-20,2024,20,5,18:00:00,7,0,0
2024-05-20,2024,20,5,20:00:00,18,0,0
2024-05-20,2024,20,5,21:00:00,1,0,0
2024-05-21,2024,21,5,07:00:00,2,0,0
2024-05-21,2024,21,5,08:00:00,11,0,0
2024-05-21,2024,21,5,09:00:00,17,14,25
2024-05-21,2024,21,5,10:00:00,112,42,16
2024-05-21,2024,21,5,11:00:00,50,76,26
2024-05-21,2024,21,5,12:00:00,83,115,19
2024-05-21,2024,21,5,13:00:00,123,97,17
2024-05-21,2024,21,5,14:00:00,109,101,28
2024-05-21,2024,21,5,15:00:00,125,116,30
2024-05-21,2024,21,5,16:00:00,71,127,27
2024-05-21,2024,21,5,17:00:00,92,117,32
2024-05-21,2024,21,5,18:00:00,62,65,12
2024-05-21,2024,21,5,19:00:00,7,0,0
2024-05-21,2024,21,5,20:00:00,2,0,0
2024-05-22,2024,22,5,06:00:00,5,0,0
2024-05-22,2024,22,5,08:00:00,9,0,0
2024-05-22,2024,22,5,09:00:00,92,68,15
2024-05-22,2024,22,5,10:00:00,171,114,25
2024-05-22,2024,22,5,11:00:00,147,161,24
2024-05-22,2024,22,5,12:00:00,106,138,23
2024-05-22,2024,22,5,13:00:00,127,140,16
2024-05-22,2024,22,5,14:00:00,157,121,29
2024-05-22,2024,22,5,15:00:00,223,215,37
2024-05-22,2024,22,5,16:00:00,182,212,31
2024-05-22,2024,22,5,17:00:00,182,180,27
2024-05-22,2024,22,5,18:00:00,112,104,26
2024-05-22,2024,22,5,19:00:00,3,0,0
2024-05-22,2024,22,5,22:00:00,5,0,0
2024-05-23,2024,23,5,07:00:00,1,0,0
2024-05-23,2024,23,5,08:00:00,25,0,0
2024-05-23,2024,23,5,09:00:00,33,19,16
2024-05-23,2024,23,5,10:00:00,121,40,12
2024-05-23,2024,23,5,11:00:00,18,41,19
2024-05-23,2024,23,5,12:00:00,66,35,18
2024-05-23,2024,23,5,13:00:00,102,66,22
2024-05-23,2024,23,5,14:00:00,43,47,12
2024-05-23,2024,23,5,15:00:00,45,53,31
2024-05-23,2024,23,5,16:00:00,32,26,21
2024-05-23,2024,23,5,17:00:00,49,44,22
2024-05-23,2024,23,5,18:00:00,23,87,10
2024-05-23,2024,23,5,19:00:00,2,0,0
2024-05-23,2024,23,5,20:00:00,14,0,0
2024-05-24,2024,24,5,00:00:00,8,0,0
2024-05-24,2024,24,5,08:00:00,8,0,0
2024-05-24,2024,24,5,09:00:00,39,11,14
2024-05-24,2024,24,5,10:00:00,80,95,17
2024-05-24,2024,24,5,11:00:00,80,59,17
2024-05-24,2024,24,5,12:00:00,97,65,12
2024-05-24,2024,24,5,13:00:00,72,43,20
2024-05-24,2024,24,5,14:00:00,68,64,16
2024-05-24,2024,24,5,15:00:00,97,80,24
2024-05-24,2024,24,5,16:00:00,77,69,20
2024-05-24,2024,24,5,17:00:00,101,177,16
2024-05-24,2024,24,5,18:00:00,71,131,9
2024-05-24,2024,24,5,19:00:00,2,1,0
2024-05-24,2024,24,5,21:00:00,1,0,0
2024-05-25,2024,25,5,08:00:00,7,0,0
2024-05-25,2024,25,5,09:00:00,38,9,16
2024-05-25,2024,25,5,10:00:00,156,65,14
2024-05-25,2024,25,5,11:00:00,140,201,26
2024-05-25,2024,25,5,12:00:00,73,104,21
2024-05-25,2024,25,5,13:00:00,91,90,20
2024-05-25,2024,25,5,14:00:00,231,175,31
2024-05-25,2024,25,5,15:00:00,248,247,26
2024-05-25,2024,25,5,16:00:00,106,146,19
2024-05-25,2024,25,5,17:00:00,129,231,25
2024-05-25,2024,25,5,18:00:00,56,138,11
2024-05-25,2024,25,5,21:00:00,5,0,0
2024-05-26,2024,26,5,09:00:00,3,0,0
2024-05-26,2024,26,5,10:00:00,10,0,0
2024-05-26,2024,26,5,11:00:00,17,0,0
2024-05-26,2024,26,5,13:00:00,3,0,0
2024-05-26,2024,26,5,14:00:00,277,138,14
2024-05-26,2024,26,5,15:00:00,211,325,27
2024-05-26,2024,26,5,16:00:00,237,229,27
2024-05-26,2024,26,5,17:00:00,107,279,29
2024-05-26,2024,26,5,18:00:00,41,0,0
2024-05-26,2024,26,5,19:00:00,15,0,0
2024-05-27,2024,27,5,08:00:00,7,0,0
2024-05-27,2024,27,5,09:00:00,5,0,0
2024-05-27,2024,27,5,10:00:00,15,0,0
2024-05-27,2024,27,5,12:00:00,4,0,0
2024-05-27,2024,27,5,14:00:00,15,0,0
2024-05-27,2024,27,5,16:00:00,15,0,0
2024-05-27,2024,27,5,18:00:00,4,0,0
2024-05-27,2024,27,5,19:00:00,1,0,0
2024-05-27,2024,27,5,20:00:00,9,0,0
2024-05-27,2024,27,5,21:00:00,2,0,0
2024-05-27,2024,27,5,22:00:00,1,0,0
2024-05-28,2024,28,5,07:00:00,7,0,0
2024-05-28,2024,28,5,08:00:00,12,0,0
2024-05-28,2024,28,5,09:00:00,75,25,31
2024-05-28,2024,28,5,10:00:00,151,83,25
2024-05-28,2024,28,5,11:00:00,93,119,34
2024-05-28,2024,28,5,12:00:00,101,59,18
2024-05-28,2024,28,5,13:00:00,148,133,17
2024-05-28,2024,28,5,14:00:00,85,87,19
2024-05-28,2024,28,5,15:00:00,78,51,39
2024-05-28,2024,28,5,16:00:00,103,68,31
2024-05-28,2024,28,5,17:00:00,132,170,22
2024-05-28,2024,28,5,18:00:00,39,72,16
2024-05-28,2024,28,5,19:00:00,1,0,0
2024-05-28,2024,28,5,20:00:00,9,0,0
2024-05-29,2024,29,5,08:00:00,32,0,0
2024-05-29,2024,29,5,09:00:00,103,11,11
2024-05-29,2024,29,5,10:00:00,174,166,25
2024-05-29,2024,29,5,11:00:00,215,199,26
2024-05-29,2024,29,5,12:00:00,174,166,17
2024-05-29,2024,29,5,13:00:00,108,150,35
2024-05-29,2024,29,5,14:00:00,226,180,40
2024-05-29,2024,29,5,15:00:00,178,130,48
2024-05-29,2024,29,5,16:00:00,182,195,38
2024-05-29,2024,29,5,17:00:00,177,230,29
2024-05-29,2024,29,5,18:00:00,99,123,14
2024-05-29,2024,29,5,19:00:00,9,8,0
2024-05-29,2024,29,5,21:00:00,9,0,0
2024-05-30,2024,30,5,07:00:00,1,0,0
2024-05-30,2024,30,5,08:00:00,1,0,0
2024-05-30,2024,30,5,09:00:00,48,9,18
2024-05-30,2024,30,5,10:00:00,72,53,17
2024-05-30,2024,30,5,11:00:00,36,81,18
2024-05-30,2024,30,5,12:00:00,87,79,10
2024-05-30,2024,30,5,13:00:00,60,17,19
2024-05-30,2024,30,5,14:00:00,15,12,22
2024-05-30,2024,30,5,15:00:00,71,44,38
2024-05-30,2024,30,5,16:00:00,63,57,21
2024-05-30,2024,30,5,17:00:00,91,112,21
2024-05-30,2024,30,5,18:00:00,3,47,15
2024-05-30,2024,30,5,19:00:00,3,0,0
2024-05-31,2024,31,5,07:00:00,15,0,0
2024-05-31,2024,31,5,08:00:00,6,0,0
2024-05-31,2024,31,5,09:00:00,57,6,20
2024-05-31,2024,31,5,10:00:00,74,55,18
2024-05-31,2024,31,5,11:00:00,46,34,22
2024-05-31,2024,31,5,12:00:00,60,51,23
2024-05-31,2024,31,5,13:00:00,78,72,22
2024-05-31,2024,31,5,14:00:00,61,91,19
2024-05-31,2024,31,5,15:00:00,60,80,29
2024-05-31,2024,31,5,16:00:00,121,93,33
2024-05-31,2024,31,5,17:00:00,67,102,16
2024-05-31,2024,31,5,18:00:00,69,132,8
2024-05-31,2024,31,5,19:00:00,8,10,0
2024-06-01,2024,1,6,08:00:00,8,0,0
2024-06-01,2024,1,6,09:00:00,20,8,11
2024-06-01,2024,1,6,10:00:00,210,108,33
2024-06-01,2024,1,6,11:00:00,118,110,11
2024-06-01,2024,1,6,12:00:00,220,246,23
2024-06-01,2024,1,6,13:00:00,78,58,22
2024-06-01,2024,1,6,14:00:00,203,142,30
2024-06-01,2024,1,6,15:00:00,309,302,40
2024-06-01,2024,1,6,16:00:00,252,222,39
2024-06-01,2024,1,6,17:00:00,184,300,17
2024-06-01,2024,1,6,18:00:00,69,212,20
2024-06-01,2024,1,6,20:00:00,3,0,0
2024-06-02,2024,2,6,08:00:00,1,0,0
2024-06-02,2024,2,6,09:00:00,1,0,0
2024-06-02,2024,2,6,10:00:00,2,0,0
2024-06-02,2024,2,6,11:00:00,18,0,0
2024-06-02,2024,2,6,12:00:00,1,0,0
2024-06-02,2024,2,6,13:00:00,1,0,0
2024-06-02,2024,2,6,14:00:00,121,98,37
2024-06-02,2024,2,6,15:00:00,203,202,36
2024-06-02,2024,2,6,16:00:00,264,206,35
2024-06-02,2024,2,6,17:00:00,129,282,16
2024-06-02,2024,2,6,18:00:00,19,2,0
2024-06-02,2024,2,6,19:00:00,1,0,0
2024-06-02,2024,2,6,20:00:00,11,0,0
2024-06-02,2024,2,6,21:00:00,1,0,0
2024-06-03,2024,3,6,08:00:00,12,0,0
2024-06-03,2024,3,6,09:00:00,11,0,0
2024-06-03,2024,3,6,10:00:00,3,0,0
2024-06-03,2024,3,6,11:00:00,3,0,0
2024-06-03,2024,3,6,12:00:00,9,0,0
2024-06-03,2024,3,6,13:00:00,1,0,0
2024-06-03,2024,3,6,15:00:00,10,0,0
2024-06-03,2024,3,6,16:00:00,8,0,0
2024-06-03,2024,3,6,18:00:00,2,0,0
2024-06-03,2024,3,6,20:00:00,6,0,0
2024-06-04,2024,4,6,06:00:00,3,0,0
2024-06-04,2024,4,6,08:00:00,17,0,0
2024-06-04,2024,4,6,09:00:00,94,6,24
2024-06-04,2024,4,6,10:00:00,140,73,28
2024-06-04,2024,4,6,11:00:00,190,118,25
2024-06-04,2024,4,6,12:00:00,79,56,12
2024-06-04,2024,4,6,13:00:00,131,82,13
2024-06-04,2024,4,6,14:00:00,114,44,36
2024-06-04,2024,4,6,15:00:00,230,106,34
2024-06-04,2024,4,6,16:00:00,321,119,26
2024-06-04,2024,4,6,17:00:00,208,74,25
2024-06-04,2024,4,6,18:00:00,110,100,18
2024-06-04,2024,4,6,19:00:00,1,8,0
2024-06-05,2024,5,6,06:00:00,3,0,0
2024-06-05,2024,5,6,08:00:00,12,0,0
2024-06-05,2024,5,6,09:00:00,151,9,27
2024-06-05,2024,5,6,10:00:00,217,75,29
2024-06-05,2024,5,6,11:00:00,222,220,17
2024-06-05,2024,5,6,12:00:00,125,124,10
2024-06-05,2024,5,6,13:00:00,217,163,18
2024-06-05,2024,5,6,14:00:00,310,198,33
2024-06-05,2024,5,6,15:00:00,155,246,39
2024-06-05,2024,5,6,16:00:00,175,215,36
2024-06-05,2024,5,6,17:00:00,228,253,22
2024-06-05,2024,5,6,18:00:00,79,150,19
2024-06-05,2024,5,6,19:00:00,0,4,0
2024-06-06,2024,6,6,07:00:00,5,0,0
2024-06-06,2024,6,6,08:00:00,3,0,0
2024-06-06,2024,6,6,09:00:00,35,7,13
2024-06-06,2024,6,6,10:00:00,149,148,20
2024-06-06,2024,6,6,11:00:00,386,180,24
2024-06-06,2024,6,6,12:00:00,247,47,13
2024-06-06,2024,6,6,13:00:00,58,81,12
2024-06-06,2024,6,6,14:00:00,158,71,13
2024-06-06,2024,6,6,15:00:00,105,34,27
2024-06-06,2024,6,6,16:00:00,106,37,16
2024-06-06,2024,6,6,17:00:00,148,46,24
2024-06-06,2024,6,6,18:00:00,51,61,20
2024-06-06,2024,6,6,19:00:00,1,0,0
2024-06-06,2024,6,6,22:00:00,1,0,0
2024-06-07,2024,7,6,06:00:00,4,0,0
2024-06-07,2024,7,6,08:00:00,6,0,0
2024-06-07,2024,7,6,09:00:00,29,13,21
2024-06-07,2024,7,6,10:00:00,94,59,17
2024-06-07,2024,7,6,11:00:00,522,76,20
2024-06-07,2024,7,6,12:00:00,147,55,11
2024-06-07,2024,7,6,13:00:00,58,62,13
2024-06-07,2024,7,6,14:00:00,202,45,24
2024-06-07,2024,7,6,15:00:00,77,88,31
2024-06-07,2024,7,6,16:00:00,67,64,22
2024-06-07,2024,7,6,17:00:00,57,122,22
2024-06-07,2024,7,6,18:00:00,92,77,11
2024-06-07,2024,7,6,19:00:00,1,0,0
2024-06-07,2024,7,6,20:00:00,8,0,0
2024-06-07,2024,7,6,21:00:00,8,0,0
2024-06-08,2024,8,6,09:00:00,22,5,12
2024-06-08,2024,8,6,10:00:00,111,113,21
2024-06-08,2024,8,6,11:00:00,122,106,22
2024-06-08,2024,8,6,12:00:00,120,96,16
2024-06-08,2024,8,6,13:00:00,127,122,23
2024-06-08,2024,8,6,14:00:00,274,190,34
2024-06-08,2024,8,6,15:00:00,186,283,35
2024-06-08,2024,8,6,16:00:00,230,201,25
2024-06-08,2024,8,6,17:00:00,157,265,22
2024-06-08,2024,8,6,18:00:00,107,184,11
2024-06-08,2024,8,6,19:00:00,5,8,0
2024-06-09,2024,9,6,10:00:00,10,0,0
2024-06-09,2024,9,6,11:00:00,7,0,0
2024-06-09,2024,9,6,12:00:00,8,0,0
2024-06-09,2024,9,6,13:00:00,5,0,1
2024-06-09,2024,9,6,14:00:00,133,124,27
2024-06-09,2024,9,6,15:00:00,203,244,23
2024-06-09,2024,9,6,16:00:00,163,253,13
2024-06-09,2024,9,6,17:00:00,104,260,17
2024-06-09,2024,9,6,18:00:00,14,3,0
2024-06-10,2024,10,6,06:00:00,3,0,0
2024-06-10,2024,10,6,08:00:00,5,0,0
2024-06-10,2024,10,6,10:00:00,15,0,0
2024-06-10,2024,10,6,11:00:00,11,0,0
2024-06-10,2024,10,6,12:00:00,5,0,0
2024-06-10,2024,10,6,13:00:00,3,0,0
2024-06-10,2024,10,6,14:00:00,16,0,0
2024-06-10,2024,10,6,15:00:00,9,0,0
2024-06-10,2024,10,6,16:00:00,6,0,0
2024-06-10,2024,10,6,17:00:00,7,0,0
2024-06-10,2024,10,6,18:00:00,1,0,0
2024-06-10,2024,10,6,21:00:00,4,0,0
2024-06-11,2024,11,6,08:00:00,2,0,0
2024-06-11,2024,11,6,09:00:00,55,16,19
2024-06-11,2024,11,6,10:00:00,92,69,32
2024-06-11,2024,11,6,11:00:00,590,78,15
2024-06-11,2024,11,6,12:00:00,64,92,17
2024-06-11,2024,11,6,13:00:00,119,111,20
2024-06-11,2024,11,6,14:00:00,74,129,19
2024-06-11,2024,11,6,15:00:00,170,118,24
2024-06-11,2024,11,6,16:00:00,80,126,33
2024-06-11,2024,11,6,17:00:00,96,68,35
2024-06-11,2024,11,6,18:00:00,50,64,20
2024-06-11,2024,11,6,19:00:00,13,6,0
2024-06-11,2024,11,6,21:00:00,3,0,0
2024-06-12,2024,12,6,08:00:00,6,0,0
2024-06-12,2024,12,6,09:00:00,65,0,14
2024-06-12,2024,12,6,10:00:00,689,0,36
2024-06-12,2024,12,6,11:00:00,306,0,25
2024-06-12,2024,12,6,12:00:00,127,0,24
2024-06-12,2024,12,6,13:00:00,163,0,31
2024-06-12,2024,12,6,14:00:00,246,0,39
2024-06-12,2024,12,6,15:00:00,275,0,42
2024-06-12,2024,12,6,16:00:00,192,0,33
2024-06-12,2024,12,6,17:00:00,88,0,32
2024-06-12,2024,12,6,18:00:00,66,0,12
2024-06-13,2024,13,6,06:00:00,4,0,0
2024-06-13,2024,13,6,07:00:00,14,0,0
2024-06-13,2024,13,6,08:00:00,5,0,0
2024-06-13,2024,13,6,09:00:00,49,1,18
2024-06-13,2024,13,6,10:00:00,473,47,17
2024-06-13,2024,13,6,11:00:00,49,58,24
2024-06-13,2024,13,6,12:00:00,53,60,10
2024-06-13,2024,13,6,13:00:00,38,68,16
2024-06-13,2024,13,6,14:00:00,57,74,23
2024-06-13,2024,13,6,15:00:00,77,41,18
2024-06-13,2024,13,6,16:00:00,313,102,22
2024-06-13,2024,13,6,17:00:00,133,71,23
2024-06-13,2024,13,6,18:00:00,24,26,27
2024-06-13,2024,13,6,19:00:00,3,1,0
2024-06-13,2024,13,6,20:00:00,1,0,0
2024-06-14,2024,14,6,07:00:00,5,0,0
2024-06-14,2024,14,6,08:00:00,12,0,0
2024-06-14,2024,14,6,09:00:00,29,68,22
2024-06-14,2024,14,6,10:00:00,311,113,23
2024-06-14,2024,14,6,11:00:00,332,72,14
2024-06-14,2024,14,6,12:00:00,39,53,7
2024-06-14,2024,14,6,13:00:00,48,55,20
2024-06-14,2024,14,6,14:00:00,33,61,20
2024-06-14,2024,14,6,15:00:00,26,31,29
2024-06-14,2024,14,6,16:00:00,62,64,29
2024-06-14,2024,14,6,17:00:00,79,85,23
2024-06-14,2024,14,6,18:00:00,50,63,8
2024-06-14,2024,14,6,19:00:00,0,2,0
2024-06-14,2024,14,6,20:00:00,8,0,0
2024-06-15,2024,15,6,05:00:00,5,0,0
2024-06-15,2024,15,6,09:00:00,16,22,9
2024-06-15,2024,15,6,10:00:00,102,62,13
2024-06-15,2024,15,6,11:00:00,358,133,16
2024-06-15,2024,15,6,12:00:00,100,129,15
2024-06-15,2024,15,6,13:00:00,89,81,12
2024-06-15,2024,15,6,14:00:00,131,133,27
2024-06-15,2024,15,6,15:00:00,201,199,28
2024-06-15,2024,15,6,16:00:00,160,164,22
2024-06-15,2024,15,6,17:00:00,140,178,13
2024-06-15,2024,15,6,18:00:00,41,99,8
2024-06-15,2024,15,6,19:00:00,6,0,0
2024-06-16,2024,16,6,09:00:00,11,0,0
2024-06-16,2024,16,6,10:00:00,9,0,0
2024-06-16,2024,16,6,11:00:00,4,0,0
2024-06-16,2024,16,6,12:00:00,4,0,0
2024-06-16,2024,16,6,13:00:00,16,0,0
2024-06-16,2024,16,6,14:00:00,172,113,19
2024-06-16,2024,16,6,15:00:00,181,158,14
2024-06-16,2024,16,6,16:00:00,80,148,16
2024-06-16,2024,16,6,17:00:00,124,211,14
2024-06-16,2024,16,6,18:00:00,1,0,0
2024-06-16,2024,16,6,19:00:00,1,0,0
2024-06-17,2024,17,6,08:00:00,5,0,0
2024-06-17,2024,17,6,09:00:00,9,0,0
2024-06-17,2024,17,6,10:00:00,7,0,0
2024-06-17,2024,17,6,11:00:00,6,0,0
2024-06-17,2024,17,6,13:00:00,5,0,0
2024-06-17,2024,17,6,14:00:00,21,0,0
2024-06-17,2024,17,6,16:00:00,12,0,0
2024-06-17,2024,17,6,17:00:00,4,0,0
2024-06-18,2024,18,6,07:00:00,3,0,0
2024-06-18,2024,18,6,08:00:00,6,0,0
2024-06-18,2024,18,6,09:00:00,41,5,20
2024-06-18,2024,18,6,10:00:00,337,124,17
2024-06-18,2024,18,6,11:00:00,397,104,21
2024-06-18,2024,18,6,12:00:00,97,103,12
2024-06-18,2024,18,6,13:00:00,46,48,14
2024-06-18,2024,18,6,14:00:00,119,87,33
2024-06-18,2024,18,6,15:00:00,60,36,22
2024-06-18,2024,18,6,16:00:00,52,76,33
2024-06-18,2024,18,6,17:00:00,97,68,27
2024-06-18,2024,18,6,18:00:00,83,91,19
2024-06-18,2024,18,6,19:00:00,15,0,0
2024-06-18,2024,18,6,20:00:00,3,0,0
2024-06-19,2024,19,6,08:00:00,8,0,0
2024-06-19,2024,19,6,09:00:00,38,7,17
2024-06-19,2024,19,6,10:00:00,129,106,25
2024-06-19,2024,19,6,11:00:00,128,233,25
2024-06-19,2024,19,6,12:00:00,161,136,24
2024-06-19,2024,19,6,13:00:00,140,147,17
2024-06-19,2024,19,6,14:00:00,306,91,32
2024-06-19,2024,19,6,15:00:00,344,141,21
2024-06-19,2024,19,6,16:00:00,120,113,16
2024-06-19,2024,19,6,17:00:00,132,203,23
2024-06-19,2024,19,6,18:00:00,63,72,14
2024-06-19,2024,19,6,19:00:00,2,0,0
2024-06-20,2024,20,6,07:00:00,5,0,0
2024-06-20,2024,20,6,08:00:00,30,0,0
2024-06-20,2024,20,6,09:00:00,15,7,19
2024-06-20,2024,20,6,10:00:00,64,30,12
2024-06-20,2024,20,6,11:00:00,402,34,12
2024-06-20,2024,20,6,12:00:00,179,75,17
2024-06-20,2024,20,6,13:00:00,78,92,18
2024-06-20,2024,20,6,14:00:00,54,20,27
2024-06-20,2024,20,6,15:00:00,53,47,27
2024-06-20,2024,20,6,16:00:00,47,46,32
2024-06-20,2024,20,6,17:00:00,83,136,22
2024-06-20,2024,20,6,18:00:00,35,57,24
2024-06-20,2024,20,6,20:00:00,13,0,0
2024-06-21,2024,21,6,08:00:00,41,0,0
2024-06-21,2024,21,6,09:00:00,23,6,6
2024-06-21,2024,21,6,10:00:00,54,42,9
2024-06-21,2024,21,6,11:00:00,49,39,8
2024-06-21,2024,21,6,12:00:00,58,69,7
2024-06-21,2024,21,6,13:00:00,53,40,14
2024-06-21,2024,21,6,14:00:00,68,48,29
2024-06-21,2024,21,6,15:00:00,60,104,31
2024-06-21,2024,21,6,16:00:00,59,50,25
2024-06-21,2024,21,6,17:00:00,140,148,22
2024-06-21,2024,21,6,18:00:00,60,55,11
2024-06-22,2024,22,6,08:00:00,1,0,0
2024-06-22,2024,22,6,09:00:00,43,24,6
2024-06-22,2024,22,6,10:00:00,174,175,27
2024-06-22,2024,22,6,11:00:00,319,203,24
2024-06-22,2024,22,6,12:00:00,103,166,15
2024-06-22,2024,22,6,13:00:00,163,163,21
2024-06-22,2024,22,6,14:00:00,201,201,23
2024-06-22,2024,22,6,15:00:00,155,133,22
2024-06-22,2024,22,6,16:00:00,246,318,27
2024-06-22,2024,22,6,17:00:00,192,242,34
2024-06-22,2024,22,6,18:00:00,83,101,13
2024-06-22,2024,22,6,19:00:00,6,1,0
2024-06-22,2024,22,6,21:00:00,8,0,0
2024-06-23,2024,23,6,10:00:00,3,0,0
2024-06-23,2024,23,6,12:00:00,4,0,0
2024-06-23,2024,23,6,13:00:00,18,0,0
2024-06-23,2024,23,6,14:00:00,126,86,7
2024-06-23,2024,23,6,15:00:00,176,226,15
2024-06-23,2024,23,6,16:00:00,240,202,14
2024-06-23,2024,23,6,17:00:00,67,222,22
2024-06-23,2024,23,6,18:00:00,23,0,0
2024-06-23,2024,23,6,22:00:00,1,0,0
2024-06-24,2024,24,6,07:00:00,8,0,0
2024-06-24,2024,24,6,08:00:00,13,0,0
2024-06-24,2024,24,6,09:00:00,4,0,0
2024-06-24,2024,24,6,10:00:00,3,0,0
2024-06-24,2024,24,6,11:00:00,2,0,0
2024-06-24,2024,24,6,12:00:00,21,0,0
2024-06-24,2024,24,6,13:00:00,3,0,0
2024-06-24,2024,24,6,14:00:00,5,0,0
2024-06-24,2024,24,6,15:00:00,15,0,0
2024-06-24,2024,24,6,16:00:00,7,0,0
2024-06-24,2024,24,6,17:00:00,11,0,0
2024-06-24,2024,24,6,18:00:00,1,0,0
2024-06-24,2024,24,6,19:00:00,1,0,0
2024-06-25,2024,25,6,06:00:00,8,0,0
2024-06-25,2024,25,6,07:00:00,3,0,0
2024-06-25,2024,25,6,08:00:00,7,0,0
2024-06-25,2024,25,6,09:00:00,64,13,15
2024-06-25,2024,25,6,10:00:00,95,106,18
2024-06-25,2024,25,6,11:00:00,48,71,24
2024-06-25,2024,25,6,12:00:00,73,51,23
2024-06-25,2024,25,6,13:00:00,177,55,26
2024-06-25,2024,25,6,14:00:00,129,73,20
2024-06-25,2024,25,6,15:00:00,71,84,36
2024-06-25,2024,25,6,16:00:00,139,64,28
2024-06-25,2024,25,6,17:00:00,108,60,22
2024-06-25,2024,25,6,18:00:00,33,71,22
2024-06-25,2024,25,6,19:00:00,4,0,0
2024-06-25,2024,25,6,20:00:00,11,0,0
2024-06-26,2024,26,6,04:00:00,9,0,0
2024-06-26,2024,26,6,06:00:00,8,0,0
2024-06-26,2024,26,6,07:00:00,8,0,0
2024-06-26,2024,26,6,08:00:00,21,0,0
2024-06-26,2024,26,6,09:00:00,199,17,27
2024-06-26,2024,26,6,10:00:00,415,185,23
2024-06-26,2024,26,6,11:00:00,247,212,21
2024-06-26,2024,26,6,12:00:00,122,84,13
2024-06-26,2024,26,6,13:00:00,171,117,19
2024-06-26,2024,26,6,14:00:00,119,87,19
2024-06-26,2024,26,6,15:00:00,468,154,36
2024-06-26,2024,26,6,16:00:00,282,176,18
2024-06-26,2024,26,6,17:00:00,218,128,25
2024-06-26,2024,26,6,18:00:00,113,132,13
2024-06-26,2024,26,6,19:00:00,16,0,0
2024-06-26,2024,26,6,21:00:00,6,0,0
2024-06-27,2024,27,6,07:00:00,1,0,0
2024-06-27,2024,27,6,08:00:00,1,0,0
2024-06-27,2024,27,6,09:00:00,39,1,22
2024-06-27,2024,27,6,10:00:00,81,35,23
2024-06-27,2024,27,6,11:00:00,63,14,22
2024-06-27,2024,27,6,12:00:00,53,81,10
2024-06-27,2024,27,6,13:00:00,40,56,26
2024-06-27,2024,27,6,14:00:00,118,97,20
2024-06-27,2024,27,6,15:00:00,77,129,18
2024-06-27,2024,27,6,16:00:00,143,90,31
2024-06-27,2024,27,6,17:00:00,376,67,27
2024-06-27,2024,27,6,18:00:00,187,125,25
2024-06-27,2024,27,6,19:00:00,1,3,0
2024-06-27,2024,27,6,21:00:00,6,0,0
2024-06-28,2024,28,6,06:00:00,3,0,0
2024-06-28,2024,28,6,08:00:00,4,0,0
2024-06-28,2024,28,6,09:00:00,88,17,12
2024-06-28,2024,28,6,10:00:00,138,131,22
2024-06-28,2024,28,6,11:00:00,100,166,23
2024-06-28,2024,28,6,12:00:00,70,53,21
2024-06-28,2024,28,6,13:00:00,71,79,15
2024-06-28,2024,28,6,14:00:00,86,38,32
2024-06-28,2024,28,6,15:00:00,69,135,19
2024-06-28,2024,28,6,16:00:00,407,95,25
2024-06-28,2024,28,6,17:00:00,393,118,21
2024-06-28,2024,28,6,18:00:00,45,58,7
2024-06-28,2024,28,6,19:00:00,14,0,0
2024-06-29,2024,29,6,08:00:00,27,0,0
2024-06-29,2024,29,6,09:00:00,441,9,10
2024-06-29,2024,29,6,10:00:00,495,126,14
2024-06-29,2024,29,6,11:00:00,382,181,26
2024-06-29,2024,29,6,12:00:00,168,100,19
2024-06-29,2024,29,6,13:00:00,97,129,23
2024-06-29,2024,29,6,14:00:00,92,57,26
2024-06-29,2024,29,6,15:00:00,304,250,20
2024-06-29,2024,29,6,16:00:00,217,245,33
2024-06-29,2024,29,6,17:00:00,160,207,29
2024-06-29,2024,29,6,18:00:00,118,225,15
2024-06-30,2024,30,6,08:00:00,3,0,0
2024-06-30,2024,30,6,09:00:00,1,0,0
2024-06-30,2024,30,6,10:00:00,4,0,0
2024-06-30,2024,30,6,11:00:00,1,0,0
2024-06-30,2024,30,6,12:00:00,7,0,0
2024-06-30,2024,30,6,13:00:00,25,0,0
2024-06-30,2024,30,6,14:00:00,112,113,17
2024-06-30,2024,30,6,15:00:00,225,211,32
2024-06-30,2024,30,6,16:00:00,163,301,17
2024-06-30,2024,30,6,17:00:00,175,250,14
2024-06-30,2024,30,6,18:00:00,3,0,0
2024-06-30,2024,30,6,19:00:00,10,0,0
2024-06-30,2024,30,6,20:00:00,2,0,0
2024-07-01,2024,1,7,05:00:00,2,0,0
2024-07-01,2024,1,7,06:00:00,1,0,0
2024-07-01,2024,1,7,08:00:00,3,0,0
2024-07-01,2024,1,7,09:00:00,1,0,0
2024-07-01,2024,1,7,10:00:00,6,0,0
2024-07-01,2024,1,7,11:00:00,1,0,0
2024-07-01,2024,1,7,13:00:00,52,0,0
2024-07-01,2024,1,7,16:00:00,5,0,0
2024-07-01,2024,1,7,17:00:00,1,0,0
2024-07-01,2024,1,7,19:00:00,1,0,0
2024-07-02,2024,2,7,08:00:00,5,0,1
2024-07-02,2024,2,7,09:00:00,132,14,14
2024-07-02,2024,2,7,10:00:00,186,42,31
2024-07-02,2024,2,7,11:00:00,533,22,18
2024-07-02,2024,2,7,12:00:00,264,26,19
2024-07-02,2024,2,7,13:00:00,111,124,14
2024-07-02,2024,2,7,14:00:00,70,133,34
2024-07-02,2024,2,7,15:00:00,62,147,20
2024-07-02,2024,2,7,16:00:00,100,59,23
2024-07-02,2024,2,7,17:00:00,104,153,15
2024-07-02,2024,2,7,18:00:00,6,1,0
2024-07-02,2024,2,7,20:00:00,5,0,0
2024-07-03,2024,3,7,08:00:00,7,0,0
2024-07-03,2024,3,7,09:00:00,89,8,25
2024-07-03,2024,3,7,10:00:00,145,45,16
2024-07-03,2024,3,7,11:00:00,183,77,21
2024-07-03,2024,3,7,12:00:00,116,43,20
2024-07-03,2024,3,7,13:00:00,174,278,15
2024-07-03,2024,3,7,14:00:00,228,259,35
2024-07-03,2024,3,7,15:00:00,349,289,29
2024-07-03,2024,3,7,16:00:00,217,376,38
2024-07-03,2024,3,7,17:00:00,185,434,26
2024-07-03,2024,3,7,18:00:00,47,3,0
2024-07-04,2024,4,7,07:00:00,10,0,0
2024-07-04,2024,4,7,08:00:00,32,0,0
2024-07-04,2024,4,7,09:00:00,39,12,13
2024-07-04,2024,4,7,10:00:00,51,24,18
2024-07-04,2024,4,7,11:00:00,69,56,19
2024-07-04,2024,4,7,12:00:00,34,26,12
2024-07-04,2024,4,7,13:00:00,130,155,11
2024-07-04,2024,4,7,14:00:00,93,44,10
2024-07-04,2024,4,7,15:00:00,105,193,27
2024-07-04,2024,4,7,16:00:00,114,162,31
2024-07-04,2024,4,7,17:00:00,121,140,26
2024-07-04,2024,4,7,18:00:00,3,3,0
2024-07-04,2024,4,7,19:00:00,4,0,0
2024-07-05,2024,5,7,08:00:00,6,0,0
2024-07-05,2024,5,7,09:00:00,86,33,14
2024-07-05,2024,5,7,10:00:00,55,32,13
2024-07-05,2024,5,7,11:00:00,60,14,12
2024-07-05,2024,5,7,12:00:00,61,18,9
2024-07-05,2024,5,7,13:00:00,55,90,17
2024-07-05,2024,5,7,14:00:00,89,126,33
2024-07-05,2024,5,7,15:00:00,99,59,20
2024-07-05,2024,5,7,16:00:00,132,99,22
2024-07-05,2024,5,7,17:00:00,182,209,14
2024-07-05,2024,5,7,18:00:00,9,7,0
2024-07-06,2024,6,7,08:00:00,3,0,0
2024-07-06,2024,6,7,09:00:00,69,12,19
2024-07-06,2024,6,7,10:00:00,117,42,7
2024-07-06,2024,6,7,11:00:00,141,105,15
2024-07-06,2024,6,7,12:00:00,115,57,15
2024-07-06,2024,6,7,13:00:00,85,114,19
2024-07-06,2024,6,7,14:00:00,220,349,16
2024-07-06,2024,6,7,15:00:00,230,405,20
2024-07-06,2024,6,7,16:00:00,198,334,22
2024-07-06,2024,6,7,17:00:00,194,360,22
2024-07-06,2024,6,7,18:00:00,18,4,0
2024-07-06,2024,6,7,19:00:00,5,0,0
2024-07-06,2024,6,7,22:00:00,1,0,0
2024-07-07,2024,7,7,10:00:00,2,0,0
2024-07-07,2024,7,7,12:00:00,8,0,0
2024-07-07,2024,7,7,13:00:00,6,0,0
2024-07-07,2024,7,7,14:00:00,14,0,0
2024-07-07,2024,7,7,15:00:00,25,0,0
2024-07-07,2024,7,7,16:00:00,8,0,0
2024-07-07,2024,7,7,19:00:00,1,0,0
2024-07-08,2024,8,7,08:00:00,18,0,0
2024-07-08,2024,8,7,09:00:00,12,0,0
2024-07-08,2024,8,7,11:00:00,6,0,0
2024-07-08,2024,8,7,12:00:00,2,0,0
2024-07-08,2024,8,7,13:00:00,25,0,0
2024-07-08,2024,8,7,14:00:00,29,0,0
2024-07-08,2024,8,7,15:00:00,2,0,0
2024-07-08,2024,8,7,16:00:00,5,0,0
2024-07-08,2024,8,7,17:00:00,9,0,0
2024-07-08,2024,8,7,18:00:00,2,0,0
2024-07-08,2024,8,7,19:00:00,13,0,0
2024-07-09,2024,9,7,07:00:00,1,0,0
2024-07-09,2024,9,7,08:00:00,20,0,0
2024-07-09,2024,9,7,09:00:00,37,21,19
2024-07-09,2024,9,7,10:00:00,129,39,13
2024-07-09,2024,9,7,11:00:00,110,52,18
2024-07-09,2024,9,7,12:00:00,60,31,22
2024-07-09,2024,9,7,13:00:00,204,191,16
2024-07-09,2024,9,7,14:00:00,166,161,25
2024-07-09,2024,9,7,15:00:00,219,186,30
2024-07-09,2024,9,7,16:00:00,152,282,21
2024-07-09,2024,9,7,17:00:00,146,301,17
2024-07-09,2024,9,7,18:00:00,18,33,0
2024-07-10,2024,10,7,08:00:00,23,0,0
2024-07-10,2024,10,7,09:00:00,31,30,10
2024-07-10,2024,10,7,10:00:00,136,27,23
2024-07-10,2024,10,7,11:00:00,147,26,17
2024-07-10,2024,10,7,12:00:00,101,32,16
2024-07-10,2024,10,7,13:00:00,165,142,20
2024-07-10,2024,10,7,14:00:00,198,242,23
2024-07-10,2024,10,7,15:00:00,321,363,26
2024-07-10,2024,10,7,16:00:00,139,218,24
2024-07-10,2024,10,7,17:00:00,181,296,14
2024-07-10,2024,10,7,18:00:00,36,2,0
2024-07-10,2024,10,7,21:00:00,3,0,0
2024-07-11,2024,11,7,00:00:00,1,0,0
2024-07-11,2024,11,7,08:00:00,9,0,0
2024-07-11,2024,11,7,09:00:00,59,27,12
2024-07-11,2024,11,7,10:00:00,30,7,16
2024-07-11,2024,11,7,11:00:00,36,11,25
2024-07-11,2024,11,7,12:00:00,115,35,19
2024-07-11,2024,11,7,13:00:00,126,164,16
2024-07-11,2024,11,7,14:00:00,112,134,15
2024-07-11,2024,11,7,15:00:00,141,134,24
2024-07-11,2024,11,7,16:00:00,81,181,16
2024-07-11,2024,11,7,17:00:00,111,201,13
2024-07-11,2024,11,7,18:00:00,27,7,0
2024-07-12,2024,12,7,08:00:00,11,0,0
2024-07-12,2024,12,7,09:00:00,33,9,18
2024-07-12,2024,12,7,10:00:00,65,47,17
2024-07-12,2024,12,7,11:00:00,109,55,20
2024-07-12,2024,12,7,12:00:00,51,34,11
2024-07-12,2024,12,7,13:00:00,65,81,10
2024-07-12,2024,12,7,14:00:00,97,148,23
2024-07-12,2024,12,7,15:00:00,128,128,24
2024-07-12,2024,12,7,16:00:00,115,217,27
2024-07-12,2024,12,7,17:00:00,181,336,24
2024-07-12,2024,12,7,18:00:00,30,2,0
2024-07-12,2024,12,7,19:00:00,4,0,0
2024-07-12,2024,12,7,21:00:00,5,0,0
2024-07-13,2024,13,7,06:00:00,2,0,0
2024-07-13,2024,13,7,08:00:00,25,0,0
2024-07-13,2024,13,7,09:00:00,17,76,13
2024-07-13,2024,13,7,10:00:00,47,19,17
2024-07-13,2024,13,7,11:00:00,106,92,18
2024-07-13,2024,13,7,12:00:00,53,21,16
2024-07-13,2024,13,7,13:00:00,138,161,19
2024-07-13,2024,13,7,14:00:00,300,317,9
2024-07-13,2024,13,7,15:00:00,195,450,27
2024-07-13,2024,13,7,16:00:00,257,356,22
2024-07-13,2024,13,7,17:00:00,127,304,24
2024-07-13,2024,13,7,18:00:00,14,3,0
2024-07-13,2024,13,7,19:00:00,20,0,0
2024-07-16,2024,16,7,07:00:00,1,0,0
2024-07-16,2024,16,7,08:00:00,4,0,0
2024-07-16,2024,16,7,09:00:00,44,33,28
2024-07-16,2024,16,7,10:00:00,48,24,18
2024-07-16,2024,16,7,11:00:00,89,23,23
2024-07-16,2024,16,7,12:00:00,74,14,16
2024-07-16,2024,16,7,13:00:00,101,120,23
2024-07-16,2024,16,7,14:00:00,267,155,20
2024-07-16,2024,16,7,15:00:00,211,447,33
2024-07-16,2024,16,7,16:00:00,191,241,21
2024-07-16,2024,16,7,17:00:00,220,375,28
2024-07-16,2024,16,7,18:00:00,16,13,0
2024-07-16,2024,16,7,19:00:00,1,0,0
2024-07-16,2024,16,7,20:00:00,7,0,0
2024-07-17,2024,17,7,07:00:00,6,0,0
2024-07-17,2024,17,7,08:00:00,7,0,0
2024-07-17,2024,17,7,09:00:00,19,1,18
2024-07-17,2024,17,7,10:00:00,124,18,10
2024-07-17,2024,17,7,11:00:00,80,33,14
2024-07-17,2024,17,7,12:00:00,41,34,13
2024-07-17,2024,17,7,13:00:00,141,122,22
2024-07-17,2024,17,7,14:00:00,151,186,21
2024-07-17,2024,17,7,15:00:00,52,115,23
2024-07-17,2024,17,7,16:00:00,118,125,31
2024-07-17,2024,17,7,17:00:00,99,257,26
2024-07-17,2024,17,7,18:00:00,11,0,0
2024-07-18,2024,18,7,08:00:00,7,0,0
2024-07-18,2024,18,7,09:00:00,21,4,14
2024-07-18,2024,18,7,10:00:00,32,26,14
2024-07-18,2024,18,7,11:00:00,65,16,17
2024-07-18,2024,18,7,12:00:00,21,4,13
2024-07-18,2024,18,7,13:00:00,55,80,17
2024-07-18,2024,18,7,14:00:00,87,120,14
2024-07-18,2024,18,7,15:00:00,165,143,22
2024-07-18,2024,18,7,16:00:00,59,217,19
2024-07-18,2024,18,7,17:00:00,80,181,28
2024-07-18,2024,18,7,18:00:00,16,7,0
2024-07-18,2024,18,7,21:00:00,9,0,0
2024-07-19,2024,19,7,07:00:00,5,0,0
2024-07-19,2024,19,7,08:00:00,5,0,0
2024-07-19,2024,19,7,09:00:00,19,8,10
2024-07-19,2024,19,7,10:00:00,62,25,11
2024-07-19,2024,19,7,11:00:00,36,40,12
2024-07-19,2024,19,7,12:00:00,48,14,4
2024-07-19,2024,19,7,13:00:00,110,47,18
2024-07-19,2024,19,7,14:00:00,78,103,18
2024-07-19,2024,19,7,15:00:00,135,69,26
2024-07-19,2024,19,7,16:00:00,62,150,16
2024-07-19,2024,19,7,17:00:00,108,145,13
2024-07-19,2024,19,7,18:00:00,23,1,0
2024-07-19,2024,19,7,19:00:00,1,0,0
2024-07-19,2024,19,7,20:00:00,8,0,0
2024-07-19,2024,19,7,21:00:00,1,0,0
2024-07-20,2024,20,7,08:00:00,5,0,0
2024-07-20,2024,20,7,09:00:00,41,26,12
2024-07-20,2024,20,7,10:00:00,87,51,13
2024-07-20,2024,20,7,11:00:00,87,50,8
2024-07-20,2024,20,7,12:00:00,95,24,19
2024-07-20,2024,20,7,13:00:00,138,110,19
2024-07-20,2024,20,7,14:00:00,171,175,16
2024-07-20,2024,20,7,15:00:00,273,338,13
2024-07-20,2024,20,7,16:00:00,231,257,18
2024-07-20,2024,20,7,17:00:00,167,327,21
2024-07-20,2024,20,7,18:00:00,1,0,0
2024-07-20,2024,20,7,20:00:00,6,0,0
2024-07-21,2024,21,7,07:00:00,2,0,0
2024-07-21,2024,21,7,08:00:00,1,0,0
2024-07-21,2024,21,7,10:00:00,19,0,0
2024-07-21,2024,21,7,11:00:00,18,0,0
2024-07-21,2024,21,7,12:00:00,2,0,0
2024-07-21,2024,21,7,13:00:00,7,0,0
2024-07-21,2024,21,7,15:00:00,11,0,0
2024-07-21,2024,21,7,16:00:00,40,0,0
2024-07-21,2024,21,7,18:00:00,10,0,0
2024-07-22,2024,22,7,08:00:00,1,0,0
2024-07-22,2024,22,7,09:00:00,8,0,0
2024-07-22,2024,22,7,11:00:00,6,0,0
2024-07-22,2024,22,7,12:00:00,25,0,0
2024-07-22,2024,22,7,13:00:00,9,0,0
2024-07-22,2024,22,7,14:00:00,6,0,0
2024-07-22,2024,22,7,15:00:00,6,0,0
2024-07-22,2024,22,7,16:00:00,18,0,0
2024-07-22,2024,22,7,17:00:00,2,0,0
2024-07-23,2024,23,7,08:00:00,6,0,0
2024-07-23,2024,23,7,09:00:00,35,12,16
2024-07-23,2024,23,7,10:00:00,43,34,18
2024-07-23,2024,23,7,11:00:00,68,82,15
2024-07-23,2024,23,7,12:00:00,84,23,21
2024-07-23,2024,23,7,13:00:00,171,145,15
2024-07-23,2024,23,7,14:00:00,227,206,35
2024-07-23,2024,23,7,15:00:00,199,183,26
2024-07-23,2024,23,7,16:00:00,225,334,28
2024-07-23,2024,23,7,17:00:00,158,395,22
2024-07-23,2024,23,7,18:00:00,8,2,0
2024-07-23,2024,23,7,19:00:00,2,0,0
2024-07-24,2024,24,7,08:00:00,4,0,0
2024-07-24,2024,24,7,09:00:00,22,69,13
2024-07-24,2024,24,7,10:00:00,38,47,22
2024-07-24,2024,24,7,11:00:00,82,36,13
2024-07-24,2024,24,7,12:00:00,115,54,11
2024-07-24,2024,24,7,13:00:00,50,60,19
2024-07-24,2024,24,7,14:00:00,170,155,19
2024-07-24,2024,24,7,15:00:00,231,312,31
2024-07-24,2024,24,7,16:00:00,85,78,25
2024-07-24,2024,24,7,17:00:00,183,185,20
2024-07-24,2024,24,7,18:00:00,28,44,0
2024-07-24,2024,24,7,20:00:00,10,0,0
2024-07-25,2024,25,7,07:00:00,1,0,0
2024-07-25,2024,25,7,08:00:00,20,0,0
2024-07-25,2024,25,7,09:00:00,26,32,15
2024-07-25,2024,25,7,10:00:00,31,24,17
2024-07-25,2024,25,7,11:00:00,36,27,11
2024-07-25,2024,25,7,12:00:00,189,45,8
2024-07-25,2024,25,7,13:00:00,65,133,8
2024-07-25,2024,25,7,14:00:00,108,130,14
2024-07-25,2024,25,7,15:00:00,181,192,32
2024-07-25,2024,25,7,16:00:00,109,150,15
2024-07-25,2024,25,7,17:00:00,129,211,10
2024-07-25,2024,25,7,18:00:00,3,1,0
2024-07-25,2024,25,7,19:00:00,2,0,0
2024-07-25,2024,25,7,20:00:00,1,0,0
2024-07-26,2024,26,7,08:00:00,19,0,0
2024-07-26,2024,26,7,09:00:00,18,8,10
2024-07-26,2024,26,7,10:00:00,74,39,12
2024-07-26,2024,26,7,11:00:00,48,37,8
2024-07-26,2024,26,7,12:00:00,15,7,12
2024-07-26,2024,26,7,13:00:00,63,119,17
2024-07-26,2024,26,7,14:00:00,206,246,17
2024-07-26,2024,26,7,15:00:00,190,150,29
2024-07-26,2024,26,7,16:00:00,174,133,15
2024-07-26,2024,26,7,17:00:00,83,254,12
2024-07-26,2024,26,7,18:00:00,3,0,0
2024-07-26,2024,26,7,23:00:00,1,0,0
2024-07-27,2024,27,7,08:00:00,5,0,0
2024-07-27,2024,27,7,09:00:00,6,3,15
2024-07-27,2024,27,7,10:00:00,42,31,22
2024-07-27,2024,27,7,11:00:00,74,38,10
2024-07-27,2024,27,7,12:00:00,38,34,15
2024-07-27,2024,27,7,13:00:00,139,143,6
2024-07-27,2024,27,7,14:00:00,169,243,14
2024-07-27,2024,27,7,15:00:00,259,260,13
2024-07-27,2024,27,7,16:00:00,247,331,17
2024-07-27,2024,27,7,17:00:00,202,342,14
2024-07-27,2024,27,7,18:00:00,3,0,0
2024-07-28,2024,28,7,10:00:00,17,0,0
2024-07-28,2024,28,7,15:00:00,39,0,0
2024-07-28,2024,28,7,16:00:00,13,0,0
2024-07-28,2024,28,7,17:00:00,3,0,0
2024-07-28,2024,28,7,18:00:00,9,0,0
2024-07-29,2024,29,7,07:00:00,6,0,0
2024-07-29,2024,29,7,09:00:00,1,0,0
2024-07-29,2024,29,7,10:00:00,4,0,0
2024-07-29,2024,29,7,11:00:00,8,0,0
2024-07-29,2024,29,7,12:00:00,6,0,0
2024-07-29,2024,29,7,13:00:00,15,0,0
2024-07-29,2024,29,7,14:00:00,11,0,0
2024-07-29,2024,29,7,15:00:00,17,0,0
2024-07-29,2024,29,7,16:00:00,14,0,0
2024-07-29,2024,29,7,17:00:00,1,0,0
2024-07-29,2024,29,7,18:00:00,15,0,0
2024-07-30,2024,30,7,07:00:00,15,0,0
2024-07-30,2024,30,7,08:00:00,14,0,1
2024-07-30,2024,30,7,09:00:00,64,25,10
2024-07-30,2024,30,7,10:00:00,144,26,19
2024-07-30,2024,30,7,11:00:00,86,35,18
2024-07-30,2024,30,7,12:00:00,65,25,12
2024-07-30,2024,30,7,13:00:00,176,183,11
2024-07-30,2024,30,7,14:00:00,169,135,15
2024-07-30,2024,30,7,15:00:00,114,204,19
2024-07-30,2024,30,7,16:00:00,37,72,15
2024-07-30,2024,30,7,17:00:00,29,63,13
2024-07-30,2024,30,7,18:00:00,14,0,0
2024-07-30,2024,30,7,19:00:00,1,0,0
2024-07-30,2024,30,7,22:00:00,1,0,0
2024-07-31,2024,31,7,07:00:00,4,0,0
2024-07-31,2024,31,7,08:00:00,2,0,0
2024-07-31,2024,31,7,09:00:00,23,6,17
2024-07-31,2024,31,7,10:00:00,47,38,12
2024-07-31,2024,31,7,11:00:00,97,32,19
2024-07-31,2024,31,7,12:00:00,42,5,12
2024-07-31,2024,31,7,13:00:00,168,82,12
2024-07-31,2024,31,7,14:00:00,219,159,14
2024-07-31,2024,31,7,15:00:00,109,117,22
2024-07-31,2024,31,7,16:00:00,221,216,20
2024-07-31,2024,31,7,17:00:00,152,170,35
2024-07-31,2024,31,7,18:00:00,4,0,0
2024-07-31,2024,31,7,19:00:00,8,0,0
2024-08-01,2024,1,8,07:00:00,1,0,0
2024-08-01,2024,1,8,08:00:00,22,0,0
2024-08-01,2024,1,8,09:00:00,55,19,13
2024-08-01,2024,1,8,10:00:00,18,7,18
2024-08-01,2024,1,8,11:00:00,30,17,14
2024-08-01,2024,1,8,12:00:00,50,19,10
2024-08-01,2024,1,8,13:00:00,84,55,16
2024-08-01,2024,1,8,14:00:00,165,166,16
2024-08-01,2024,1,8,15:00:00,128,141,27
2024-08-01,2024,1,8,16:00:00,159,176,30
2024-08-01,2024,1,8,17:00:00,235,314,35
2024-08-01,2024,1,8,18:00:00,15,6,0
2024-08-01,2024,1,8,20:00:00,1,0,0
2024-08-02,2024,2,8,07:00:00,4,0,0
2024-08-02,2024,2,8,08:00:00,9,0,0
2024-08-02,2024,2,8,09:00:00,44,7,14
2024-08-02,2024,2,8,10:00:00,74,10,21
2024-08-02,2024,2,8,11:00:00,59,37,13
2024-08-02,2024,2,8,12:00:00,26,12,9
2024-08-02,2024,2,8,13:00:00,129,104,19
2024-08-02,2024,2,8,14:00:00,157,116,16
2024-08-02,2024,2,8,15:00:00,88,135,20
2024-08-02,2024,2,8,16:00:00,130,122,21
2024-08-02,2024,2,8,17:00:00,104,168,15
2024-08-02,2024,2,8,18:00:00,28,12,0
2024-08-02,2024,2,8,19:00:00,1,0,0
2024-08-02,2024,2,8,20:00:00,3,0,0
2024-08-03,2024,3,8,08:00:00,66,0,0
2024-08-03,2024,3,8,09:00:00,52,22,7
2024-08-03,2024,3,8,10:00:00,59,51,8
2024-08-03,2024,3,8,11:00:00,62,23,11
2024-08-03,2024,3,8,12:00:00,55,34,7
2024-08-03,2024,3,8,13:00:00,141,150,9
2024-08-03,2024,3,8,14:00:00,170,293,12
2024-08-03,2024,3,8,15:00:00,294,183,19
2024-08-03,2024,3,8,16:00:00,188,439,25
2024-08-03,2024,3,8,17:00:00,243,311,8
2024-08-03,2024,3,8,18:00:00,68,0,0
2024-08-03,2024,3,8,19:00:00,7,0,0
2024-08-04,2024,4,8,09:00:00,22,0,0
2024-08-04,2024,4,8,10:00:00,15,0,0
2024-08-04,2024,4,8,11:00:00,26,0,0
2024-08-04,2024,4,8,12:00:00,1,0,0
2024-08-04,2024,4,8,13:00:00,1,0,0
2024-08-04,2024,4,8,14:00:00,7,0,0
2024-08-04,2024,4,8,15:00:00,21,0,0
2024-08-04,2024,4,8,16:00:00,31,0,0
2024-08-04,2024,4,8,18:00:00,7,0,0
2024-08-05,2024,5,8,07:00:00,4,0,0
2024-08-05,2024,5,8,08:00:00,1,0,0
2024-08-05,2024,5,8,10:00:00,6,0,0
2024-08-05,2024,5,8,11:00:00,8,0,0
2024-08-05,2024,5,8,12:00:00,4,0,0
2024-08-05,2024,5,8,13:00:00,5,0,0
2024-08-05,2024,5,8,14:00:00,3,0,0
2024-08-05,2024,5,8,15:00:00,1,0,0
2024-08-05,2024,5,8,16:00:00,17,0,0
2024-08-05,2024,5,8,17:00:00,2,0,0
2024-08-05,2024,5,8,18:00:00,3,0,0
2024-08-06,2024,6,8,08:00:00,10,0,1
2024-08-06,2024,6,8,09:00:00,20,19,26
2024-08-06,2024,6,8,10:00:00,41,13,16
2024-08-06,2024,6,8,11:00:00,44,28,12
2024-08-06,2024,6,8,12:00:00,95,73,21
2024-08-06,2024,6,8,13:00:00,145,101,19
2024-08-06,2024,6,8,14:00:00,157,151,22
2024-08-06,2024,6,8,15:00:00,134,119,16
2024-08-06,2024,6,8,16:00:00,109,189,13
2024-08-06,2024,6,8,17:00:00,151,279,14
2024-08-06,2024,6,8,18:00:00,29,0,0
2024-08-06,2024,6,8,21:00:00,5,0,0
2024-08-07,2024,7,8,05:00:00,1,0,0
2024-08-07,2024,7,8,07:00:00,2,0,0
2024-08-07,2024,7,8,09:00:00,38,7,9
2024-08-07,2024,7,8,10:00:00,31,12,23
2024-08-07,2024,7,8,11:00:00,39,29,21
2024-08-07,2024,7,8,12:00:00,46,24,8
2024-08-07,2024,7,8,13:00:00,135,118,14
2024-08-07,2024,7,8,14:00:00,96,72,25
2024-08-07,2024,7,8,15:00:00,257,231,29
2024-08-07,2024,7,8,16:00:00,137,186,19
2024-08-07,2024,7,8,17:00:00,146,265,18
2024-08-07,2024,7,8,18:00:00,20,0,0
2024-08-08,2024,8,8,08:00:00,5,0,0
2024-08-08,2024,8,8,09:00:00,1,0,18
2024-08-08,2024,8,8,10:00:00,35,20,13
2024-08-08,2024,8,8,11:00:00,82,31,16
2024-08-08,2024,8,8,12:00:00,43,5,7
2024-08-08,2024,8,8,13:00:00,83,125,18
2024-08-08,2024,8,8,14:00:00,102,141,22
2024-08-08,2024,8,8,15:00:00,181,157,26
2024-08-08,2024,8,8,16:00:00,115,86,11
2024-08-08,2024,8,8,17:00:00,70,197,12
2024-08-08,2024,8,8,18:00:00,24,0,0
2024-08-09,2024,9,8,07:00:00,3,0,0
2024-08-09,2024,9,8,09:00:00,39,17,13
2024-08-09,2024,9,8,10:00:00,57,12,5
2024-08-09,2024,9,8,11:00:00,82,146,16
2024-08-09,2024,9,8,12:00:00,65,129,13
2024-08-09,2024,9,8,13:00:00,92,104,13
2024-08-09,2024,9,8,14:00:00,118,219,16
2024-08-09,2024,9,8,15:00:00,157,363,18
2024-08-09,2024,9,8,16:00:00,163,429,15
2024-08-09,2024,9,8,17:00:00,159,407,17
2024-08-09,2024,9,8,18:00:00,8,16,0
2024-08-10,2024,10,8,08:00:00,7,0,0
2024-08-10,2024,10,8,09:00:00,39,8,12
2024-08-10,2024,10,8,10:00:00,53,24,16
2024-08-10,2024,10,8,11:00:00,93,220,10
2024-08-10,2024,10,8,12:00:00,55,36,12
2024-08-10,2024,10,8,13:00:00,109,147,9
2024-08-10,2024,10,8,14:00:00,200,102,17
2024-08-10,2024,10,8,15:00:00,159,278,10
2024-08-10,2024,10,8,16:00:00,237,201,21
2024-08-10,2024,10,8,17:00:00,51,95,14
2024-08-10,2024,10,8,18:00:00,2,0,0
2024-08-10,2024,10,8,19:00:00,5,0,0
2024-08-10,2024,10,8,21:00:00,1,0,0
2024-08-11,2024,11,8,09:00:00,2,0,0
2024-08-11,2024,11,8,10:00:00,2,0,0
2024-08-11,2024,11,8,16:00:00,22,0,0
2024-08-11,2024,11,8,17:00:00,1,0,0
2024-08-11,2024,11,8,18:00:00,11,0,0
2024-08-11,2024,11,8,19:00:00,7,0,0
2024-08-12,2024,12,8,07:00:00,6,0,0
2024-08-12,2024,12,8,08:00:00,2,0,0
2024-08-12,2024,12,8,10:00:00,1,0,0
2024-08-12,2024,12,8,11:00:00,8,0,0
2024-08-12,2024,12,8,12:00:00,8,0,0
2024-08-12,2024,12,8,13:00:00,3,0,0
2024-08-12,2024,12,8,14:00:00,1,0,0
2024-08-12,2024,12,8,15:00:00,6,0,0
2024-08-12,2024,12,8,16:00:00,1,0,0
2024-08-12,2024,12,8,17:00:00,5,0,0
2024-08-12,2024,12,8,18:00:00,11,0,0
2024-08-13,2024,13,8,08:00:00,16,0,0
2024-08-13,2024,13,8,09:00:00,60,78,22
2024-08-13,2024,13,8,10:00:00,70,144,18
2024-08-13,2024,13,8,11:00:00,108,78,17
2024-08-13,2024,13,8,12:00:00,51,14,17
2024-08-13,2024,13,8,13:00:00,161,162,30
2024-08-13,2024,13,8,14:00:00,202,115,23
2024-08-13,2024,13,8,15:00:00,231,243,25
2024-08-13,2024,13,8,16:00:00,177,277,28
2024-08-13,2024,13,8,17:00:00,113,138,15
2024-08-13,2024,13,8,18:00:00,2,0,0
2024-08-13,2024,13,8,19:00:00,7,0,0
2024-08-13,2024,13,8,22:00:00,2,0,0
2024-08-13,2024,13,8,23:00:00,1,0,0
2024-08-14,2024,14,8,08:00:00,20,0,0
2024-08-14,2024,14,8,09:00:00,15,51,13
2024-08-14,2024,14,8,10:00:00,33,97,11
2024-08-14,2024,14,8,11:00:00,51,10,18
2024-08-14,2024,14,8,12:00:00,44,3,20
2024-08-14,2024,14,8,13:00:00,106,123,23
2024-08-14,2024,14,8,14:00:00,162,151,20
2024-08-14,2024,14,8,15:00:00,167,214,18
2024-08-14,2024,14,8,16:00:00,220,168,26
2024-08-14,2024,14,8,17:00:00,168,339,17
2024-08-14,2024,14,8,18:00:00,12,13,0
2024-08-16,2024,16,8,08:00:00,28,0,0
2024-08-16,2024,16,8,09:00:00,32,7,17
2024-08-16,2024,16,8,10:00:00,55,214,13
2024-08-16,2024,16,8,11:00:00,70,63,20
2024-08-16,2024,16,8,12:00:00,37,43,12
2024-08-16,2024,16,8,13:00:00,183,116,23
2024-08-16,2024,16,8,14:00:00,147,228,13
2024-08-16,2024,16,8,15:00:00,258,194,27
2024-08-16,2024,16,8,16:00:00,141,355,21
2024-08-16,2024,16,8,17:00:00,104,94,13
2024-08-16,2024,16,8,18:00:00,2,34,0
2024-08-17,2024,17,8,08:00:00,13,0,0
2024-08-17,2024,17,8,09:00:00,33,14,15
2024-08-17,2024,17,8,10:00:00,42,21,16
2024-08-17,2024,17,8,11:00:00,42,33,9
2024-08-17,2024,17,8,12:00:00,69,28,12
2024-08-17,2024,17,8,13:00:00,136,154,17
2024-08-17,2024,17,8,14:00:00,62,181,15
2024-08-17,2024,17,8,15:00:00,177,192,14
2024-08-17,2024,17,8,16:00:00,202,270,13
2024-08-17,2024,17,8,17:00:00,154,243,22
2024-08-17,2024,17,8,18:00:00,3,6,0
2024-08-17,2024,17,8,19:00:00,16,0,0
2024-08-18,2024,18,8,11:00:00,5,0,0
2024-08-18,2024,18,8,12:00:00,19,0,0
2024-08-18,2024,18,8,14:00:00,5,0,0
2024-08-18,2024,18,8,16:00:00,1,0,0
2024-08-18,2024,18,8,17:00:00,3,0,0
2024-08-18,2024,18,8,18:00:00,4,0,0
2024-08-19,2024,19,8,08:00:00,10,0,0
2024-08-19,2024,19,8,09:00:00,3,0,0
2024-08-19,2024,19,8,10:00:00,11,0,0
2024-08-19,2024,19,8,11:00:00,26,0,0
2024-08-19,2024,19,8,12:00:00,8,0,0
2024-08-19,2024,19,8,14:00:00,7,0,0
2024-08-19,2024,19,8,15:00:00,26,0,0
2024-08-19,2024,19,8,16:00:00,4,0,0
2024-08-19,2024,19,8,17:00:00,1,0,0
2024-08-19,2024,19,8,18:00:00,14,0,0
2024-08-19,2024,19,8,19:00:00,16,0,0
2024-08-20,2024,20,8,08:00:00,46,0,0
2024-08-20,2024,20,8,09:00:00,34,12,20
2024-08-20,2024,20,8,10:00:00,130,154,21
2024-08-20,2024,20,8,11:00:00,75,177,17
2024-08-20,2024,20,8,12:00:00,130,76,16
2024-08-20,2024,20,8,13:00:00,165,174,17
2024-08-20,2024,20,8,14:00:00,159,305,16
2024-08-20,2024,20,8,15:00:00,199,355,28
2024-08-20,2024,20,8,16:00:00,254,405,25
2024-08-20,2024,20,8,17:00:00,200,380,7
2024-08-20,2024,20,8,18:00:00,15,1,0
2024-08-21,2024,21,8,08:00:00,5,0,0
2024-08-21,2024,21,8,09:00:00,27,92,10
2024-08-21,2024,21,8,10:00:00,58,95,9
2024-08-21,2024,21,8,11:00:00,58,146,25
2024-08-21,2024,21,8,12:00:00,76,186,15
2024-08-21,2024,21,8,13:00:00,169,209,24
2024-08-21,2024,21,8,14:00:00,206,293,26
2024-08-21,2024,21,8,15:00:00,225,288,37
2024-08-21,2024,21,8,16:00:00,266,377,32
2024-08-21,2024,21,8,17:00:00,140,188,24
2024-08-21,2024,21,8,18:00:00,51,1,0
2024-08-21,2024,21,8,19:00:00,1,0,0
2024-08-21,2024,21,8,21:00:00,3,0,0
2024-08-22,2024,22,8,08:00:00,6,0,0
2024-08-22,2024,22,8,09:00:00,17,12,19
2024-08-22,2024,22,8,10:00:00,7,11,13
2024-08-22,2024,22,8,11:00:00,88,3,19
2024-08-22,2024,22,8,12:00:00,41,26,13
2024-08-22,2024,22,8,13:00:00,72,67,17
2024-08-22,2024,22,8,14:00:00,167,118,16
2024-08-22,2024,22,8,15:00:00,96,204,23
2024-08-22,2024,22,8,16:00:00,94,252,26
2024-08-22,2024,22,8,17:00:00,180,305,20
2024-08-22,2024,22,8,18:00:00,30,19,0
2024-08-22,2024,22,8,19:00:00,1,0,0
2024-08-22,2024,22,8,20:00:00,1,0,0
2024-08-23,2024,23,8,07:00:00,8,0,0
2024-08-23,2024,23,8,08:00:00,1,0,0
2024-08-23,2024,23,8,09:00:00,21,11,16
2024-08-23,2024,23,8,10:00:00,39,106,18
2024-08-23,2024,23,8,11:00:00,60,78,11
2024-08-23,2024,23,8,12:00:00,15,16,14
2024-08-23,2024,23,8,13:00:00,78,64,21
2024-08-23,2024,23,8,14:00:00,212,232,23
2024-08-23,2024,23,8,15:00:00,109,190,15
2024-08-23,2024,23,8,16:00:00,193,246,32
2024-08-23,2024,23,8,17:00:00,44,169,14
2024-08-23,2024,23,8,18:00:00,27,9,0
2024-08-23,2024,23,8,19:00:00,7,0,0
2024-08-24,2024,24,8,08:00:00,2,0,0
2024-08-24,2024,24,8,09:00:00,15,16,10
2024-08-24,2024,24,8,10:00:00,80,124,12
2024-08-24,2024,24,8,11:00:00,86,85,13
2024-08-24,2024,24,8,12:00:00,42,46,20
2024-08-24,2024,24,8,13:00:00,162,129,8
2024-08-24,2024,24,8,14:00:00,263,216,16
2024-08-24,2024,24,8,15:00:00,204,306,17
2024-08-24,2024,24,8,16:00:00,222,399,21
2024-08-24,2024,24,8,17:00:00,218,353,19
2024-08-24,2024,24,8,18:00:00,0,6,0
2024-08-25,2024,25,8,08:00:00,2,0,0
2024-08-25,2024,25,8,09:00:00,1,0,0
2024-08-25,2024,25,8,10:00:00,11,0,0
2024-08-25,2024,25,8,12:00:00,10,0,0
2024-08-25,2024,25,8,14:00:00,1,0,0
2024-08-25,2024,25,8,15:00:00,29,0,0
2024-08-25,2024,25,8,16:00:00,62,0,0
2024-08-25,2024,25,8,17:00:00,2,0,0
2024-08-25,2024,25,8,18:00:00,3,0,0
2024-08-26,2024,26,8,07:00:00,3,0,0
2024-08-26,2024,26,8,08:00:00,4,0,0
2024-08-26,2024,26,8,09:00:00,2,0,0
2024-08-26,2024,26,8,10:00:00,12,0,0
2024-08-26,2024,26,8,13:00:00,9,0,0
2024-08-26,2024,26,8,14:00:00,26,0,0
2024-08-26,2024,26,8,15:00:00,10,0,0
2024-08-26,2024,26,8,16:00:00,1,0,0
2024-08-26,2024,26,8,17:00:00,60,0,0
2024-08-26,2024,26,8,18:00:00,17,0,0
2024-08-26,2024,26,8,19:00:00,1,0,0
2024-08-27,2024,27,8,08:00:00,8,0,0
2024-08-27,2024,27,8,09:00:00,43,114,21
2024-08-27,2024,27,8,10:00:00,108,165,22
2024-08-27,2024,27,8,11:00:00,94,179,34
2024-08-27,2024,27,8,12:00:00,113,53,19
2024-08-27,2024,27,8,13:00:00,214,196,24
2024-08-27,2024,27,8,14:00:00,253,168,32
2024-08-27,2024,27,8,15:00:00,185,338,18
2024-08-27,2024,27,8,16:00:00,285,496,28
2024-08-27,2024,27,8,17:00:00,284,513,25
2024-08-27,2024,27,8,18:00:00,12,7,0
2024-08-27,2024,27,8,19:00:00,17,0,0
2024-08-28,2024,28,8,08:00:00,20,0,0
2024-08-28,2024,28,8,09:00:00,96,65,17
2024-08-28,2024,28,8,10:00:00,43,270,23
2024-08-28,2024,28,8,11:00:00,70,248,13
2024-08-28,2024,28,8,12:00:00,100,36,13
2024-08-28,2024,28,8,13:00:00,201,270,26
2024-08-28,2024,28,8,14:00:00,125,209,32
2024-08-28,2024,28,8,15:00:00,109,163,20
2024-08-28,2024,28,8,16:00:00,172,209,23
2024-08-28,2024,28,8,17:00:00,333,441,24
2024-08-28,2024,28,8,18:00:00,29,2,0
2024-08-28,2024,28,8,19:00:00,38,0,0
2024-08-29,2024,29,8,08:00:00,2,0,0
2024-08-29,2024,29,8,09:00:00,20,191,12
2024-08-29,2024,29,8,10:00:00,61,279,15
2024-08-29,2024,29,8,11:00:00,66,16,16
2024-08-29,2024,29,8,12:00:00,31,33,8
2024-08-29,2024,29,8,13:00:00,164,182,12
2024-08-29,2024,29,8,14:00:00,219,468,30
2024-08-29,2024,29,8,15:00:00,82,394,21
2024-08-29,2024,29,8,16:00:00,141,211,27
2024-08-29,2024,29,8,17:00:00,81,196,18
2024-08-29,2024,29,8,18:00:00,12,3,0
2024-08-30,2024,30,8,08:00:00,5,0,0
2024-08-30,2024,30,8,09:00:00,26,19,17
2024-08-30,2024,30,8,10:00:00,89,74,18
2024-08-30,2024,30,8,11:00:00,16,228,19
2024-08-30,2024,30,8,12:00:00,78,22,14
2024-08-30,2024,30,8,13:00:00,95,141,18
2024-08-30,2024,30,8,14:00:00,139,255,28
2024-08-30,2024,30,8,15:00:00,179,323,23
2024-08-30,2024,30,8,16:00:00,129,304,22
2024-08-30,2024,30,8,17:00:00,63,155,18
2024-08-30,2024,30,8,18:00:00,9,0,0
2024-08-30,2024,30,8,19:00:00,1,0,0
2024-08-31,2024,31,8,08:00:00,1,0,0
2024-08-31,2024,31,8,09:00:00,63,13,13
2024-08-31,2024,31,8,10:00:00,60,223,11
2024-08-31,2024,31,8,11:00:00,86,133,24
2024-08-31,2024,31,8,12:00:00,121,133,14
2024-08-31,2024,31,8,13:00:00,141,171,16
2024-08-31,2024,31,8,14:00:00,212,210,20
2024-08-31,2024,31,8,15:00:00,332,346,23
2024-08-31,2024,31,8,16:00:00,287,416,24
2024-08-31,2024,31,8,17:00:00,349,497,23
2024-08-31,2024,31,8,18:00:00,9,0,0
2024-09-03,2024,3,9,08:00:00,3,0,0
2024-09-03,2024,3,9,09:00:00,47,18,26
2024-09-03,2024,3,9,10:00:00,190,109,31
2024-09-03,2024,3,9,11:00:00,80,136,22
2024-09-03,2024,3,9,12:00:00,140,70,25
2024-09-03,2024,3,9,13:00:00,94,131,24
2024-09-03,2024,3,9,14:00:00,77,45,35
2024-09-03,2024,3,9,15:00:00,168,98,32
2024-09-03,2024,3,9,16:00:00,61,126,21
2024-09-03,2024,3,9,17:00:00,73,108,18
2024-09-03,2024,3,9,18:00:00,91,61,19
2024-09-03,2024,3,9,19:00:00,1,0,0
2024-09-04,2024,4,9,04:00:00,4,0,0
2024-09-04,2024,4,9,06:00:00,5,0,0
2024-09-04,2024,4,9,08:00:00,19,0,0
2024-09-04,2024,4,9,09:00:00,125,94,20
2024-09-04,2024,4,9,10:00:00,121,355,34
2024-09-04,2024,4,9,11:00:00,192,464,23
2024-09-04,2024,4,9,12:00:00,111,150,21
2024-09-04,2024,4,9,13:00:00,172,137,20
2024-09-04,2024,4,9,14:00:00,345,224,37
2024-09-04,2024,4,9,15:00:00,280,568,27
2024-09-04,2024,4,9,16:00:00,313,319,35
2024-09-04,2024,4,9,17:00:00,243,220,30
2024-09-04,2024,4,9,18:00:00,110,166,19
2024-09-04,2024,4,9,19:00:00,3,1,0
2024-09-04,2024,4,9,20:00:00,16,0,0
2024-09-04,2024,4,9,21:00:00,1,0,0
2024-09-04,2024,4,9,22:00:00,2,0,0
2024-09-05,2024,5,9,07:00:00,1,0,0
2024-09-05,2024,5,9,08:00:00,1,0,0
2024-09-05,2024,5,9,09:00:00,19,6,13
2024-09-05,2024,5,9,10:00:00,60,35,17
2024-09-05,2024,5,9,11:00:00,35,19,22
2024-09-05,2024,5,9,12:00:00,58,60,18
2024-09-05,2024,5,9,13:00:00,53,71,29
2024-09-05,2024,5,9,14:00:00,32,50,18
2024-09-05,2024,5,9,15:00:00,43,44,18
2024-09-05,2024,5,9,16:00:00,86,151,23
2024-09-05,2024,5,9,17:00:00,55,140,27
2024-09-05,2024,5,9,18:00:00,49,64,10
2024-09-05,2024,5,9,19:00:00,12,0,0
2024-09-06,2024,6,9,07:00:00,4,0,0
2024-09-06,2024,6,9,08:00:00,3,0,0
2024-09-06,2024,6,9,09:00:00,18,38,19
2024-09-06,2024,6,9,10:00:00,61,48,20
2024-09-06,2024,6,9,11:00:00,68,36,18
2024-09-06,2024,6,9,12:00:00,26,40,17
2024-09-06,2024,6,9,13:00:00,65,68,12
2024-09-06,2024,6,9,14:00:00,30,116,8
2024-09-06,2024,6,9,15:00:00,53,211,25
2024-09-06,2024,6,9,16:00:00,49,98,13
2024-09-06,2024,6,9,17:00:00,64,253,16
2024-09-06,2024,6,9,18:00:00,20,35,18
2024-09-06,2024,6,9,19:00:00,2,0,0
2024-09-07,2024,7,9,08:00:00,2,0,0
2024-09-07,2024,7,9,09:00:00,31,13,24
2024-09-07,2024,7,9,10:00:00,100,70,10
2024-09-07,2024,7,9,11:00:00,204,238,10
2024-09-07,2024,7,9,12:00:00,135,161,15
2024-09-07,2024,7,9,13:00:00,62,98,16
2024-09-07,2024,7,9,14:00:00,307,175,25
2024-09-07,2024,7,9,15:00:00,221,413,23
2024-09-07,2024,7,9,16:00:00,313,269,33
2024-09-07,2024,7,9,17:00:00,207,349,25
2024-09-07,2024,7,9,18:00:00,42,120,10
2024-09-07,2024,7,9,19:00:00,7,0,0
2024-09-08,2024,8,9,09:00:00,1,0,0
2024-09-08,2024,8,9,10:00:00,23,0,0
2024-09-08,2024,8,9,11:00:00,2,0,0
2024-09-08,2024,8,9,13:00:00,11,0,0
2024-09-08,2024,8,9,14:00:00,204,113,8
2024-09-08,2024,8,9,15:00:00,167,267,12
2024-09-08,2024,8,9,16:00:00,166,292,13
2024-09-08,2024,8,9,17:00:00,178,328,15
2024-09-08,2024,8,9,18:00:00,4,6,0
2024-09-09,2024,9,9,07:00:00,1,0,0
2024-09-09,2024,9,9,09:00:00,4,0,0
2024-09-09,2024,9,9,11:00:00,6,0,0
2024-09-09,2024,9,9,12:00:00,4,0,0
2024-09-09,2024,9,9,14:00:00,4,0,0
2024-09-09,2024,9,9,15:00:00,11,0,0
2024-09-09,2024,9,9,16:00:00,4,0,0
2024-09-09,2024,9,9,17:00:00,5,0,0
2024-09-09,2024,9,9,18:00:00,21,0,0
2024-09-09,2024,9,9,21:00:00,1,0,0
2024-09-10,2024,10,9,06:00:00,13,0,0
2024-09-10,2024,10,9,09:00:00,89,63,26
2024-09-10,2024,10,9,10:00:00,132,96,29
2024-09-10,2024,10,9,11:00:00,83,187,24
2024-09-10,2024,10,9,12:00:00,84,79,22
2024-09-10,2024,10,9,13:00:00,75,118,23
2024-09-10,2024,10,9,14:00:00,48,57,26
2024-09-10,2024,10,9,15:00:00,42,93,25
2024-09-10,2024,10,9,16:00:00,163,195,35
2024-09-10,2024,10,9,17:00:00,63,125,30
2024-09-10,2024,10,9,18:00:00,14,94,15
2024-09-11,2024,11,9,07:00:00,2,0,0
2024-09-11,2024,11,9,08:00:00,2,0,0
2024-09-11,2024,11,9,09:00:00,49,20,12
2024-09-11,2024,11,9,10:00:00,237,197,12
2024-09-11,2024,11,9,11:00:00,202,290,27
2024-09-11,2024,11,9,12:00:00,51,104,23
2024-09-11,2024,11,9,13:00:00,97,88,19
2024-09-11,2024,11,9,14:00:00,214,226,29
2024-09-11,2024,11,9,15:00:00,90,324,26
2024-09-11,2024,11,9,16:00:00,226,412,33
2024-09-11,2024,11,9,17:00:00,264,324,32
2024-09-11,2024,11,9,18:00:00,123,218,21
2024-09-11,2024,11,9,19:00:00,3,0,0
2024-09-12,2024,12,9,00:00:00,1,0,0
2024-09-12,2024,12,9,07:00:00,4,0,0
2024-09-12,2024,12,9,08:00:00,9,0,0
2024-09-12,2024,12,9,09:00:00,39,13,24
2024-09-12,2024,12,9,10:00:00,117,42,18
2024-09-12,2024,12,9,11:00:00,63,119,18
2024-09-12,2024,12,9,12:00:00,50,88,16
2024-09-12,2024,12,9,13:00:00,124,80,17
2024-09-12,2024,12,9,14:00:00,65,108,15
2024-09-12,2024,12,9,15:00:00,50,43,32
2024-09-12,2024,12,9,16:00:00,29,190,38
2024-09-12,2024,12,9,17:00:00,59,149,23
2024-09-12,2024,12,9,18:00:00,23,65,23
2024-09-12,2024,12,9,19:00:00,3,4,0
2024-09-13,2024,13,9,07:00:00,4,0,0
2024-09-13,2024,13,9,08:00:00,3,0,0
2024-09-13,2024,13,9,09:00:00,4,6,16
2024-09-13,2024,13,9,10:00:00,73,48,19
2024-09-13,2024,13,9,11:00:00,45,50,23
2024-09-13,2024,13,9,12:00:00,120,70,36
2024-09-13,2024,13,9,13:00:00,102,79,18
2024-09-13,2024,13,9,14:00:00,58,68,22
2024-09-13,2024,13,9,15:00:00,35,49,28
2024-09-13,2024,13,9,16:00:00,117,100,19
2024-09-13,2024,13,9,17:00:00,71,79,22
2024-09-13,2024,13,9,18:00:00,32,69,15
2024-09-13,2024,13,9,19:00:00,3,0,0
2024-09-14,2024,14,9,08:00:00,3,0,0
2024-09-14,2024,14,9,09:00:00,18,6,12
2024-09-14,2024,14,9,10:00:00,148,56,15
2024-09-14,2024,14,9,11:00:00,157,178,9
2024-09-14,2024,14,9,12:00:00,175,193,17
2024-09-14,2024,14,9,13:00:00,100,102,13
2024-09-14,2024,14,9,14:00:00,170,123,24
2024-09-14,2024,14,9,15:00:00,244,211,31
2024-09-14,2024,14,9,16:00:00,309,349,23
2024-09-14,2024,14,9,17:00:00,77,203,36
2024-09-14,2024,14,9,18:00:00,62,148,9
2024-09-14,2024,14,9,19:00:00,5,0,0
2024-09-15,2024,15,9,09:00:00,2,0,0
2024-09-15,2024,15,9,10:00:00,2,0,0
2024-09-15,2024,15,9,11:00:00,13,0,0
2024-09-15,2024,15,9,12:00:00,1,0,0
2024-09-15,2024,15,9,13:00:00,20,5,1
2024-09-15,2024,15,9,14:00:00,139,119,22
2024-09-15,2024,15,9,15:00:00,122,158,19
2024-09-15,2024,15,9,16:00:00,117,108,20
2024-09-15,2024,15,9,17:00:00,141,220,17
2024-09-15,2024,15,9,18:00:00,1,2,0
2024-09-16,2024,16,9,07:00:00,21,0,0
2024-09-16,2024,16,9,08:00:00,11,0,0
2024-09-16,2024,16,9,09:00:00,10,0,0
2024-09-16,2024,16,9,10:00:00,9,0,0
2024-09-16,2024,16,9,12:00:00,4,0,0
2024-09-16,2024,16,9,13:00:00,6,0,0
2024-09-16,2024,16,9,14:00:00,22,0,0
2024-09-16,2024,16,9,15:00:00,1,0,0
2024-09-16,2024,16,9,16:00:00,17,0,0
2024-09-16,2024,16,9,17:00:00,14,0,0
2024-09-16,2024,16,9,18:00:00,4,0,0
2024-09-17,2024,17,9,08:00:00,8,0,0
2024-09-17,2024,17,9,09:00:00,122,31,14
2024-09-17,2024,17,9,10:00:00,123,88,20
2024-09-17,2024,17,9,11:00:00,22,118,18
2024-09-17,2024,17,9,12:00:00,80,73,19
2024-09-17,2024,17,9,13:00:00,77,67,14
2024-09-17,2024,17,9,14:00:00,104,68,32
2024-09-17,2024,17,9,15:00:00,76,97,35
2024-09-17,2024,17,9,16:00:00,78,59,23
2024-09-17,2024,17,9,17:00:00,87,54,25
2024-09-17,2024,17,9,18:00:00,50,84,17
2024-09-17,2024,17,9,19:00:00,17,6,0
2024-09-18,2024,18,9,07:00:00,2,0,0
2024-09-18,2024,18,9,08:00:00,7,0,0
2024-09-18,2024,18,9,09:00:00,77,53,10
2024-09-18,2024,18,9,10:00:00,193,173,21
2024-09-18,2024,18,9,11:00:00,117,202,22
2024-09-18,2024,18,9,12:00:00,98,80,17
2024-09-18,2024,18,9,13:00:00,228,189,12
2024-09-18,2024,18,9,14:00:00,174,173,25
2024-09-18,2024,18,9,15:00:00,222,323,34
2024-09-18,2024,18,9,16:00:00,243,263,41
2024-09-18,2024,18,9,17:00:00,237,285,22
2024-09-18,2024,18,9,18:00:00,71,158,17
2024-09-18,2024,18,9,19:00:00,1,2,0
2024-09-18,2024,18,9,21:00:00,8,0,0
2024-09-19,2024,19,9,07:00:00,3,0,0
2024-09-19,2024,19,9,08:00:00,11,0,0
2024-09-19,2024,19,9,09:00:00,8,22,8
2024-09-19,2024,19,9,10:00:00,80,48,13
2024-09-19,2024,19,9,11:00:00,13,12,12
2024-09-19,2024,19,9,12:00:00,88,68,15
2024-09-19,2024,19,9,13:00:00,52,60,25
2024-09-19,2024,19,9,14:00:00,67,79,12
2024-09-19,2024,19,9,15:00:00,36,45,32
2024-09-19,2024,19,9,16:00:00,8,51,28
2024-09-19,2024,19,9,17:00:00,40,39,24
2024-09-19,2024,19,9,18:00:00,66,80,9
2024-09-19,2024,19,9,19:00:00,0,3,0
2024-09-19,2024,19,9,20:00:00,1,0,0
2024-09-20,2024,20,9,07:00:00,3,0,0
2024-09-20,2024,20,9,08:00:00,8,0,0
2024-09-20,2024,20,9,09:00:00,10,8,12
2024-09-20,2024,20,9,10:00:00,40,56,12
2024-09-20,2024,20,9,11:00:00,78,51,13
2024-09-20,2024,20,9,12:00:00,55,52,21
2024-09-20,2024,20,9,13:00:00,65,112,15
2024-09-20,2024,20,9,14:00:00,36,41,21
2024-09-20,2024,20,9,15:00:00,27,56,19
2024-09-20,2024,20,9,16:00:00,45,62,24
2024-09-20,2024,20,9,17:00:00,89,120,20
2024-09-20,2024,20,9,18:00:00,26,55,17
2024-09-21,2024,21,9,08:00:00,18,0,0
2024-09-21,2024,21,9,09:00:00,44,8,14
2024-09-21,2024,21,9,10:00:00,128,108,26
2024-09-21,2024,21,9,11:00:00,79,91,19
2024-09-21,2024,21,9,12:00:00,164,147,13
2024-09-21,2024,21,9,13:00:00,136,177,17
2024-09-21,2024,21,9,14:00:00,259,232,24
2024-09-21,2024,21,9,15:00:00,221,286,30
2024-09-21,2024,21,9,16:00:00,356,332,24
2024-09-21,2024,21,9,17:00:00,192,253,18
2024-09-21,2024,21,9,18:00:00,77,147,11
2024-09-21,2024,21,9,19:00:00,3,0,0
2024-09-22,2024,22,9,08:00:00,15,0,0
2024-09-22,2024,22,9,11:00:00,1,0,0
2024-09-22,2024,22,9,13:00:00,9,0,0
2024-09-22,2024,22,9,14:00:00,256,134,18
2024-09-22,2024,22,9,15:00:00,129,228,14
2024-09-22,2024,22,9,16:00:00,177,218,23
2024-09-22,2024,22,9,17:00:00,65,212,19
2024-09-22,2024,22,9,18:00:00,37,17,0
2024-09-22,2024,22,9,20:00:00,8,0,0
2024-09-23,2024,23,9,07:00:00,1,0,0
2024-09-23,2024,23,9,08:00:00,7,0,0
2024-09-23,2024,23,9,09:00:00,3,0,0
2024-09-23,2024,23,9,10:00:00,10,0,0
2024-09-23,2024,23,9,11:00:00,13,0,0
2024-09-23,2024,23,9,12:00:00,9,0,0
2024-09-23,2024,23,9,13:00:00,6,0,0
2024-09-23,2024,23,9,14:00:00,33,0,0
2024-09-23,2024,23,9,15:00:00,24,0,0
2024-09-23,2024,23,9,16:00:00,1,0,0
2024-09-23,2024,23,9,17:00:00,4,0,0
2024-09-23,2024,23,9,18:00:00,2,0,0
2024-09-23,2024,23,9,20:00:00,1,0,0
2024-09-24,2024,24,9,07:00:00,2,0,0
2024-09-24,2024,24,9,08:00:00,2,0,0
2024-09-24,2024,24,9,09:00:00,59,12,20
2024-09-24,2024,24,9,10:00:00,123,101,25
2024-09-24,2024,24,9,11:00:00,33,82,24
2024-09-24,2024,24,9,12:00:00,99,81,17
2024-09-24,2024,24,9,13:00:00,72,52,19
2024-09-24,2024,24,9,14:00:00,89,117,23
2024-09-24,2024,24,9,15:00:00,73,44,22
2024-09-24,2024,24,9,16:00:00,95,28,15
2024-09-24,2024,24,9,17:00:00,89,140,20
2024-09-24,2024,24,9,18:00:00,109,91,8
2024-09-24,2024,24,9,19:00:00,6,0,0
2024-09-25,2024,25,9,07:00:00,3,0,0
2024-09-25,2024,25,9,08:00:00,16,0,0
2024-09-25,2024,25,9,09:00:00,38,15,16
2024-09-25,2024,25,9,10:00:00,152,129,20
2024-09-25,2024,25,9,11:00:00,135,206,22
2024-09-25,2024,25,9,12:00:00,163,122,19
2024-09-25,2024,25,9,13:00:00,187,143,31
2024-09-25,2024,25,9,14:00:00,133,141,36
2024-09-25,2024,25,9,15:00:00,236,382,27
2024-09-25,2024,25,9,16:00:00,253,403,40
2024-09-25,2024,25,9,17:00:00,253,278,21
2024-09-25,2024,25,9,18:00:00,71,168,14
2024-09-25,2024,25,9,20:00:00,9,0,0
2024-09-26,2024,26,9,07:00:00,8,0,0
2024-09-26,2024,26,9,08:00:00,22,0,0
2024-09-26,2024,26,9,09:00:00,20,4,17
2024-09-26,2024,26,9,10:00:00,35,56,21
2024-09-26,2024,26,9,11:00:00,112,50,14
2024-09-26,2024,26,9,12:00:00,39,41,12
2024-09-26,2024,26,9,13:00:00,23,83,21
2024-09-26,2024,26,9,14:00:00,43,33,29
2024-09-26,2024,26,9,15:00:00,36,81,30
2024-09-26,2024,26,9,16:00:00,34,53,30
2024-09-26,2024,26,9,17:00:00,72,108,32
2024-09-26,2024,26,9,18:00:00,37,59,25
2024-09-26,2024,26,9,19:00:00,4,0,0
2024-09-26,2024,26,9,22:00:00,6,0,0
2024-09-27,2024,27,9,07:00:00,3,0,0
2024-09-27,2024,27,9,08:00:00,3,0,0
2024-09-27,2024,27,9,09:00:00,13,1,17
2024-09-27,2024,27,9,10:00:00,63,73,13
2024-09-27,2024,27,9,11:00:00,101,69,17
2024-09-27,2024,27,9,12:00:00,71,109,18
2024-09-27,2024,27,9,13:00:00,75,58,19
2024-09-27,2024,27,9,14:00:00,11,70,21
2024-09-27,2024,27,9,15:00:00,64,75,10
2024-09-27,2024,27,9,16:00:00,40,88,24
2024-09-27,2024,27,9,17:00:00,58,67,9
2024-09-27,2024,27,9,18:00:00,36,44,11
2024-09-28,2024,28,9,08:00:00,6,0,0
2024-09-28,2024,28,9,09:00:00,71,24,0
2024-09-28,2024,28,9,10:00:00,233,148,14
2024-09-28,2024,28,9,11:00:00,245,197,19
2024-09-28,2024,28,9,12:00:00,101,195,7
2024-09-28,2024,28,9,13:00:00,110,88,10
2024-09-28,2024,28,9,14:00:00,311,185,39
2024-09-28,2024,28,9,15:00:00,303,253,34
2024-09-28,2024,28,9,16:00:00,234,343,12
2024-09-28,2024,28,9,17:00:00,133,286,21
2024-09-28,2024,28,9,18:00:00,104,213,13
2024-09-28,2024,28,9,19:00:00,11,0,0
2024-09-29,2024,29,9,10:00:00,1,0,0
2024-09-29,2024,29,9,12:00:00,11,0,0
2024-09-29,2024,29,9,13:00:00,2,0,1
2024-09-29,2024,29,9,14:00:00,181,145,32
2024-09-29,2024,29,9,15:00:00,253,312,20
2024-09-29,2024,29,9,16:00:00,223,263,23
2024-09-29,2024,29,9,17:00:00,170,363,18
2024-09-29,2024,29,9,18:00:00,6,5,0
2024-09-29,2024,29,9,19:00:00,1,0,0
2024-09-30,2024,30,9,07:00:00,1,0,0
2024-09-30,2024,30,9,08:00:00,2,0,0
2024-09-30,2024,30,9,09:00:00,13,0,0
2024-09-30,2024,30,9,10:00:00,1,0,0
2024-09-30,2024,30,9,11:00:00,1,0,0
2024-09-30,2024,30,9,12:00:00,7,0,0
2024-09-30,2024,30,9,13:00:00,9,0,0
2024-09-30,2024,30,9,14:00:00,5,0,0
2024-09-30,2024,30,9,16:00:00,2,0,0
2024-09-30,2024,30,9,17:00:00,24,0,0
2024-09-30,2024,30,9,19:00:00,2,0,0
2024-09-30,2024,30,9,20:00:00,1,0,0
2024-10-01,2024,1,10,08:00:00,29,0,0
2024-10-01,2024,1,10,09:00:00,52,21,19
2024-10-01,2024,1,10,10:00:00,119,130,28
2024-10-01,2024,1,10,11:00:00,48,110,32
2024-10-01,2024,1,10,12:00:00,35,68,28
2024-10-01,2024,1,10,13:00:00,43,50,19
2024-10-01,2024,1,10,14:00:00,103,76,32
2024-10-01,2024,1,10,15:00:00,68,81,25
2024-10-01,2024,1,10,16:00:00,53,103,30
2024-10-01,2024,1,10,17:00:00,112,41,14
2024-10-01,2024,1,10,18:00:00,36,16,15
2024-10-01,2024,1,10,19:00:00,1,0,0
2024-10-02,2024,2,10,06:00:00,5,0,0
2024-10-02,2024,2,10,07:00:00,1,0,0
2024-10-02,2024,2,10,09:00:00,7,7,19
2024-10-02,2024,2,10,10:00:00,188,140,23
2024-10-02,2024,2,10,11:00:00,154,196,17
2024-10-02,2024,2,10,12:00:00,79,137,33
2024-10-02,2024,2,10,13:00:00,113,124,26
2024-10-02,2024,2,10,14:00:00,192,164,33
2024-10-02,2024,2,10,15:00:00,203,203,39
2024-10-02,2024,2,10,16:00:00,235,256,36
2024-10-02,2024,2,10,17:00:00,173,258,39
2024-10-02,2024,2,10,18:00:00,32,115,30
2024-10-03,2024,3,10,08:00:00,17,0,0
2024-10-03,2024,3,10,09:00:00,21,13,14
2024-10-03,2024,3,10,10:00:00,95,64,16
2024-10-03,2024,3,10,11:00:00,9,43,18
2024-10-03,2024,3,10,12:00:00,57,24,19
2024-10-03,2024,3,10,13:00:00,32,23,16
2024-10-03,2024,3,10,14:00:00,90,81,32
2024-10-03,2024,3,10,15:00:00,26,84,26
2024-10-03,2024,3,10,16:00:00,54,82,35
2024-10-03,2024,3,10,17:00:00,51,72,36
2024-10-03,2024,3,10,18:00:00,25,57,37
2024-10-03,2024,3,10,19:00:00,7,0,0
2024-10-04,2024,4,10,08:00:00,9,0,0
2024-10-04,2024,4,10,09:00:00,24,12,24
2024-10-04,2024,4,10,10:00:00,28,59,19
2024-10-04,2024,4,10,11:00:00,22,53,21
2024-10-04,2024,4,10,12:00:00,77,58,19
2024-10-04,2024,4,10,13:00:00,49,88,17
2024-10-04,2024,4,10,14:00:00,36,81,22
2024-10-04,2024,4,10,15:00:00,44,139,30
2024-10-04,2024,4,10,16:00:00,76,88,30
2024-10-04,2024,4,10,17:00:00,115,139,29
2024-10-04,2024,4,10,18:00:00,44,107,16
2024-10-04,2024,4,10,19:00:00,2,0,0
2024-10-04,2024,4,10,20:00:00,15,0,0
2024-10-05,2024,5,10,08:00:00,4,0,0
2024-10-05,2024,5,10,09:00:00,5,77,7
2024-10-05,2024,5,10,10:00:00,176,203,20
2024-10-05,2024,5,10,11:00:00,108,240,24
2024-10-05,2024,5,10,12:00:00,106,95,17
2024-10-05,2024,5,10,13:00:00,120,120,17
2024-10-05,2024,5,10,14:00:00,166,177,30
2024-10-05,2024,5,10,15:00:00,265,246,27
2024-10-05,2024,5,10,16:00:00,331,350,31
2024-10-05,2024,5,10,17:00:00,158,254,36
2024-10-05,2024,5,10,18:00:00,108,174,14
2024-10-05,2024,5,10,19:00:00,2,0,0
2024-10-06,2024,6,10,09:00:00,4,0,0
2024-10-06,2024,6,10,13:00:00,1,0,0
2024-10-06,2024,6,10,14:00:00,229,120,19
2024-10-06,2024,6,10,15:00:00,239,320,24
2024-10-06,2024,6,10,16:00:00,175,196,37
2024-10-06,2024,6,10,17:00:00,205,390,21
2024-10-06,2024,6,10,18:00:00,3,4,0
2024-10-07,2024,7,10,06:00:00,3,0,0
2024-10-07,2024,7,10,07:00:00,2,0,0
2024-10-07,2024,7,10,08:00:00,8,0,0
2024-10-07,2024,7,10,09:00:00,2,0,0
2024-10-07,2024,7,10,10:00:00,2,0,0
2024-10-07,2024,7,10,11:00:00,2,0,0
2024-10-07,2024,7,10,12:00:00,1,0,0
2024-10-07,2024,7,10,13:00:00,35,0,0
2024-10-07,2024,7,10,14:00:00,1,0,0
2024-10-07,2024,7,10,16:00:00,17,0,0
2024-10-07,2024,7,10,17:00:00,6,0,0
2024-10-07,2024,7,10,18:00:00,1,0,0
2024-10-08,2024,8,10,08:00:00,9,0,0
2024-10-08,2024,8,10,09:00:00,23,8,23
2024-10-08,2024,8,10,10:00:00,129,126,23
2024-10-08,2024,8,10,11:00:00,226,142,21
2024-10-08,2024,8,10,12:00:00,129,71,22
2024-10-08,2024,8,10,13:00:00,101,59,26
2024-10-08,2024,8,10,14:00:00,166,153,40
2024-10-08,2024,8,10,15:00:00,109,119,29
2024-10-08,2024,8,10,16:00:00,34,62,33
2024-10-08,2024,8,10,17:00:00,87,47,34
2024-10-08,2024,8,10,18:00:00,73,89,20
2024-10-08,2024,8,10,19:00:00,26,0,0
2024-10-09,2024,9,10,07:00:00,2,0,0
2024-10-09,2024,9,10,08:00:00,23,0,0
2024-10-09,2024,9,10,09:00:00,63,40,16
2024-10-09,2024,9,10,10:00:00,164,175,27
2024-10-09,2024,9,10,11:00:00,77,219,26
2024-10-09,2024,9,10,12:00:00,93,202,20
2024-10-09,2024,9,10,13:00:00,165,189,20
2024-10-09,2024,9,10,14:00:00,232,160,36
2024-10-09,2024,9,10,15:00:00,213,201,55
2024-10-09,2024,9,10,16:00:00,209,160,31
2024-10-09,2024,9,10,17:00:00,129,319,39
2024-10-09,2024,9,10,18:00:00,89,110,24
2024-10-09,2024,9,10,22:00:00,2,0,0
2024-10-10,2024,10,10,07:00:00,2,0,0
2024-10-10,2024,10,10,08:00:00,5,0,0
2024-10-10,2024,10,10,09:00:00,61,18,9
2024-10-10,2024,10,10,10:00:00,56,107,20
2024-10-10,2024,10,10,11:00:00,26,100,18
2024-10-10,2024,10,10,12:00:00,52,48,12
2024-10-10,2024,10,10,13:00:00,61,58,21
2024-10-10,2024,10,10,14:00:00,88,54,24
2024-10-10,2024,10,10,15:00:00,70,125,29
2024-10-10,2024,10,10,16:00:00,120,51,33
2024-10-10,2024,10,10,17:00:00,194,119,34
2024-10-10,2024,10,10,18:00:00,51,81,24
2024-10-10,2024,10,10,21:00:00,1,0,0
2024-10-11,2024,11,10,08:00:00,1,0,0
2024-10-11,2024,11,10,09:00:00,46,36,14
2024-10-11,2024,11,10,10:00:00,30,149,10
2024-10-11,2024,11,10,11:00:00,82,223,18
2024-10-11,2024,11,10,12:00:00,45,98,20
2024-10-11,2024,11,10,13:00:00,58,54,19
2024-10-11,2024,11,10,14:00:00,92,204,23
2024-10-11,2024,11,10,15:00:00,58,184,22
2024-10-11,2024,11,10,16:00:00,110,238,19
2024-10-11,2024,11,10,17:00:00,91,113,23
2024-10-11,2024,11,10,18:00:00,123,152,18
2024-10-11,2024,11,10,19:00:00,5,7,0
2024-10-11,2024,11,10,20:00:00,2,0,0
2024-10-12,2024,12,10,07:00:00,1,0,0
2024-10-12,2024,12,10,08:00:00,2,0,0
2024-10-12,2024,12,10,09:00:00,26,50,12
2024-10-12,2024,12,10,10:00:00,128,128,14
2024-10-12,2024,12,10,11:00:00,256,206,22
2024-10-12,2024,12,10,12:00:00,48,79,11
2024-10-12,2024,12,10,13:00:00,134,111,16
2024-10-12,2024,12,10,14:00:00,365,336,38
2024-10-12,2024,12,10,15:00:00,209,380,46
2024-10-12,2024,12,10,16:00:00,198,256,43
2024-10-12,2024,12,10,17:00:00,277,310,29
2024-10-12,2024,12,10,18:00:00,215,329,19
2024-10-12,2024,12,10,19:00:00,18,35,0
2024-10-12,2024,12,10,20:00:00,8,0,0
2024-10-12,2024,12,10,22:00:00,20,0,0
2024-10-13,2024,13,10,10:00:00,18,0,0
2024-10-13,2024,13,10,11:00:00,19,0,0
2024-10-13,2024,13,10,13:00:00,47,4,0
2024-10-13,2024,13,10,14:00:00,225,206,20
2024-10-13,2024,13,10,15:00:00,193,284,35
2024-10-13,2024,13,10,16:00:00,187,228,39
2024-10-13,2024,13,10,17:00:00,152,276,20
2024-10-13,2024,13,10,18:00:00,7,0,0
2024-10-13,2024,13,10,19:00:00,8,0,0
2024-10-14,2024,14,10,07:00:00,8,0,0
2024-10-14,2024,14,10,09:00:00,4,0,0
2024-10-14,2024,14,10,10:00:00,4,0,0
2024-10-14,2024,14,10,11:00:00,13,0,0
2024-10-14,2024,14,10,12:00:00,4,0,0
2024-10-14,2024,14,10,13:00:00,9,0,0
2024-10-14,2024,14,10,14:00:00,1,0,0
2024-10-14,2024,14,10,16:00:00,8,0,0
2024-10-14,2024,14,10,17:00:00,5,0,0
2024-10-15,2024,15,10,07:00:00,17,0,0
2024-10-15,2024,15,10,08:00:00,15,0,0
2024-10-15,2024,15,10,09:00:00,41,10,20
2024-10-15,2024,15,10,10:00:00,79,81,29
2024-10-15,2024,15,10,11:00:00,59,184,23
2024-10-15,2024,15,10,12:00:00,112,108,27
2024-10-15,2024,15,10,13:00:00,229,110,12
2024-10-15,2024,15,10,14:00:00,262,189,23
2024-10-15,2024,15,10,15:00:00,380,384,28
2024-10-15,2024,15,10,16:00:00,268,293,27
2024-10-15,2024,15,10,17:00:00,143,139,38
2024-10-15,2024,15,10,18:00:00,47,50,23
2024-10-15,2024,15,10,19:00:00,10,1,0
2024-10-15,2024,15,10,20:00:00,13,0,0
2024-10-16,2024,16,10,08:00:00,8,0,0
2024-10-16,2024,16,10,09:00:00,157,34,13
2024-10-16,2024,16,10,10:00:00,549,259,17
2024-10-16,2024,16,10,11:00:00,375,227,28
2024-10-16,2024,16,10,12:00:00,87,124,14
2024-10-16,2024,16,10,13:00:00,116,87,22
2024-10-16,2024,16,10,14:00:00,185,206,21
2024-10-16,2024,16,10,15:00:00,274,257,33
2024-10-16,2024,16,10,16:00:00,247,240,34
2024-10-16,2024,16,10,17:00:00,258,297,33
2024-10-16,2024,16,10,18:00:00,56,112,21
2024-10-17,2024,17,10,07:00:00,4,0,0
2024-10-17,2024,17,10,08:00:00,10,0,0
2024-10-17,2024,17,10,09:00:00,50,20,15
2024-10-17,2024,17,10,10:00:00,42,39,16
2024-10-17,2024,17,10,11:00:00,81,111,17
2024-10-17,2024,17,10,12:00:00,38,36,11
2024-10-17,2024,17,10,13:00:00,188,118,20
2024-10-17,2024,17,10,14:00:00,147,177,28
2024-10-17,2024,17,10,15:00:00,107,76,22
2024-10-17,2024,17,10,16:00:00,21,36,25
2024-10-17,2024,17,10,17:00:00,187,160,14
2024-10-17,2024,17,10,18:00:00,84,115,12
2024-10-17,2024,17,10,19:00:00,1,0,0
2024-10-17,2024,17,10,22:00:00,4,0,0
2024-10-18,2024,18,10,07:00:00,3,0,0
2024-10-18,2024,18,10,08:00:00,57,0,0
2024-10-18,2024,18,10,09:00:00,148,75,15
2024-10-18,2024,18,10,10:00:00,247,225,11
2024-10-18,2024,18,10,11:00:00,263,197,9
2024-10-18,2024,18,10,12:00:00,110,90,15
2024-10-18,2024,18,10,13:00:00,317,234,9
2024-10-18,2024,18,10,14:00:00,202,240,20
2024-10-18,2024,18,10,15:00:00,167,202,24
2024-10-18,2024,18,10,16:00:00,287,243,25
2024-10-18,2024,18,10,17:00:00,151,145,26
2024-10-18,2024,18,10,18:00:00,56,87,20
2024-10-18,2024,18,10,19:00:00,8,0,0
2024-10-19,2024,19,10,08:00:00,4,0,0
2024-10-19,2024,19,10,09:00:00,274,97,7
2024-10-19,2024,19,10,10:00:00,443,323,21
2024-10-19,2024,19,10,11:00:00,406,313,16
2024-10-19,2024,19,10,12:00:00,160,305,14
2024-10-19,2024,19,10,13:00:00,185,167,18
2024-10-19,2024,19,10,14:00:00,243,288,35
2024-10-19,2024,19,10,15:00:00,417,335,41
2024-10-19,2024,19,10,16:00:00,407,455,43
2024-10-19,2024,19,10,17:00:00,193,344,34
2024-10-19,2024,19,10,18:00:00,51,136,11
2024-10-19,2024,19,10,19:00:00,6,2,0
2024-10-20,2024,20,10,09:00:00,1,0,0
2024-10-20,2024,20,10,10:00:00,1,0,0
2024-10-20,2024,20,10,12:00:00,8,0,0
2024-10-20,2024,20,10,13:00:00,3,0,0
2024-10-20,2024,20,10,14:00:00,31,0,0
2024-10-20,2024,20,10,15:00:00,14,0,0
2024-10-20,2024,20,10,16:00:00,19,0,0
2024-10-20,2024,20,10,17:00:00,30,0,0
2024-10-20,2024,20,10,18:00:00,12,0,0
2024-10-20,2024,20,10,20:00:00,1,0,0
2024-10-21,2024,21,10,07:00:00,2,0,0
2024-10-21,2024,21,10,10:00:00,22,0,0
2024-10-21,2024,21,10,11:00:00,2,0,0
2024-10-21,2024,21,10,12:00:00,8,0,0
2024-10-21,2024,21,10,13:00:00,16,0,0
2024-10-21,2024,21,10,14:00:00,2,0,0
2024-10-21,2024,21,10,15:00:00,23,0,0
2024-10-21,2024,21,10,16:00:00,14,0,0
2024-10-21,2024,21,10,17:00:00,9,0,0
2024-10-21,2024,21,10,18:00:00,1,0,0
2024-10-21,2024,21,10,19:00:00,3,0,0
2024-10-22,2024,22,10,07:00:00,2,0,0
2024-10-22,2024,22,10,08:00:00,7,0,0
2024-10-22,2024,22,10,09:00:00,222,152,17
2024-10-22,2024,22,10,10:00:00,99,189,34
2024-10-22,2024,22,10,11:00:00,114,214,23
2024-10-22,2024,22,10,12:00:00,101,178,32
2024-10-22,2024,22,10,13:00:00,122,127,26
2024-10-22,2024,22,10,14:00:00,155,276,32
2024-10-22,2024,22,10,15:00:00,285,298,29
2024-10-22,2024,22,10,16:00:00,230,345,51
2024-10-22,2024,22,10,17:00:00,158,312,36
2024-10-22,2024,22,10,18:00:00,39,10,0
2024-10-23,2024,23,10,07:00:00,4,0,0
2024-10-23,2024,23,10,08:00:00,5,0,0
2024-10-23,2024,23,10,09:00:00,43,9,15
2024-10-23,2024,23,10,10:00:00,83,120,28
2024-10-23,2024,23,10,11:00:00,128,193,26
2024-10-23,2024,23,10,12:00:00,67,126,36
2024-10-23,2024,23,10,13:00:00,158,165,24
2024-10-23,2024,23,10,14:00:00,234,237,36
2024-10-23,2024,23,10,15:00:00,201,225,41
2024-10-23,2024,23,10,16:00:00,123,240,38
2024-10-23,2024,23,10,17:00:00,150,223,26
2024-10-23,2024,23,10,18:00:00,11,20,0
2024-10-24,2024,24,10,07:00:00,1,0,0
2024-10-24,2024,24,10,09:00:00,43,41,23
2024-10-24,2024,24,10,10:00:00,97,57,20
2024-10-24,2024,24,10,11:00:00,92,48,20
2024-10-24,2024,24,10,12:00:00,149,105,8
2024-10-24,2024,24,10,13:00:00,81,91,14
2024-10-24,2024,24,10,14:00:00,127,175,29
2024-10-24,2024,24,10,15:00:00,230,188,37
2024-10-24,2024,24,10,16:00:00,193,275,43
2024-10-24,2024,24,10,17:00:00,108,189,28
2024-10-24,2024,24,10,18:00:00,5,15,0
2024-10-25,2024,25,10,07:00:00,1,0,0
2024-10-25,2024,25,10,09:00:00,30,9,19
2024-10-25,2024,25,10,10:00:00,92,130,23
2024-10-25,2024,25,10,11:00:00,63,196,11
2024-10-25,2024,25,10,12:00:00,73,68,14
2024-10-25,2024,25,10,13:00:00,126,97,22
2024-10-25,2024,25,10,14:00:00,88,93,20
2024-10-25,2024,25,10,15:00:00,129,130,16
2024-10-25,2024,25,10,16:00:00,141,147,27
2024-10-25,2024,25,10,17:00:00,115,194,19
2024-10-25,2024,25,10,18:00:00,16,0,0
2024-10-26,2024,26,10,08:00:00,8,0,0
2024-10-26,2024,26,10,09:00:00,13,18,15
2024-10-26,2024,26,10,10:00:00,85,47,6
2024-10-26,2024,26,10,11:00:00,198,236,19
2024-10-26,2024,26,10,12:00:00,107,135,13
2024-10-26,2024,26,10,13:00:00,154,154,23
2024-10-26,2024,26,10,14:00:00,299,291,31
2024-10-26,2024,26,10,15:00:00,242,219,35
2024-10-26,2024,26,10,16:00:00,303,373,41
2024-10-26,2024,26,10,17:00:00,156,301,31
2024-10-26,2024,26,10,18:00:00,11,14,0
2024-10-26,2024,26,10,22:00:00,10,0,0
2024-10-27,2024,27,10,07:00:00,1,0,0
2024-10-27,2024,27,10,08:00:00,7,0,0
2024-10-27,2024,27,10,11:00:00,27,0,0
2024-10-27,2024,27,10,12:00:00,12,0,0
2024-10-27,2024,27,10,13:00:00,10,0,0
2024-10-27,2024,27,10,14:00:00,9,0,0
2024-10-27,2024,27,10,15:00:00,11,0,0
2024-10-27,2024,27,10,16:00:00,56,0,0
2024-10-27,2024,27,10,17:00:00,21,0,0
2024-10-28,2024,28,10,07:00:00,1,0,0
2024-10-28,2024,28,10,10:00:00,26,0,0
2024-10-28,2024,28,10,11:00:00,1,0,0
2024-10-28,2024,28,10,12:00:00,4,0,0
2024-10-28,2024,28,10,13:00:00,10,0,0
2024-10-28,2024,28,10,14:00:00,3,0,0
2024-10-28,2024,28,10,15:00:00,11,0,0
2024-10-28,2024,28,10,16:00:00,12,0,0
2024-10-28,2024,28,10,17:00:00,17,0,0
2024-10-28,2024,28,10,19:00:00,5,0,0
2024-10-29,2024,29,10,06:00:00,3,0,0
2024-10-29,2024,29,10,07:00:00,13,0,0
2024-10-29,2024,29,10,08:00:00,17,0,0
2024-10-29,2024,29,10,09:00:00,73,29,19
2024-10-29,2024,29,10,10:00:00,135,158,13
2024-10-29,2024,29,10,11:00:00,165,159,22
2024-10-29,2024,29,10,12:00:00,102,86,27
2024-10-29,2024,29,10,13:00:00,178,75,33
2024-10-29,2024,29,10,14:00:00,246,204,38
2024-10-29,2024,29,10,15:00:00,218,313,39
2024-10-29,2024,29,10,16:00:00,303,338,29
2024-10-29,2024,29,10,17:00:00,144,260,26
2024-10-29,2024,29,10,18:00:00,21,0,0
2024-10-30,2024,30,10,07:00:00,1,0,0
2024-10-30,2024,30,10,08:00:00,9,0,0
2024-10-30,2024,30,10,09:00:00,15,6,17
2024-10-30,2024,30,10,10:00:00,252,174,22
2024-10-30,2024,30,10,11:00:00,189,148,22
2024-10-30,2024,30,10,12:00:00,95,161,20
2024-10-30,2024,30,10,13:00:00,134,160,25
2024-10-30,2024,30,10,14:00:00,139,163,48
2024-10-30,2024,30,10,15:00:00,113,167,41
2024-10-30,2024,30,10,16:00:00,190,184,48
2024-10-30,2024,30,10,17:00:00,170,258,43
2024-10-30,2024,30,10,18:00:00,4,2,0
2024-10-30,2024,30,10,20:00:00,7,0,0
2024-10-31,2024,31,10,06:00:00,4,0,0
2024-10-31,2024,31,10,07:00:00,6,0,0
2024-10-31,2024,31,10,08:00:00,3,0,0
2024-10-31,2024,31,10,09:00:00,43,17,17
2024-10-31,2024,31,10,10:00:00,149,117,24
2024-10-31,2024,31,10,11:00:00,84,113,30
2024-10-31,2024,31,10,12:00:00,119,130,23
2024-10-31,2024,31,10,13:00:00,130,91,13
2024-10-31,2024,31,10,14:00:00,119,92,27
2024-10-31,2024,31,10,15:00:00,188,212,37
2024-10-31,2024,31,10,16:00:00,157,268,31
2024-10-31,2024,31,10,17:00:00,106,158,27
2024-10-31,2024,31,10,18:00:00,53,38,0
2024-10-31,2024,31,10,19:00:00,1,0,0
2024-11-01,2024,1,11,08:00:00,7,0,0
2024-11-01,2024,1,11,09:00:00,1,0,0
2024-11-01,2024,1,11,10:00:00,2,0,0
2024-11-01,2024,1,11,11:00:00,2,0,0
2024-11-01,2024,1,11,12:00:00,2,0,0
2024-11-01,2024,1,11,14:00:00,10,0,0
2024-11-01,2024,1,11,15:00:00,8,0,0
2024-11-01,2024,1,11,18:00:00,1,0,0
2024-11-02,2024,2,11,08:00:00,3,0,0
2024-11-02,2024,2,11,09:00:00,50,11,25
2024-11-02,2024,2,11,10:00:00,141,97,22
2024-11-02,2024,2,11,11:00:00,121,208,21
2024-11-02,2024,2,11,12:00:00,157,166,15
2024-11-02,2024,2,11,13:00:00,127,127,28
2024-11-02,2024,2,11,14:00:00,222,231,44
2024-11-02,2024,2,11,15:00:00,287,215,49
2024-11-02,2024,2,11,16:00:00,210,280,45
2024-11-02,2024,2,11,17:00:00,237,368,36
2024-11-02,2024,2,11,18:00:00,22,1,0
2024-11-03,2024,3,11,09:00:00,3,0,0
2024-11-03,2024,3,11,11:00:00,20,0,0
2024-11-03,2024,3,11,13:00:00,12,0,0
2024-11-03,2024,3,11,14:00:00,10,0,0
2024-11-03,2024,3,11,15:00:00,1,0,0
2024-11-03,2024,3,11,16:00:00,9,0,0
2024-11-03,2024,3,11,17:00:00,26,0,0
2024-11-04,2024,4,11,07:00:00,23,0,0
2024-11-04,2024,4,11,08:00:00,15,0,0
2024-11-04,2024,4,11,09:00:00,2,0,0
2024-11-04,2024,4,11,10:00:00,11,0,0
2024-11-04,2024,4,11,11:00:00,1,0,0
2024-11-04,2024,4,11,12:00:00,3,0,0
2024-11-04,2024,4,11,13:00:00,43,0,0
2024-11-04,2024,4,11,14:00:00,1,0,0
2024-11-04,2024,4,11,15:00:00,10,0,0
2024-11-04,2024,4,11,16:00:00,3,0,0
2024-11-04,2024,4,11,17:00:00,13,0,0
2024-11-04,2024,4,11,18:00:00,4,0,0
2024-11-04,2024,4,11,19:00:00,3,0,0
2024-11-05,2024,5,11,06:00:00,4,0,0
2024-11-05,2024,5,11,07:00:00,8,0,0
2024-11-05,2024,5,11,08:00:00,14,0,1
2024-11-05,2024,5,11,09:00:00,64,13,21
2024-11-05,2024,5,11,10:00:00,109,105,24
2024-11-05,2024,5,11,11:00:00,89,90,27
2024-11-05,2024,5,11,12:00:00,105,147,24
2024-11-05,2024,5,11,13:00:00,193,131,24
2024-11-05,2024,5,11,14:00:00,140,138,30
2024-11-05,2024,5,11,15:00:00,110,110,36
2024-11-05,2024,5,11,16:00:00,71,28,25
2024-11-05,2024,5,11,17:00:00,85,73,22
2024-11-05,2024,5,11,18:00:00,56,72,5
2024-11-05,2024,5,11,19:00:00,0,3,0
2024-11-06,2024,6,11,07:00:00,7,0,0
2024-11-06,2024,6,11,08:00:00,10,0,0
2024-11-06,2024,6,11,09:00:00,26,4,13
2024-11-06,2024,6,11,10:00:00,253,92,26
2024-11-06,2024,6,11,11:00:00,247,266,18
2024-11-06,2024,6,11,12:00:00,138,174,24
2024-11-06,2024,6,11,13:00:00,159,152,27
2024-11-06,2024,6,11,14:00:00,209,181,31
2024-11-06,2024,6,11,15:00:00,263,282,40
2024-11-06,2024,6,11,16:00:00,343,436,42
2024-11-06,2024,6,11,17:00:00,216,241,26
2024-11-06,2024,6,11,18:00:00,59,70,12
2024-11-06,2024,6,11,19:00:00,2,1,0
2024-11-06,2024,6,11,20:00:00,8,0,0
2024-11-06,2024,6,11,21:00:00,1,0,0
2024-11-07,2024,7,11,08:00:00,5,0,0
2024-11-07,2024,7,11,09:00:00,17,5,19
2024-11-07,2024,7,11,10:00:00,63,55,9
2024-11-07,2024,7,11,11:00:00,49,48,9
2024-11-07,2024,7,11,12:00:00,74,39,16
2024-11-07,2024,7,11,13:00:00,60,54,18
2024-11-07,2024,7,11,14:00:00,160,79,31
2024-11-07,2024,7,11,15:00:00,69,70,18
2024-11-07,2024,7,11,16:00:00,84,81,31
2024-11-07,2024,7,11,17:00:00,50,72,34
2024-11-07,2024,7,11,18:00:00,67,46,15
2024-11-07,2024,7,11,19:00:00,1,14,0
2024-11-07,2024,7,11,20:00:00,1,0,0
2024-11-08,2024,8,11,07:00:00,2,0,0
2024-11-08,2024,8,11,08:00:00,1,0,0
2024-11-08,2024,8,11,09:00:00,15,3,11
2024-11-08,2024,8,11,10:00:00,56,50,21
2024-11-08,2024,8,11,11:00:00,95,76,17
2024-11-08,2024,8,11,12:00:00,117,55,14
2024-11-08,2024,8,11,13:00:00,149,65,25
2024-11-08,2024,8,11,14:00:00,108,101,17
2024-11-08,2024,8,11,15:00:00,74,84,22
2024-11-08,2024,8,11,16:00:00,139,84,25
2024-11-08,2024,8,11,17:00:00,105,134,28
2024-11-08,2024,8,11,18:00:00,41,75,12
2024-11-08,2024,8,11,19:00:00,3,0,0
2024-11-09,2024,9,11,08:00:00,5,0,0
2024-11-09,2024,9,11,09:00:00,22,19,11
2024-11-09,2024,9,11,10:00:00,156,149,13
2024-11-09,2024,9,11,11:00:00,163,149,31
2024-11-09,2024,9,11,12:00:00,58,109,13
2024-11-09,2024,9,11,13:00:00,169,59,21
2024-11-09,2024,9,11,14:00:00,332,394,26
2024-11-09,2024,9,11,15:00:00,417,317,25
2024-11-09,2024,9,11,16:00:00,284,497,32
2024-11-09,2024,9,11,17:00:00,209,287,24
2024-11-09,2024,9,11,18:00:00,100,193,16
2024-11-09,2024,9,11,19:00:00,5,3,0
2024-11-10,2024,10,11,09:00:00,10,0,0
2024-11-10,2024,10,11,10:00:00,3,0,0
2024-11-10,2024,10,11,11:00:00,3,0,0
2024-11-10,2024,10,11,13:00:00,8,0,0
2024-11-10,2024,10,11,14:00:00,210,137,25
2024-11-10,2024,10,11,15:00:00,307,376,32
2024-11-10,2024,10,11,16:00:00,322,410,28
2024-11-10,2024,10,11,17:00:00,240,468,28
2024-11-10,2024,10,11,18:00:00,12,0,0
2024-11-11,2024,11,11,09:00:00,1,0,0
2024-11-11,2024,11,11,10:00:00,28,0,0
2024-11-11,2024,11,11,11:00:00,14,0,0
2024-11-11,2024,11,11,13:00:00,9,0,0
2024-11-11,2024,11,11,14:00:00,8,0,0
2024-11-11,2024,11,11,15:00:00,2,0,0
2024-11-11,2024,11,11,16:00:00,4,0,0
2024-11-11,2024,11,11,17:00:00,1,0,0
2024-11-11,2024,11,11,18:00:00,6,0,0
2024-11-12,2024,12,11,06:00:00,6,0,0
2024-11-12,2024,12,11,07:00:00,1,0,0
2024-11-12,2024,12,11,08:00:00,7,0,0
2024-11-12,2024,12,11,09:00:00,50,20,17
2024-11-12,2024,12,11,10:00:00,107,72,23
2024-11-12,2024,12,11,11:00:00,53,186,19
2024-11-12,2024,12,11,12:00:00,104,105,17
2024-11-12,2024,12,11,13:00:00,46,37,29
2024-11-12,2024,12,11,14:00:00,161,69,33
2024-11-12,2024,12,11,15:00:00,196,187,15
2024-11-12,2024,12,11,16:00:00,81,47,26
2024-11-12,2024,12,11,17:00:00,133,70,27
2024-11-12,2024,12,11,18:00:00,35,68,12
2024-11-13,2024,13,11,07:00:00,2,0,0
2024-11-13,2024,13,11,08:00:00,6,0,0
2024-11-13,2024,13,11,09:00:00,45,6,15
2024-11-13,2024,13,11,10:00:00,143,85,18
2024-11-13,2024,13,11,11:00:00,157,261,20
2024-11-13,2024,13,11,12:00:00,163,170,25
2024-11-13,2024,13,11,13:00:00,195,141,18
2024-11-13,2024,13,11,14:00:00,229,183,50
2024-11-13,2024,13,11,15:00:00,300,310,48
2024-11-13,2024,13,11,16:00:00,251,293,50
2024-11-13,2024,13,11,17:00:00,201,209,25
2024-11-13,2024,13,11,18:00:00,70,53,6
2024-11-14,2024,14,11,08:00:00,5,0,0
2024-11-14,2024,14,11,09:00:00,36,2,12
2024-11-14,2024,14,11,10:00:00,78,49,25
2024-11-14,2024,14,11,11:00:00,32,43,13
2024-11-14,2024,14,11,12:00:00,35,36,21
2024-11-14,2024,14,11,13:00:00,137,74,15
2024-11-14,2024,14,11,14:00:00,66,88,17
2024-11-14,2024,14,11,15:00:00,38,29,22
2024-11-14,2024,14,11,16:00:00,28,93,26
2024-11-14,2024,14,11,17:00:00,64,79,21
2024-11-14,2024,14,11,18:00:00,51,73,21
2024-11-14,2024,14,11,20:00:00,13,0,0
2024-11-15,2024,15,11,07:00:00,1,0,0
2024-11-15,2024,15,11,08:00:00,3,0,0
2024-11-15,2024,15,11,09:00:00,24,2,11
2024-11-15,2024,15,11,10:00:00,41,47,19
2024-11-15,2024,15,11,11:00:00,97,65,16
2024-11-15,2024,15,11,12:00:00,70,72,20
2024-11-15,2024,15,11,13:00:00,147,127,19
2024-11-15,2024,15,11,14:00:00,101,112,36
2024-11-15,2024,15,11,15:00:00,117,71,29
2024-11-15,2024,15,11,16:00:00,109,66,20
2024-11-15,2024,15,11,17:00:00,82,122,21
2024-11-15,2024,15,11,18:00:00,61,134,12
2024-11-16,2024,16,11,07:00:00,1,0,0
2024-11-16,2024,16,11,09:00:00,29,8,10
2024-11-16,2024,16,11,10:00:00,134,145,24
2024-11-16,2024,16,11,11:00:00,157,151,21
2024-11-16,2024,16,11,12:00:00,133,154,17
2024-11-16,2024,16,11,13:00:00,119,73,15
2024-11-16,2024,16,11,14:00:00,207,240,40
2024-11-16,2024,16,11,15:00:00,348,449,32
2024-11-16,2024,16,11,16:00:00,262,272,28
2024-11-16,2024,16,11,17:00:00,308,443,28
2024-11-16,2024,16,11,18:00:00,100,179,16
2024-11-17,2024,17,11,13:00:00,0,0,1
2024-11-17,2024,17,11,14:00:00,314,184,25
2024-11-17,2024,17,11,15:00:00,261,380,23
2024-11-17,2024,17,11,16:00:00,221,322,42
2024-11-17,2024,17,11,17:00:00,142,294,28
2024-11-17,2024,17,11,18:00:00,2,0,0
2024-11-19,2024,19,11,08:00:00,6,0,0
2024-11-19,2024,19,11,09:00:00,126,31,29
2024-11-19,2024,19,11,10:00:00,119,74,27
2024-11-19,2024,19,11,11:00:00,107,126,41
2024-11-19,2024,19,11,12:00:00,83,74,40
2024-11-19,2024,19,11,13:00:00,93,91,17
2024-11-19,2024,19,11,14:00:00,97,53,36
2024-11-19,2024,19,11,15:00:00,99,122,40
2024-11-19,2024,19,11,16:00:00,81,71,41
2024-11-19,2024,19,11,17:00:00,64,85,24
2024-11-19,2024,19,11,18:00:00,48,83,13
2024-11-19,2024,19,11,19:00:00,1,0,0
2024-11-19,2024,19,11,20:00:00,1,0,0
2024-11-20,2024,20,11,06:00:00,5,0,0
2024-11-20,2024,20,11,07:00:00,5,0,0
2024-11-20,2024,20,11,08:00:00,23,0,0
2024-11-20,2024,20,11,09:00:00,30,13,19
2024-11-20,2024,20,11,10:00:00,154,76,27
2024-11-20,2024,20,11,11:00:00,121,253,29
2024-11-20,2024,20,11,12:00:00,144,184,24
2024-11-20,2024,20,11,13:00:00,206,159,21
2024-11-20,2024,20,11,14:00:00,325,318,36
2024-11-20,2024,20,11,15:00:00,246,309,37
2024-11-20,2024,20,11,16:00:00,174,198,42
2024-11-20,2024,20,11,17:00:00,98,191,37
2024-11-20,2024,20,11,18:00:00,29,64,20
2024-11-20,2024,20,11,19:00:00,2,0,0
2024-11-21,2024,21,11,07:00:00,16,0,0
2024-11-21,2024,21,11,08:00:00,4,0,0
2024-11-21,2024,21,11,09:00:00,87,14,15
2024-11-21,2024,21,11,10:00:00,62,35,16
2024-11-21,2024,21,11,11:00:00,105,66,10
2024-11-21,2024,21,11,12:00:00,48,62,14
2024-11-21,2024,21,11,13:00:00,50,46,18
2024-11-21,2024,21,11,14:00:00,80,47,28
2024-11-21,2024,21,11,15:00:00,42,80,25
2024-11-21,2024,21,11,16:00:00,60,37,18
2024-11-21,2024,21,11,17:00:00,22,49,27
2024-11-21,2024,21,11,18:00:00,99,78,16
2024-11-22,2024,22,11,08:00:00,11,0,0
2024-11-22,2024,22,11,09:00:00,45,27,15
2024-11-22,2024,22,11,10:00:00,63,68,18
2024-11-22,2024,22,11,11:00:00,37,48,12
2024-11-22,2024,22,11,12:00:00,52,50,18
2024-11-22,2024,22,11,13:00:00,54,55,24
2024-11-22,2024,22,11,14:00:00,94,56,31
2024-11-22,2024,22,11,15:00:00,58,98,26
2024-11-22,2024,22,11,16:00:00,92,57,31
2024-11-22,2024,22,11,17:00:00,69,92,28
2024-11-22,2024,22,11,18:00:00,48,49,17
2024-11-23,2024,23,11,08:00:00,2,0,0
2024-11-23,2024,23,11,09:00:00,23,3,16
2024-11-23,2024,23,11,10:00:00,90,127,22
2024-11-23,2024,23,11,11:00:00,159,240,20
2024-11-23,2024,23,11,12:00:00,143,175,15
2024-11-23,2024,23,11,13:00:00,110,190,32
2024-11-23,2024,23,11,14:00:00,253,223,34
2024-11-23,2024,23,11,15:00:00,246,263,29
2024-11-23,2024,23,11,16:00:00,268,263,29
2024-11-23,2024,23,11,17:00:00,115,333,24
2024-11-23,2024,23,11,18:00:00,22,62,17
2024-11-23,2024,23,11,19:00:00,10,0,0
2024-11-23,2024,23,11,20:00:00,19,0,0
2024-11-24,2024,24,11,11:00:00,7,0,0
2024-11-24,2024,24,11,13:00:00,17,0,0
2024-11-24,2024,24,11,14:00:00,151,129,29
2024-11-24,2024,24,11,15:00:00,203,245,29
2024-11-24,2024,24,11,16:00:00,193,232,27
2024-11-24,2024,24,11,17:00:00,187,297,26
2024-11-24,2024,24,11,18:00:00,16,0,0
2024-11-25,2024,25,11,06:00:00,6,0,0
2024-11-25,2024,25,11,08:00:00,9,0,0
2024-11-25,2024,25,11,10:00:00,2,0,0
2024-11-25,2024,25,11,11:00:00,5,0,0
2024-11-25,2024,25,11,12:00:00,9,0,0
2024-11-25,2024,25,11,13:00:00,30,0,0
2024-11-25,2024,25,11,14:00:00,13,0,0
2024-11-25,2024,25,11,15:00:00,8,0,0
2024-11-26,2024,26,11,07:00:00,5,0,0
2024-11-26,2024,26,11,08:00:00,2,0,0
2024-11-26,2024,26,11,09:00:00,81,9,22
2024-11-26,2024,26,11,10:00:00,89,59,34
2024-11-26,2024,26,11,11:00:00,67,79,23
2024-11-26,2024,26,11,12:00:00,104,108,18
2024-11-26,2024,26,11,13:00:00,132,117,18
2024-11-26,2024,26,11,14:00:00,120,69,27
2024-11-26,2024,26,11,15:00:00,60,64,28
2024-11-26,2024,26,11,16:00:00,121,102,22
2024-11-26,2024,26,11,17:00:00,102,47,23
2024-11-26,2024,26,11,18:00:00,39,61,13
2024-11-27,2024,27,11,07:00:00,16,0,0
2024-11-27,2024,27,11,08:00:00,6,0,0
2024-11-27,2024,27,11,09:00:00,29,20,18
2024-11-27,2024,27,11,10:00:00,173,141,22
2024-11-27,2024,27,11,11:00:00,151,181,20
2024-11-27,2024,27,11,12:00:00,84,134,16
2024-11-27,2024,27,11,13:00:00,116,126,30
2024-11-27,2024,27,11,14:00:00,205,201,44
2024-11-27,2024,27,11,15:00:00,322,321,38
2024-11-27,2024,27,11,16:00:00,213,244,31
2024-11-27,2024,27,11,17:00:00,138,241,31
2024-11-27,2024,27,11,18:00:00,121,117,16
2024-11-28,2024,28,11,08:00:00,2,0,0
2024-11-28,2024,28,11,09:00:00,83,13,16
2024-11-28,2024,28,11,10:00:00,102,53,22
2024-11-28,2024,28,11,11:00:00,51,59,33
2024-11-28,2024,28,11,12:00:00,46,37,28
2024-11-28,2024,28,11,13:00:00,72,64,21
2024-11-28,2024,28,11,14:00:00,99,66,27
2024-11-28,2024,28,11,15:00:00,92,76,20
2024-11-28,2024,28,11,16:00:00,113,78,14
2024-11-28,2024,28,11,17:00:00,69,52,26
2024-11-28,2024,28,11,18:00:00,38,95,12
2024-11-28,2024,28,11,20:00:00,1,0,0
2024-11-29,2024,29,11,06:00:00,2,0,0
2024-11-29,2024,29,11,07:00:00,2,0,0
2024-11-29,2024,29,11,08:00:00,6,0,0
2024-11-29,2024,29,11,09:00:00,17,1,10
2024-11-29,2024,29,11,10:00:00,55,89,14
2024-11-29,2024,29,11,11:00:00,73,55,19
2024-11-29,2024,29,11,12:00:00,107,62,18
2024-11-29,2024,29,11,13:00:00,33,19,16
2024-11-29,2024,29,11,14:00:00,124,90,33
2024-11-29,2024,29,11,15:00:00,42,74,20
2024-11-29,2024,29,11,16:00:00,52,108,29
2024-11-29,2024,29,11,17:00:00,105,56,28
2024-11-29,2024,29,11,18:00:00,61,103,16
2024-11-29,2024,29,11,19:00:00,0,3,0
2024-11-29,2024,29,11,20:00:00,2,0,0
2024-11-30,2024,30,11,08:00:00,3,0,0
2024-11-30,2024,30,11,09:00:00,45,8,16
2024-11-30,2024,30,11,10:00:00,204,138,25
2024-11-30,2024,30,11,11:00:00,236,234,14
2024-11-30,2024,30,11,12:00:00,83,131,14
2024-11-30,2024,30,11,13:00:00,149,144,29
2024-11-30,2024,30,11,14:00:00,266,237,35
2024-11-30,2024,30,11,15:00:00,328,331,32
2024-11-30,2024,30,11,16:00:00,277,321,41
2024-11-30,2024,30,11,17:00:00,232,222,37
2024-11-30,2024,30,11,18:00:00,96,166,13
2024-11-30,2024,30,11,19:00:00,3,0,0
2024-12-01,2024,1,12,09:00:00,1,0,0
2024-12-01,2024,1,12,11:00:00,20,0,0
2024-12-01,2024,1,12,12:00:00,2,0,0
2024-12-01,2024,1,12,13:00:00,12,0,0
2024-12-01,2024,1,12,14:00:00,228,142,22
2024-12-01,2024,1,12,15:00:00,229,199,27
2024-12-01,2024,1,12,16:00:00,186,246,32
2024-12-01,2024,1,12,17:00:00,93,240,20
2024-12-01,2024,1,12,18:00:00,17,0,0
2024-12-01,2024,1,12,20:00:00,5,0,0
2024-12-02,2024,2,12,08:00:00,2,0,0
2024-12-02,2024,2,12,09:00:00,16,0,0
2024-12-02,2024,2,12,10:00:00,21,0,0
2024-12-02,2024,2,12,11:00:00,4,0,0
2024-12-02,2024,2,12,12:00:00,18,0,0
2024-12-02,2024,2,12,14:00:00,10,0,0
2024-12-02,2024,2,12,15:00:00,3,0,0
2024-12-02,2024,2,12,16:00:00,3,0,0
2024-12-02,2024,2,12,17:00:00,11,0,0
2024-12-03,2024,3,12,07:00:00,1,0,0
2024-12-03,2024,3,12,08:00:00,10,0,0
2024-12-03,2024,3,12,09:00:00,57,13,26
2024-12-03,2024,3,12,10:00:00,118,115,24
2024-12-03,2024,3,12,11:00:00,64,78,17
2024-12-03,2024,3,12,12:00:00,84,58,34
2024-12-03,2024,3,12,13:00:00,75,83,20
2024-12-03,2024,3,12,14:00:00,102,89,23
2024-12-03,2024,3,12,15:00:00,157,118,26
2024-12-03,2024,3,12,16:00:00,41,71,29
2024-12-03,2024,3,12,17:00:00,124,85,23
2024-12-03,2024,3,12,18:00:00,45,77,16
2024-12-03,2024,3,12,19:00:00,4,2,0
2024-12-04,2024,4,12,08:00:00,5,0,0
2024-12-04,2024,4,12,09:00:00,38,15,10
2024-12-04,2024,4,12,10:00:00,209,256,17
2024-12-04,2024,4,12,11:00:00,157,239,16
2024-12-04,2024,4,12,12:00:00,115,109,16
2024-12-04,2024,4,12,13:00:00,161,105,28
2024-12-04,2024,4,12,14:00:00,223,222,36
2024-12-04,2024,4,12,15:00:00,205,188,46
2024-12-04,2024,4,12,16:00:00,193,182,33
2024-12-04,2024,4,12,17:00:00,178,208,34
2024-12-04,2024,4,12,18:00:00,39,118,19
2024-12-04,2024,4,12,19:00:00,12,21,0
2024-12-05,2024,5,12,07:00:00,2,0,0
2024-12-05,2024,5,12,08:00:00,6,0,0
2024-12-05,2024,5,12,09:00:00,37,40,22
2024-12-05,2024,5,12,10:00:00,140,72,14
2024-12-05,2024,5,12,11:00:00,36,66,16
2024-12-05,2024,5,12,12:00:00,38,52,17
2024-12-05,2024,5,12,13:00:00,53,76,32
2024-12-05,2024,5,12,14:00:00,82,146,25
2024-12-05,2024,5,12,15:00:00,92,79,24
2024-12-05,2024,5,12,16:00:00,118,111,32
2024-12-05,2024,5,12,17:00:00,79,55,26
2024-12-05,2024,5,12,18:00:00,74,37,17
2024-12-06,2024,6,12,07:00:00,1,0,0
2024-12-06,2024,6,12,08:00:00,10,0,0
2024-12-06,2024,6,12,09:00:00,55,45,13
2024-12-06,2024,6,12,10:00:00,93,99,18
2024-12-06,2024,6,12,11:00:00,88,64,9
2024-12-06,2024,6,12,12:00:00,79,48,25
2024-12-06,2024,6,12,13:00:00,86,60,12
2024-12-06,2024,6,12,14:00:00,61,112,24
2024-12-06,2024,6,12,15:00:00,97,91,29
2024-12-06,2024,6,12,16:00:00,72,85,27
2024-12-06,2024,6,12,17:00:00,87,185,16
2024-12-06,2024,6,12,18:00:00,87,83,11
2024-12-06,2024,6,12,19:00:00,7,0,0
2024-12-07,2024,7,12,08:00:00,2,0,0
2024-12-07,2024,7,12,09:00:00,27,8,27
2024-12-07,2024,7,12,10:00:00,138,124,23
2024-12-07,2024,7,12,11:00:00,190,142,22
2024-12-07,2024,7,12,12:00:00,87,149,18
2024-12-07,2024,7,12,13:00:00,89,113,25
2024-12-07,2024,7,12,14:00:00,189,111,33
2024-12-07,2024,7,12,15:00:00,288,380,31
2024-12-07,2024,7,12,16:00:00,147,178,32
2024-12-07,2024,7,12,17:00:00,244,311,15
2024-12-07,2024,7,12,18:00:00,115,144,2
2024-12-07,2024,7,12,19:00:00,4,18,0
2024-12-07,2024,7,12,20:00:00,7,0,0
2024-12-07,2024,7,12,21:00:00,16,0,0
2024-12-08,2024,8,12,08:00:00,7,0,0
2024-12-08,2024,8,12,09:00:00,10,0,0
2024-12-08,2024,8,12,10:00:00,14,0,0
2024-12-08,2024,8,12,11:00:00,3,0,0
2024-12-08,2024,8,12,12:00:00,24,0,0
2024-12-08,2024,8,12,13:00:00,39,5,0
2024-12-08,2024,8,12,14:00:00,216,202,44
2024-12-08,2024,8,12,15:00:00,168,228,34
2024-12-08,2024,8,12,16:00:00,189,201,33
2024-12-08,2024,8,12,17:00:00,110,220,14
2024-12-08,2024,8,12,18:00:00,7,0,0
2024-12-09,2024,9,12,06:00:00,1,0,0
2024-12-09,2024,9,12,07:00:00,3,0,0
2024-12-09,2024,9,12,08:00:00,11,0,0
2024-12-09,2024,9,12,09:00:00,12,0,0
2024-12-09,2024,9,12,10:00:00,11,0,0
2024-12-09,2024,9,12,11:00:00,1,0,0
2024-12-09,2024,9,12,12:00:00,5,0,0
2024-12-09,2024,9,12,15:00:00,6,0,0
2024-12-10,2024,10,12,06:00:00,1,0,0
2024-12-10,2024,10,12,08:00:00,9,0,0
2024-12-10,2024,10,12,09:00:00,48,22,22
2024-12-10,2024,10,12,10:00:00,95,95,16
2024-12-10,2024,10,12,11:00:00,101,164,19
2024-12-10,2024,10,12,12:00:00,109,151,19
2024-12-10,2024,10,12,13:00:00,139,150,11
2024-12-10,2024,10,12,14:00:00,97,224,23
2024-12-10,2024,10,12,15:00:00,81,60,22
2024-12-10,2024,10,12,16:00:00,125,96,26
2024-12-10,2024,10,12,17:00:00,79,126,13
2024-12-10,2024,10,12,18:00:00,50,35,9
2024-12-10,2024,10,12,19:00:00,3,8,0
2024-12-10,2024,10,12,20:00:00,1,0,0
2024-12-11,2024,11,12,08:00:00,5,0,0
2024-12-11,2024,11,12,09:00:00,46,50,15
2024-12-11,2024,11,12,10:00:00,104,95,30
2024-12-11,2024,11,12,11:00:00,243,118,25
2024-12-11,2024,11,12,12:00:00,167,128,15
2024-12-11,2024,11,12,13:00:00,167,157,24
2024-12-11,2024,11,12,14:00:00,184,193,17
2024-12-11,2024,11,12,15:00:00,239,257,35
2024-12-11,2024,11,12,16:00:00,235,241,25
2024-12-11,2024,11,12,17:00:00,250,239,37
2024-12-11,2024,11,12,18:00:00,85,167,21
2024-12-11,2024,11,12,19:00:00,5,2,0
2024-12-12,2024,12,12,08:00:00,16,0,0
2024-12-12,2024,12,12,09:00:00,11,3,16
2024-12-12,2024,12,12,10:00:00,137,53,16
2024-12-12,2024,12,12,11:00:00,112,248,26
2024-12-12,2024,12,12,12:00:00,55,166,23
2024-12-12,2024,12,12,13:00:00,21,77,22
2024-12-12,2024,12,12,14:00:00,93,183,13
2024-12-12,2024,12,12,15:00:00,117,204,17
2024-12-12,2024,12,12,16:00:00,105,65,26
2024-12-12,2024,12,12,17:00:00,40,50,23
2024-12-12,2024,12,12,18:00:00,47,38,11
2024-12-12,2024,12,12,19:00:00,5,0,0
2024-12-13,2024,13,12,07:00:00,4,0,0
2024-12-13,2024,13,12,08:00:00,6,0,1
2024-12-13,2024,13,12,09:00:00,36,61,15
2024-12-13,2024,13,12,10:00:00,147,163,12
2024-12-13,2024,13,12,11:00:00,46,90,10
2024-12-13,2024,13,12,12:00:00,64,43,13
2024-12-13,2024,13,12,13:00:00,44,61,13
2024-12-13,2024,13,12,14:00:00,69,74,22
2024-12-13,2024,13,12,15:00:00,168,111,23
2024-12-13,2024,13,12,16:00:00,95,125,23
2024-12-13,2024,13,12,17:00:00,63,164,15
2024-12-13,2024,13,12,18:00:00,84,53,8
2024-12-13,2024,13,12,20:00:00,3,0,0
2024-12-14,2024,14,12,08:00:00,4,0,0
2024-12-14,2024,14,12,09:00:00,34,11,13
2024-12-14,2024,14,12,10:00:00,123,87,18
2024-12-14,2024,14,12,11:00:00,139,161,20
2024-12-14,2024,14,12,12:00:00,198,181,15
2024-12-14,2024,14,12,13:00:00,104,102,32
2024-12-14,2024,14,12,14:00:00,163,155,29
2024-12-14,2024,14,12,15:00:00,241,181,29
2024-12-14,2024,14,12,16:00:00,306,335,36
2024-12-14,2024,14,12,17:00:00,195,210,15
2024-12-14,2024,14,12,18:00:00,123,193,8
2024-12-14,2024,14,12,19:00:00,34,8,0
2024-12-15,2024,15,12,10:00:00,14,0,0
2024-12-15,2024,15,12,11:00:00,25,0,0
2024-12-15,2024,15,12,13:00:00,7,0,0
2024-12-15,2024,15,12,14:00:00,203,136,32
2024-12-15,2024,15,12,15:00:00,140,180,20
2024-12-15,2024,15,12,16:00:00,287,277,26
2024-12-15,2024,15,12,17:00:00,175,310,33
2024-12-15,2024,15,12,18:00:00,9,3,0
2024-12-16,2024,16,12,03:00:00,1,0,0
2024-12-16,2024,16,12,06:00:00,2,0,0
2024-12-16,2024,16,12,07:00:00,5,0,0
2024-12-16,2024,16,12,09:00:00,11,0,0
2024-12-16,2024,16,12,10:00:00,11,0,0
2024-12-16,2024,16,12,11:00:00,10,0,0
2024-12-16,2024,16,12,12:00:00,1,0,0
2024-12-16,2024,16,12,14:00:00,5,0,0
2024-12-16,2024,16,12,15:00:00,1,0,0
2024-12-16,2024,16,12,16:00:00,13,0,0
2024-12-16,2024,16,12,18:00:00,1,0,0
2024-12-16,2024,16,12,19:00:00,5,0,0
2024-12-17,2024,17,12,08:00:00,9,0,0
2024-12-17,2024,17,12,09:00:00,41,11,21
2024-12-17,2024,17,12,10:00:00,150,104,15
2024-12-17,2024,17,12,11:00:00,83,71,23
2024-12-17,2024,17,12,12:00:00,45,41,13
2024-12-17,2024,17,12,13:00:00,143,115,19
2024-12-17,2024,17,12,14:00:00,358,243,11
2024-12-17,2024,17,12,15:00:00,209,200,29
2024-12-17,2024,17,12,16:00:00,130,102,21
2024-12-17,2024,17,12,17:00:00,243,255,24
2024-12-17,2024,17,12,18:00:00,79,92,11
2024-12-17,2024,17,12,19:00:00,7,0,0
2024-12-17,2024,17,12,23:00:00,3,0,0
2024-12-18,2024,18,12,07:00:00,17,0,0
2024-12-18,2024,18,12,08:00:00,16,0,0
2024-12-18,2024,18,12,09:00:00,82,28,14
2024-12-18,2024,18,12,10:00:00,440,321,23
2024-12-18,2024,18,12,11:00:00,502,417,15
2024-12-18,2024,18,12,12:00:00,138,110,6
2024-12-18,2024,18,12,13:00:00,250,204,19
2024-12-18,2024,18,12,14:00:00,350,260,43
2024-12-18,2024,18,12,15:00:00,304,177,28
2024-12-18,2024,18,12,16:00:00,195,169,35
2024-12-18,2024,18,12,17:00:00,166,158,20
2024-12-18,2024,18,12,18:00:00,64,125,12
2024-12-18,2024,18,12,19:00:00,3,10,0
2024-12-18,2024,18,12,20:00:00,9,0,0
2024-12-19,2024,19,12,08:00:00,2,0,0
2024-12-19,2024,19,12,09:00:00,45,15,18
2024-12-19,2024,19,12,10:00:00,38,49,10
2024-12-19,2024,19,12,11:00:00,36,29,21
2024-12-19,2024,19,12,12:00:00,93,73,14
2024-12-19,2024,19,12,13:00:00,123,67,21
2024-12-19,2024,19,12,14:00:00,190,47,14
2024-12-19,2024,19,12,15:00:00,195,274,17
2024-12-19,2024,19,12,16:00:00,228,126,21
2024-12-19,2024,19,12,17:00:00,239,221,27
2024-12-19,2024,19,12,18:00:00,60,68,8
2024-12-20,2024,20,12,05:00:00,3,0,0
2024-12-20,2024,20,12,08:00:00,20,0,0
2024-12-20,2024,20,12,09:00:00,138,61,13
2024-12-20,2024,20,12,10:00:00,241,157,15
2024-12-20,2024,20,12,11:00:00,204,250,20
2024-12-20,2024,20,12,12:00:00,115,63,15
2024-12-20,2024,20,12,13:00:00,143,178,16
2024-12-20,2024,20,12,14:00:00,106,93,21
2024-12-20,2024,20,12,15:00:00,97,99,21
2024-12-20,2024,20,12,16:00:00,344,253,26
2024-12-20,2024,20,12,17:00:00,151,184,13
2024-12-20,2024,20,12,18:00:00,76,123,8
2024-12-20,2024,20,12,19:00:00,3,0,0
2024-12-21,2024,21,12,07:00:00,2,0,0
2024-12-21,2024,21,12,08:00:00,6,0,0
2024-12-21,2024,21,12,09:00:00,181,99,14
2024-12-21,2024,21,12,10:00:00,591,240,26
2024-12-21,2024,21,12,11:00:00,179,323,20
2024-12-21,2024,21,12,12:00:00,172,182,19
2024-12-21,2024,21,12,13:00:00,212,204,20
2024-12-21,2024,21,12,14:00:00,399,323,27
2024-12-21,2024,21,12,15:00:00,661,452,25
2024-12-21,2024,21,12,16:00:00,398,522,28
2024-12-21,2024,21,12,17:00:00,247,411,26
2024-12-21,2024,21,12,18:00:00,78,163,22
2024-12-21,2024,21,12,19:00:00,4,0,0
2024-12-22,2024,22,12,10:00:00,37,0,0
2024-12-22,2024,22,12,11:00:00,2,0,0
2024-12-22,2024,22,12,13:00:00,22,0,0
2024-12-22,2024,22,12,14:00:00,23,0,0
2024-12-22,2024,22,12,15:00:00,23,0,0
2024-12-22,2024,22,12,16:00:00,37,0,0
2024-12-22,2024,22,12,17:00:00,35,0,0
2024-12-22,2024,22,12,18:00:00,11,0,0
2024-12-22,2024,22,12,19:00:00,3,0,0
2024-12-22,2024,22,12,20:00:00,7,0,0
2024-12-22,2024,22,12,21:00:00,3,0,0
2024-12-23,2024,23,12,07:00:00,2,0,0
2024-12-23,2024,23,12,10:00:00,46,0,0
2024-12-23,2024,23,12,11:00:00,36,0,0
2024-12-23,2024,23,12,12:00:00,2,0,0
2024-12-23,2024,23,12,13:00:00,9,0,0
2024-12-23,2024,23,12,14:00:00,3,0,0
2024-12-23,2024,23,12,15:00:00,35,0,0
2024-12-23,2024,23,12,16:00:00,11,0,0
2024-12-23,2024,23,12,17:00:00,24,0,0
2024-12-23,2024,23,12,18:00:00,6,0,0
2024-12-24,2024,24,12,08:00:00,7,0,0
2024-12-24,2024,24,12,09:00:00,5,0,0
2024-12-24,2024,24,12,10:00:00,2,0,0
2024-12-26,2024,26,12,08:00:00,7,0,0
2024-12-26,2024,26,12,09:00:00,28,15,18
2024-12-26,2024,26,12,10:00:00,236,87,15
2024-12-26,2024,26,12,11:00:00,277,230,25
2024-12-26,2024,26,12,12:00:00,234,228,20
2024-12-26,2024,26,12,13:00:00,144,233,16
2024-12-26,2024,26,12,14:00:00,256,138,42
2024-12-26,2024,26,12,15:00:00,250,285,34
2024-12-26,2024,26,12,16:00:00,169,296,26
2024-12-26,2024,26,12,17:00:00,198,270,22
2024-12-26,2024,26,12,18:00:00,22,11,0
2024-12-26,2024,26,12,19:00:00,22,0,0
2024-12-26,2024,26,12,20:00:00,2,0,0
2024-12-27,2024,27,12,07:00:00,23,0,0
2024-12-27,2024,27,12,08:00:00,2,0,0
2024-12-27,2024,27,12,09:00:00,30,25,19
2024-12-27,2024,27,12,10:00:00,115,198,19
2024-12-27,2024,27,12,11:00:00,195,256,19
2024-12-27,2024,27,12,12:00:00,95,111,13
2024-12-27,2024,27,12,13:00:00,136,114,19
2024-12-27,2024,27,12,14:00:00,193,158,29
2024-12-27,2024,27,12,15:00:00,183,135,33
2024-12-27,2024,27,12,16:00:00,252,236,24
2024-12-27,2024,27,12,17:00:00,166,220,25
2024-12-27,2024,27,12,18:00:00,6,1,0
2024-12-28,2024,28,12,08:00:00,2,0,0
2024-12-28,2024,28,12,09:00:00,32,13,12
2024-12-28,2024,28,12,10:00:00,62,65,10
2024-12-28,2024,28,12,11:00:00,84,107,15
2024-12-28,2024,28,12,12:00:00,104,137,11
2024-12-28,2024,28,12,13:00:00,85,133,12
2024-12-28,2024,28,12,14:00:00,202,211,23
2024-12-28,2024,28,12,15:00:00,261,261,32
2024-12-28,2024,28,12,16:00:00,306,444,34
2024-12-28,2024,28,12,17:00:00,137,256,31
2024-12-28,2024,28,12,18:00:00,36,2,0
2024-12-28,2024,28,12,19:00:00,1,0,0
2024-12-29,2024,29,12,10:00:00,22,0,0
2024-12-29,2024,29,12,11:00:00,5,0,0
2024-12-29,2024,29,12,12:00:00,2,0,0
2024-12-29,2024,29,12,13:00:00,3,0,0
2024-12-29,2024,29,12,14:00:00,28,0,0
2024-12-29,2024,29,12,15:00:00,17,0,0
2024-12-29,2024,29,12,16:00:00,20,0,0
2024-12-29,2024,29,12,19:00:00,3,0,0
2024-12-30,2024,30,12,09:00:00,2,0,0
2024-12-30,2024,30,12,10:00:00,15,0,0
2024-12-30,2024,30,12,11:00:00,14,0,0
2024-12-30,2024,30,12,12:00:00,3,0,0
2025-01-02,2025,2,1,08:00:00,26,0,0
2025-01-02,2025,2,1,09:00:00,31,25,19
2025-01-02,2025,2,1,10:00:00,296,168,19
2025-01-02,2025,2,1,11:00:00,238,255,31
2025-01-02,2025,2,1,12:00:00,163,203,16
2025-01-02,2025,2,1,13:00:00,198,161,25
2025-01-02,2025,2,1,14:00:00,322,234,34
2025-01-02,2025,2,1,15:00:00,432,378,47
2025-01-02,2025,2,1,16:00:00,489,410,39
2025-01-02,2025,2,1,17:00:00,274,407,22
2025-01-02,2025,2,1,18:00:00,38,12,0
2025-01-02,2025,2,1,19:00:00,1,0,0
2025-01-02,2025,2,1,20:00:00,17,0,0
2025-01-02,2025,2,1,22:00:00,3,0,0
2025-01-03,2025,3,1,08:00:00,4,0,0
2025-01-03,2025,3,1,09:00:00,40,16,15
2025-01-03,2025,3,1,10:00:00,141,92,17
2025-01-03,2025,3,1,11:00:00,89,89,27
2025-01-03,2025,3,1,12:00:00,73,63,26
2025-01-03,2025,3,1,13:00:00,191,90,19
2025-01-03,2025,3,1,14:00:00,216,243,31
2025-01-03,2025,3,1,15:00:00,363,402,32
2025-01-03,2025,3,1,16:00:00,259,377,34
2025-01-03,2025,3,1,17:00:00,141,207,27
2025-01-03,2025,3,1,18:00:00,15,2,0
2025-01-04,2025,4,1,08:00:00,2,0,0
2025-01-04,2025,4,1,09:00:00,46,6,16
2025-01-04,2025,4,1,10:00:00,139,127,12
2025-01-04,2025,4,1,11:00:00,153,183,14
2025-01-04,2025,4,1,12:00:00,142,175,25
2025-01-04,2025,4,1,13:00:00,201,225,27
2025-01-04,2025,4,1,14:00:00,254,185,36
2025-01-04,2025,4,1,15:00:00,308,308,45
2025-01-04,2025,4,1,16:00:00,411,445,55
2025-01-04,2025,4,1,17:00:00,157,382,38
2025-01-04,2025,4,1,18:00:00,49,2,0
2025-01-05,2025,5,1,11:00:00,2,0,0
2025-01-05,2025,5,1,13:00:00,6,0,0
2025-01-05,2025,5,1,14:00:00,7,0,0
2025-01-05,2025,5,1,15:00:00,40,0,0
2025-01-05,2025,5,1,16:00:00,50,0,0
2025-01-05,2025,5,1,17:00:00,29,0,0
2025-01-05,2025,5,1,18:00:00,8,0,0
2025-01-06,2025,6,1,07:00:00,1,0,0
2025-01-06,2025,6,1,08:00:00,25,0,0
2025-01-06,2025,6,1,09:00:00,3,0,0
2025-01-06,2025,6,1,10:00:00,1,0,0
2025-01-06,2025,6,1,11:00:00,4,0,0
2025-01-06,2025,6,1,12:00:00,12,0,0
2025-01-06,2025,6,1,13:00:00,9,0,0
2025-01-06,2025,6,1,14:00:00,8,0,0
2025-01-06,2025,6,1,15:00:00,31,0,0
2025-01-06,2025,6,1,16:00:00,4,0,0
2025-01-06,2025,6,1,17:00:00,9,0,0
2025-01-06,2025,6,1,19:00:00,1,0,0
2025-01-07,2025,7,1,08:00:00,10,0,0
2025-01-07,2025,7,1,09:00:00,83,25,19
2025-01-07,2025,7,1,10:00:00,100,104,22
2025-01-07,2025,7,1,11:00:00,119,119,17
2025-01-07,2025,7,1,12:00:00,150,82,12
2025-01-07,2025,7,1,13:00:00,107,79,11
2025-01-07,2025,7,1,14:00:00,125,137,24
2025-01-07,2025,7,1,15:00:00,128,61,38
2025-01-07,2025,7,1,16:00:00,148,124,21
2025-01-07,2025,7,1,17:00:00,185,149,25
2025-01-07,2025,7,1,18:00:00,82,115,19
2025-01-07,2025,7,1,19:00:00,13,1,0
2025-01-07,2025,7,1,20:00:00,3,0,0
2025-01-08,2025,8,1,07:00:00,2,0,0
2025-01-08,2025,8,1,08:00:00,5,0,0
2025-01-08,2025,8,1,09:00:00,57,41,14
2025-01-08,2025,8,1,10:00:00,241,137,8
2025-01-08,2025,8,1,11:00:00,134,167,22
2025-01-08,2025,8,1,12:00:00,121,137,33
2025-01-08,2025,8,1,13:00:00,148,97,29
2025-01-08,2025,8,1,14:00:00,244,156,27
2025-01-08,2025,8,1,15:00:00,260,340,34
2025-01-08,2025,8,1,16:00:00,267,263,27
2025-01-08,2025,8,1,17:00:00,127,143,24
2025-01-08,2025,8,1,18:00:00,29,83,7
2025-01-08,2025,8,1,19:00:00,4,0,0
2025-01-09,2025,9,1,08:00:00,4,0,0
2025-01-09,2025,9,1,09:00:00,7,8,5
2025-01-09,2025,9,1,10:00:00,33,95,19
2025-01-09,2025,9,1,11:00:00,80,25,24
2025-01-09,2025,9,1,12:00:00,53,20,17
2025-01-09,2025,9,1,13:00:00,39,48,15
2025-01-09,2025,9,1,14:00:00,56,42,17
2025-01-09,2025,9,1,15:00:00,76,174,30
2025-01-09,2025,9,1,16:00:00,69,100,17
2025-01-09,2025,9,1,17:00:00,105,111,22
2025-01-09,2025,9,1,18:00:00,20,55,13
2025-01-10,2025,10,1,08:00:00,3,0,0
2025-01-10,2025,10,1,09:00:00,31,14,11
2025-01-10,2025,10,1,10:00:00,77,22,22
2025-01-10,2025,10,1,11:00:00,37,69,20
2025-01-10,2025,10,1,12:00:00,50,38,17
2025-01-10,2025,10,1,13:00:00,73,104,17
2025-01-10,2025,10,1,14:00:00,140,117,31
2025-01-10,2025,10,1,15:00:00,80,71,32
2025-01-10,2025,10,1,16:00:00,81,75,18
2025-01-10,2025,10,1,17:00:00,35,59,16
2025-01-10,2025,10,1,18:00:00,73,67,16
2025-01-10,2025,10,1,19:00:00,21,3,0
2025-01-11,2025,11,1,08:00:00,2,0,0
2025-01-11,2025,11,1,09:00:00,7,3,9
2025-01-11,2025,11,1,10:00:00,115,112,18
2025-01-11,2025,11,1,11:00:00,181,161,28
2025-01-11,2025,11,1,12:00:00,129,157,13
2025-01-11,2025,11,1,13:00:00,114,148,15
2025-01-11,2025,11,1,14:00:00,272,260,23
2025-01-11,2025,11,1,15:00:00,311,394,40
2025-01-11,2025,11,1,16:00:00,281,274,30
2025-01-11,2025,11,1,17:00:00,187,258,22
2025-01-11,2025,11,1,18:00:00,199,314,14
2025-01-11,2025,11,1,19:00:00,1,0,0
2025-01-11,2025,11,1,20:00:00,2,0,0
2025-01-12,2025,12,1,09:00:00,1,0,0
2025-01-12,2025,12,1,10:00:00,8,0,0
2025-01-12,2025,12,1,11:00:00,27,0,0
2025-01-12,2025,12,1,12:00:00,20,0,0
2025-01-12,2025,12,1,13:00:00,3,0,0
2025-01-12,2025,12,1,14:00:00,214,0,24
2025-01-12,2025,12,1,15:00:00,204,0,22
2025-01-12,2025,12,1,16:00:00,214,0,24
2025-01-12,2025,12,1,17:00:00,158,0,33
2025-01-12,2025,12,1,23:00:00,1,0,0
2025-01-13,2025,13,1,12:00:00,14,0,0
2025-01-13,2025,13,1,13:00:00,3,0,0
2025-01-13,2025,13,1,14:00:00,2,0,0
2025-01-13,2025,13,1,15:00:00,6,0,0
2025-01-13,2025,13,1,16:00:00,1,0,0
2025-01-13,2025,13,1,17:00:00,3,0,0
2025-01-13,2025,13,1,18:00:00,3,0,0
2025-01-14,2025,14,1,07:00:00,8,0,0
2025-01-14,2025,14,1,08:00:00,21,0,0
2025-01-14,2025,14,1,09:00:00,51,0,13
2025-01-14,2025,14,1,10:00:00,93,0,23
2025-01-14,2025,14,1,11:00:00,77,0,17
2025-01-14,2025,14,1,12:00:00,102,0,18
2025-01-14,2025,14,1,13:00:00,50,0,13
2025-01-14,2025,14,1,14:00:00,93,0,30
2025-01-14,2025,14,1,15:00:00,66,0,30
2025-01-14,2025,14,1,16:00:00,96,0,21
2025-01-14,2025,14,1,17:00:00,107,0,30
2025-01-14,2025,14,1,18:00:00,34,0,21
2025-01-14,2025,14,1,19:00:00,6,0,0
2025-01-14,2025,14,1,20:00:00,6,0,0
2025-01-15,2025,15,1,06:00:00,2,0,0
2025-01-15,2025,15,1,08:00:00,17,0,0
2025-01-15,2025,15,1,09:00:00,32,0,8
2025-01-15,2025,15,1,10:00:00,251,0,26
2025-01-15,2025,15,1,11:00:00,178,0,23
2025-01-15,2025,15,1,12:00:00,146,0,30
2025-01-15,2025,15,1,13:00:00,91,0,25
2025-01-15,2025,15,1,14:00:00,182,0,30
2025-01-15,2025,15,1,15:00:00,248,0,40
2025-01-15,2025,15,1,16:00:00,328,0,18
2025-01-15,2025,15,1,17:00:00,126,0,32
2025-01-15,2025,15,1,18:00:00,31,0,16
2025-01-16,2025,16,1,07:00:00,4,0,0
2025-01-16,2025,16,1,08:00:00,10,0,0
2025-01-16,2025,16,1,09:00:00,29,0,12
2025-01-16,2025,16,1,10:00:00,62,0,31
2025-01-16,2025,16,1,11:00:00,80,0,22
2025-01-16,2025,16,1,12:00:00,105,0,18
2025-01-16,2025,16,1,13:00:00,71,0,22
2025-01-16,2025,16,1,14:00:00,41,0,24
2025-01-16,2025,16,1,15:00:00,45,0,23
2025-01-16,2025,16,1,16:00:00,113,0,20
2025-01-16,2025,16,1,17:00:00,62,0,19
2025-01-16,2025,16,1,18:00:00,51,0,16
2025-01-16,2025,16,1,19:00:00,9,0,0
2025-01-17,2025,17,1,06:00:00,3,0,0
2025-01-17,2025,17,1,08:00:00,7,0,0
2025-01-17,2025,17,1,09:00:00,76,0,2
2025-01-17,2025,17,1,10:00:00,95,0,23
2025-01-17,2025,17,1,11:00:00,68,0,17
2025-01-17,2025,17,1,12:00:00,54,0,19
2025-01-17,2025,17,1,13:00:00,83,0,14
2025-01-17,2025,17,1,14:00:00,56,0,20
2025-01-17,2025,17,1,15:00:00,122,0,27
2025-01-17,2025,17,1,16:00:00,110,0,27
2025-01-17,2025,17,1,17:00:00,38,0,18
2025-01-17,2025,17,1,18:00:00,56,0,12
2025-01-18,2025,18,1,08:00:00,3,0,0
2025-01-18,2025,18,1,09:00:00,13,6,6
2025-01-18,2025,18,1,10:00:00,81,60,23
2025-01-18,2025,18,1,11:00:00,138,203,24
2025-01-18,2025,18,1,12:00:00,89,150,18
2025-01-18,2025,18,1,13:00:00,75,116,22
2025-01-18,2025,18,1,14:00:00,399,258,37
2025-01-18,2025,18,1,15:00:00,224,285,40
2025-01-18,2025,18,1,16:00:00,296,387,36
2025-01-18,2025,18,1,17:00:00,118,318,26
2025-01-18,2025,18,1,18:00:00,164,329,7
2025-01-18,2025,18,1,19:00:00,19,0,0
2025-01-19,2025,19,1,10:00:00,3,0,0
2025-01-19,2025,19,1,11:00:00,36,0,0
2025-01-19,2025,19,1,12:00:00,8,0,0
2025-01-19,2025,19,1,13:00:00,16,0,0
2025-01-19,2025,19,1,14:00:00,175,141,27
2025-01-19,2025,19,1,15:00:00,204,277,20
2025-01-19,2025,19,1,16:00:00,202,360,24
2025-01-19,2025,19,1,17:00:00,141,300,23
2025-01-19,2025,19,1,18:00:00,14,10,0
2025-01-19,2025,19,1,19:00:00,10,0,0
2025-01-20,2025,20,1,06:00:00,3,0,0
2025-01-20,2025,20,1,07:00:00,1,0,0
2025-01-20,2025,20,1,08:00:00,6,0,0
2025-01-20,2025,20,1,12:00:00,1,0,0
2025-01-20,2025,20,1,13:00:00,3,0,0
2025-01-20,2025,20,1,14:00:00,6,0,0
2025-01-20,2025,20,1,15:00:00,14,0,0
2025-01-20,2025,20,1,16:00:00,3,0,0
2025-01-20,2025,20,1,17:00:00,3,0,0
2025-01-20,2025,20,1,18:00:00,1,0,0
2025-01-21,2025,21,1,08:00:00,9,0,0
2025-01-21,2025,21,1,09:00:00,11,5,19
2025-01-21,2025,21,1,10:00:00,82,67,24
2025-01-21,2025,21,1,11:00:00,92,104,25
2025-01-21,2025,21,1,12:00:00,54,62,23
2025-01-21,2025,21,1,13:00:00,58,55,18
2025-01-21,2025,21,1,14:00:00,67,52,30
2025-01-21,2025,21,1,15:00:00,58,83,18
2025-01-21,2025,21,1,16:00:00,76,47,39
2025-01-21,2025,21,1,17:00:00,102,136,30
2025-01-21,2025,21,1,18:00:00,27,30,18
2025-01-21,2025,21,1,19:00:00,4,0,0
2025-01-22,2025,22,1,06:00:00,2,0,0
2025-01-22,2025,22,1,07:00:00,1,0,0
2025-01-22,2025,22,1,08:00:00,12,0,0
2025-01-22,2025,22,1,09:00:00,32,7,10
2025-01-22,2025,22,1,10:00:00,145,141,18
2025-01-22,2025,22,1,11:00:00,100,117,23
2025-01-22,2025,22,1,12:00:00,122,132,19
2025-01-22,2025,22,1,13:00:00,137,146,18
2025-01-22,2025,22,1,14:00:00,188,192,24
2025-01-22,2025,22,1,15:00:00,233,286,39
2025-01-22,2025,22,1,16:00:00,321,263,40
2025-01-22,2025,22,1,17:00:00,65,230,25
2025-01-22,2025,22,1,18:00:00,58,89,15
2025-01-22,2025,22,1,19:00:00,1,0,0
2025-01-23,2025,23,1,07:00:00,4,0,0
2025-01-23,2025,23,1,08:00:00,8,0,0
2025-01-23,2025,23,1,09:00:00,22,23,19
2025-01-23,2025,23,1,10:00:00,67,63,23
2025-01-23,2025,23,1,11:00:00,25,34,31
2025-01-23,2025,23,1,12:00:00,80,63,17
2025-01-23,2025,23,1,13:00:00,50,26,14
2025-01-23,2025,23,1,14:00:00,76,93,25
2025-01-23,2025,23,1,15:00:00,57,91,19
2025-01-23,2025,23,1,16:00:00,56,73,27
2025-01-23,2025,23,1,17:00:00,92,106,34
2025-01-23,2025,23,1,18:00:00,49,94,16
2025-01-24,2025,24,1,06:00:00,1,0,0
2025-01-24,2025,24,1,08:00:00,5,0,0
2025-01-24,2025,24,1,09:00:00,50,27,13
2025-01-24,2025,24,1,10:00:00,26,40,17
2025-01-24,2025,24,1,11:00:00,36,31,12
2025-01-24,2025,24,1,12:00:00,108,75,12
2025-01-24,2025,24,1,13:00:00,75,85,14
2025-01-24,2025,24,1,14:00:00,29,74,16
2025-01-24,2025,24,1,15:00:00,12,58,13
2025-01-24,2025,24,1,16:00:00,60,48,38
2025-01-24,2025,24,1,17:00:00,95,80,7
2025-01-24,2025,24,1,18:00:00,7,0,0
2025-01-25,2025,25,1,09:00:00,21,14,14
2025-01-25,2025,25,1,10:00:00,174,139,24
2025-01-25,2025,25,1,11:00:00,99,189,44
2025-01-25,2025,25,1,12:00:00,54,128,54
2025-01-25,2025,25,1,13:00:00,132,96,56
2025-01-25,2025,25,1,14:00:00,229,279,68
2025-01-25,2025,25,1,15:00:00,241,281,82
2025-01-25,2025,25,1,16:00:00,245,342,56
2025-01-25,2025,25,1,17:00:00,173,349,56
2025-01-25,2025,25,1,18:00:00,200,288,28
2025-01-25,2025,25,1,19:00:00,14,30,0
2025-01-26,2025,26,1,08:00:00,9,0,0
2025-01-26,2025,26,1,10:00:00,8,0,0
2025-01-26,2025,26,1,12:00:00,2,0,0
2025-01-26,2025,26,1,13:00:00,7,0,0
2025-01-26,2025,26,1,14:00:00,84,97,43
2025-01-26,2025,26,1,15:00:00,151,241,35
2025-01-26,2025,26,1,16:00:00,201,297,27
2025-01-26,2025,26,1,17:00:00,117,441,31
2025-01-26,2025,26,1,18:00:00,6,5,0
2025-01-27,2025,27,1,06:00:00,4,0,0
2025-01-27,2025,27,1,07:00:00,2,0,0
2025-01-27,2025,27,1,08:00:00,8,0,0
2025-01-27,2025,27,1,09:00:00,11,0,0
2025-01-27,2025,27,1,10:00:00,3,0,0
2025-01-27,2025,27,1,11:00:00,5,0,0
2025-01-27,2025,27,1,13:00:00,5,0,0
2025-01-27,2025,27,1,14:00:00,4,0,0
2025-01-27,2025,27,1,15:00:00,2,0,0
2025-01-27,2025,27,1,16:00:00,22,0,0
2025-01-28,2025,28,1,08:00:00,7,0,0
2025-01-28,2025,28,1,09:00:00,48,16,16
2025-01-28,2025,28,1,10:00:00,113,83,25
2025-01-28,2025,28,1,11:00:00,72,100,15
2025-01-28,2025,28,1,12:00:00,45,73,19
2025-01-28,2025,28,1,13:00:00,77,41,18
2025-01-28,2025,28,1,14:00:00,141,162,20
2025-01-28,2025,28,1,15:00:00,140,254,18
2025-01-28,2025,28,1,16:00:00,96,308,31
2025-01-28,2025,28,1,17:00:00,113,93,28
2025-01-28,2025,28,1,18:00:00,96,87,10
2025-01-28,2025,28,1,21:00:00,6,0,0
2025-01-29,2025,29,1,08:00:00,4,0,0
2025-01-29,2025,29,1,09:00:00,31,135,26
2025-01-29,2025,29,1,10:00:00,132,215,23
2025-01-29,2025,29,1,11:00:00,117,245,17
2025-01-29,2025,29,1,12:00:00,53,141,15
2025-01-29,2025,29,1,13:00:00,182,157,19
2025-01-29,2025,29,1,14:00:00,205,206,28
2025-01-29,2025,29,1,15:00:00,207,332,27
2025-01-29,2025,29,1,16:00:00,202,228,54
2025-01-29,2025,29,1,17:00:00,188,305,39
2025-01-29,2025,29,1,18:00:00,52,118,17
2025-01-29,2025,29,1,19:00:00,2,0,0
2025-01-30,2025,30,1,08:00:00,4,0,0
2025-01-30,2025,30,1,09:00:00,27,153,11
2025-01-30,2025,30,1,10:00:00,44,231,14
2025-01-30,2025,30,1,11:00:00,72,63,13
2025-01-30,2025,30,1,12:00:00,34,87,16
2025-01-30,2025,30,1,13:00:00,83,101,13
2025-01-30,2025,30,1,14:00:00,59,76,20
2025-01-30,2025,30,1,15:00:00,40,58,26
2025-01-30,2025,30,1,16:00:00,55,73,40
2025-01-30,2025,30,1,17:00:00,60,54,26
2025-01-30,2025,30,1,18:00:00,29,79,18
2025-01-30,2025,30,1,19:00:00,9,0,0
2025-01-31,2025,31,1,06:00:00,4,0,0
2025-01-31,2025,31,1,07:00:00,1,0,0
2025-01-31,2025,31,1,08:00:00,6,0,0
2025-01-31,2025,31,1,09:00:00,38,12,8
2025-01-31,2025,31,1,10:00:00,48,73,17
2025-01-31,2025,31,1,11:00:00,51,77,12
2025-01-31,2025,31,1,12:00:00,44,55,12
2025-01-31,2025,31,1,13:00:00,74,50,23
2025-01-31,2025,31,1,14:00:00,77,60,30
2025-01-31,2025,31,1,15:00:00,43,143,22
2025-01-31,2025,31,1,16:00:00,121,85,31
2025-01-31,2025,31,1,17:00:00,42,54,16
2025-01-31,2025,31,1,18:00:00,53,79,12
2025-01-31,2025,31,1,19:00:00,15,1,0
2025-02-01,2025,1,2,08:00:00,4,0,0
2025-02-01,2025,1,2,09:00:00,45,21,12
2025-02-01,2025,1,2,10:00:00,127,162,21
2025-02-01,2025,1,2,11:00:00,126,182,10
2025-02-01,2025,1,2,12:00:00,106,147,16
2025-02-01,2025,1,2,13:00:00,53,76,22
2025-02-01,2025,1,2,14:00:00,236,241,35
2025-02-01,2025,1,2,15:00:00,222,226,51
2025-02-01,2025,1,2,16:00:00,239,308,38
2025-02-01,2025,1,2,17:00:00,130,233,36
2025-02-01,2025,1,2,18:00:00,108,194,17
2025-02-01,2025,1,2,19:00:00,15,0,0
2025-02-01,2025,1,2,21:00:00,2,0,0
2025-02-02,2025,2,2,09:00:00,8,0,0
2025-02-02,2025,2,2,12:00:00,12,0,0
2025-02-02,2025,2,2,14:00:00,106,117,35
2025-02-02,2025,2,2,15:00:00,204,251,37
2025-02-02,2025,2,2,16:00:00,186,267,28
2025-02-02,2025,2,2,17:00:00,152,237,24
2025-02-02,2025,2,2,18:00:00,17,13,0
2025-02-03,2025,3,2,08:00:00,5,0,0
2025-02-03,2025,3,2,09:00:00,6,0,0
2025-02-03,2025,3,2,10:00:00,12,0,0
2025-02-03,2025,3,2,11:00:00,4,0,0
2025-02-03,2025,3,2,15:00:00,5,0,0
2025-02-03,2025,3,2,17:00:00,7,0,0
2025-02-04,2025,4,2,07:00:00,1,0,0
2025-02-04,2025,4,2,08:00:00,2,0,2
2025-02-04,2025,4,2,09:00:00,45,16,25
2025-02-04,2025,4,2,10:00:00,143,57,33
2025-02-04,2025,4,2,11:00:00,51,118,19
2025-02-04,2025,4,2,12:00:00,54,53,19
2025-02-04,2025,4,2,13:00:00,75,54,23
2025-02-04,2025,4,2,14:00:00,322,186,25
2025-02-04,2025,4,2,15:00:00,207,253,22
2025-02-04,2025,4,2,16:00:00,223,217,29
2025-02-04,2025,4,2,17:00:00,139,128,19
2025-02-04,2025,4,2,18:00:00,41,56,15
2025-02-04,2025,4,2,21:00:00,16,0,0
2025-02-05,2025,5,2,06:00:00,1,0,0
2025-02-05,2025,5,2,07:00:00,1,0,0
2025-02-05,2025,5,2,08:00:00,19,0,0
2025-02-05,2025,5,2,09:00:00,192,127,23
2025-02-05,2025,5,2,10:00:00,456,347,26
2025-02-05,2025,5,2,11:00:00,305,318,32
2025-02-05,2025,5,2,12:00:00,109,130,17
2025-02-05,2025,5,2,13:00:00,255,154,23
2025-02-05,2025,5,2,14:00:00,166,162,49
2025-02-05,2025,5,2,15:00:00,172,226,30
2025-02-05,2025,5,2,16:00:00,233,317,41
2025-02-05,2025,5,2,17:00:00,140,208,31
2025-02-05,2025,5,2,18:00:00,86,88,19
2025-02-06,2025,6,2,07:00:00,3,0,0
2025-02-06,2025,6,2,08:00:00,1,0,0
2025-02-06,2025,6,2,09:00:00,114,25,16
2025-02-06,2025,6,2,10:00:00,30,46,17
2025-02-06,2025,6,2,11:00:00,30,100,15
2025-02-06,2025,6,2,12:00:00,87,39,33
2025-02-06,2025,6,2,13:00:00,29,18,24
2025-02-06,2025,6,2,14:00:00,104,118,25
2025-02-06,2025,6,2,15:00:00,208,222,31
2025-02-06,2025,6,2,16:00:00,201,139,33
2025-02-06,2025,6,2,17:00:00,223,286,15
2025-02-06,2025,6,2,18:00:00,20,86,8
2025-02-07,2025,7,2,07:00:00,4,0,0
2025-02-07,2025,7,2,08:00:00,48,0,0
2025-02-07,2025,7,2,09:00:00,252,186,11
2025-02-07,2025,7,2,10:00:00,222,165,23
2025-02-07,2025,7,2,11:00:00,150,130,19
2025-02-07,2025,7,2,12:00:00,206,107,9
2025-02-07,2025,7,2,13:00:00,59,188,14
2025-02-07,2025,7,2,14:00:00,72,96,34
2025-02-07,2025,7,2,15:00:00,79,187,18
2025-02-07,2025,7,2,16:00:00,225,281,20
2025-02-07,2025,7,2,17:00:00,444,378,19
2025-02-07,2025,7,2,18:00:00,41,120,5
2025-02-08,2025,8,2,08:00:00,4,0,0
2025-02-08,2025,8,2,09:00:00,251,227,7
2025-02-08,2025,8,2,10:00:00,285,257,20
2025-02-08,2025,8,2,11:00:00,351,422,26
2025-02-08,2025,8,2,12:00:00,91,142,17
2025-02-08,2025,8,2,13:00:00,175,166,25
2025-02-08,2025,8,2,14:00:00,491,443,33
2025-02-08,2025,8,2,15:00:00,352,390,31
2025-02-08,2025,8,2,16:00:00,254,327,23
2025-02-08,2025,8,2,17:00:00,237,415,20
2025-02-08,2025,8,2,18:00:00,81,277,12
2025-02-08,2025,8,2,19:00:00,3,0,0
2025-02-08,2025,8,2,20:00:00,2,0,0
2025-02-09,2025,9,2,10:00:00,8,0,0
2025-02-09,2025,9,2,11:00:00,16,0,0
2025-02-09,2025,9,2,12:00:00,1,0,0
2025-02-09,2025,9,2,13:00:00,10,0,0
2025-02-09,2025,9,2,14:00:00,34,0,0
2025-02-09,2025,9,2,15:00:00,18,0,0
2025-02-09,2025,9,2,16:00:00,12,0,0
2025-02-09,2025,9,2,17:00:00,27,0,0
2025-02-09,2025,9,2,19:00:00,7,0,0
2025-02-10,2025,10,2,06:00:00,2,0,0
2025-02-10,2025,10,2,08:00:00,4,0,0
2025-02-10,2025,10,2,09:00:00,4,0,0
2025-02-10,2025,10,2,11:00:00,1,0,0
2025-02-10,2025,10,2,14:00:00,6,0,0
2025-02-10,2025,10,2,15:00:00,14,0,0
2025-02-10,2025,10,2,19:00:00,7,0,0
2025-02-11,2025,11,2,07:00:00,3,0,0
2025-02-11,2025,11,2,08:00:00,3,0,0
2025-02-11,2025,11,2,09:00:00,185,74,20
2025-02-11,2025,11,2,10:00:00,151,180,27
2025-02-11,2025,11,2,11:00:00,70,127,19
2025-02-11,2025,11,2,12:00:00,30,76,18
2025-02-11,2025,11,2,13:00:00,155,107,29
2025-02-11,2025,11,2,14:00:00,266,267,40
2025-02-11,2025,11,2,15:00:00,345,344,32
2025-02-11,2025,11,2,16:00:00,201,329,56
2025-02-11,2025,11,2,17:00:00,147,249,25
2025-02-11,2025,11,2,18:00:00,21,0,0
2025-02-11,2025,11,2,19:00:00,3,0,0
2025-02-12,2025,12,2,07:00:00,2,0,0
2025-02-12,2025,12,2,08:00:00,16,0,1
2025-02-12,2025,12,2,09:00:00,68,73,20
2025-02-12,2025,12,2,10:00:00,139,78,16
2025-02-12,2025,12,2,11:00:00,290,170,19
2025-02-12,2025,12,2,12:00:00,127,198,33
2025-02-12,2025,12,2,13:00:00,96,132,26
2025-02-12,2025,12,2,14:00:00,193,214,34
2025-02-12,2025,12,2,15:00:00,157,218,44
2025-02-12,2025,12,2,16:00:00,143,194,29
2025-02-12,2025,12,2,17:00:00,109,296,50
2025-02-12,2025,12,2,18:00:00,61,17,0
2025-02-12,2025,12,2,20:00:00,3,0,0
2025-02-13,2025,13,2,06:00:00,4,0,0
2025-02-13,2025,13,2,09:00:00,26,18,8
2025-02-13,2025,13,2,10:00:00,70,68,35
2025-02-13,2025,13,2,11:00:00,70,77,23
2025-02-13,2025,13,2,12:00:00,112,105,11
2025-02-13,2025,13,2,13:00:00,84,115,43
2025-02-13,2025,13,2,14:00:00,166,179,28
2025-02-13,2025,13,2,15:00:00,138,237,26
2025-02-13,2025,13,2,16:00:00,170,169,42
2025-02-13,2025,13,2,17:00:00,56,257,28
2025-02-13,2025,13,2,18:00:00,17,0,0
2025-02-14,2025,14,2,08:00:00,6,0,0
2025-02-14,2025,14,2,09:00:00,9,14,13
2025-02-14,2025,14,2,10:00:00,42,24,16
2025-02-14,2025,14,2,11:00:00,61,98,22
2025-02-14,2025,14,2,12:00:00,59,35,14
2025-02-14,2025,14,2,13:00:00,73,89,18
2025-02-14,2025,14,2,14:00:00,128,144,27
2025-02-14,2025,14,2,15:00:00,158,101,36
2025-02-14,2025,14,2,16:00:00,155,142,23
2025-02-14,2025,14,2,17:00:00,108,226,28
2025-02-14,2025,14,2,18:00:00,39,2,0
2025-02-14,2025,14,2,22:00:00,3,0,0
2025-02-15,2025,15,2,08:00:00,4,0,0
2025-02-15,2025,15,2,09:00:00,55,18,10
2025-02-15,2025,15,2,10:00:00,211,125,13
2025-02-15,2025,15,2,11:00:00,137,148,17
2025-02-15,2025,15,2,12:00:00,160,159,20
2025-02-15,2025,15,2,13:00:00,109,78,22
2025-02-15,2025,15,2,14:00:00,185,161,35
2025-02-15,2025,15,2,15:00:00,293,320,47
2025-02-15,2025,15,2,16:00:00,252,354,39
2025-02-15,2025,15,2,17:00:00,252,535,21
2025-02-15,2025,15,2,18:00:00,26,14,0
2025-02-15,2025,15,2,19:00:00,10,0,0
2025-02-16,2025,16,2,11:00:00,1,0,0
2025-02-16,2025,16,2,12:00:00,13,0,0
2025-02-16,2025,16,2,14:00:00,8,0,0
2025-02-16,2025,16,2,15:00:00,1,0,0
2025-02-16,2025,16,2,16:00:00,7,0,0
2025-02-16,2025,16,2,17:00:00,1,0,0
2025-02-16,2025,16,2,18:00:00,1,0,0
2025-02-16,2025,16,2,19:00:00,4,0,0
2025-02-16,2025,16,2,21:00:00,21,0,0
2025-02-17,2025,17,2,07:00:00,11,0,0
2025-02-17,2025,17,2,09:00:00,7,0,0
2025-02-17,2025,17,2,11:00:00,22,0,0
2025-02-17,2025,17,2,12:00:00,17,0,0
2025-02-17,2025,17,2,13:00:00,9,0,0
2025-02-17,2025,17,2,14:00:00,17,0,0
2025-02-17,2025,17,2,15:00:00,9,0,0
2025-02-17,2025,17,2,16:00:00,2,0,0
2025-02-17,2025,17,2,17:00:00,4,0,0
2025-02-18,2025,18,2,06:00:00,2,0,0
2025-02-18,2025,18,2,07:00:00,8,0,0
2025-02-18,2025,18,2,08:00:00,7,0,0
2025-02-18,2025,18,2,09:00:00,45,39,19
2025-02-18,2025,18,2,10:00:00,150,145,29
2025-02-18,2025,18,2,11:00:00,156,199,26
2025-02-18,2025,18,2,12:00:00,109,112,35
2025-02-18,2025,18,2,13:00:00,101,263,19
2025-02-18,2025,18,2,14:00:00,265,253,49
2025-02-18,2025,18,2,15:00:00,299,294,53
2025-02-18,2025,18,2,16:00:00,104,215,45
2025-02-18,2025,18,2,17:00:00,188,259,32
2025-02-18,2025,18,2,18:00:00,17,2,0
2025-02-19,2025,19,2,09:00:00,16,13,13
2025-02-19,2025,19,2,10:00:00,67,43,16
2025-02-19,2025,19,2,11:00:00,87,118,16
2025-02-19,2025,19,2,12:00:00,98,105,25
2025-02-19,2025,19,2,13:00:00,187,118,21
2025-02-19,2025,19,2,14:00:00,211,149,34
2025-02-19,2025,19,2,15:00:00,148,171,33
2025-02-19,2025,19,2,16:00:00,195,296,37
2025-02-19,2025,19,2,17:00:00,111,267,32
2025-02-19,2025,19,2,18:00:00,9,20,0
2025-02-20,2025,20,2,08:00:00,14,0,0
2025-02-20,2025,20,2,09:00:00,16,12,10
2025-02-20,2025,20,2,10:00:00,124,80,21
2025-02-20,2025,20,2,11:00:00,123,116,19
2025-02-20,2025,20,2,12:00:00,100,94,20
2025-02-20,2025,20,2,13:00:00,74,130,30
2025-02-20,2025,20,2,14:00:00,122,112,39
2025-02-20,2025,20,2,15:00:00,218,212,35
2025-02-20,2025,20,2,16:00:00,157,254,32
2025-02-20,2025,20,2,17:00:00,228,393,33
2025-02-20,2025,20,2,18:00:00,18,0,0
2025-02-21,2025,21,2,08:00:00,2,0,0
2025-02-21,2025,21,2,09:00:00,17,17,21
2025-02-21,2025,21,2,10:00:00,99,61,20
2025-02-21,2025,21,2,11:00:00,123,170,18
2025-02-21,2025,21,2,12:00:00,95,58,14
2025-02-21,2025,21,2,13:00:00,55,63,19
2025-02-21,2025,21,2,14:00:00,83,104,39
2025-02-21,2025,21,2,15:00:00,125,178,51
2025-02-21,2025,21,2,16:00:00,169,216,31
2025-02-21,2025,21,2,17:00:00,75,191,25
2025-02-21,2025,21,2,18:00:00,25,7,0
2025-02-21,2025,21,2,19:00:00,1,0,0
2025-02-22,2025,22,2,07:00:00,1,0,0
2025-02-22,2025,22,2,08:00:00,4,0,0
2025-02-22,2025,22,2,09:00:00,14,10,14
2025-02-22,2025,22,2,10:00:00,111,117,14
2025-02-22,2025,22,2,11:00:00,137,113,24
2025-02-22,2025,22,2,12:00:00,114,147,27
2025-02-22,2025,22,2,13:00:00,170,92,30
2025-02-22,2025,22,2,14:00:00,196,275,37
2025-02-22,2025,22,2,15:00:00,214,281,40
2025-02-22,2025,22,2,16:00:00,262,342,44
2025-02-22,2025,22,2,17:00:00,163,329,35
2025-02-22,2025,22,2,18:00:00,17,1,0
2025-02-22,2025,22,2,19:00:00,9,0,0
2025-02-22,2025,22,2,22:00:00,19,0,0
2025-02-22,2025,22,2,23:00:00,18,0,0
2025-02-23,2025,23,2,09:00:00,18,0,0
2025-02-23,2025,23,2,10:00:00,5,0,0
2025-02-23,2025,23,2,13:00:00,2,0,0
2025-02-23,2025,23,2,14:00:00,9,0,0
2025-02-23,2025,23,2,15:00:00,1,0,0
2025-02-23,2025,23,2,16:00:00,42,0,0
2025-02-24,2025,24,2,06:00:00,1,0,0
2025-02-24,2025,24,2,07:00:00,3,0,0
2025-02-24,2025,24,2,11:00:00,13,0,0
2025-02-24,2025,24,2,12:00:00,24,0,0
2025-02-24,2025,24,2,13:00:00,39,0,0
2025-02-24,2025,24,2,14:00:00,6,0,0
2025-02-24,2025,24,2,15:00:00,4,0,0
2025-02-24,2025,24,2,16:00:00,7,0,0
2025-02-24,2025,24,2,17:00:00,15,0,0
2025-02-24,2025,24,2,19:00:00,1,0,0
2025-02-25,2025,25,2,07:00:00,2,0,0
2025-02-25,2025,25,2,08:00:00,10,0,0
2025-02-25,2025,25,2,09:00:00,45,14,25
2025-02-25,2025,25,2,10:00:00,97,87,33
2025-02-25,2025,25,2,11:00:00,104,224,10
2025-02-25,2025,25,2,12:00:00,80,84,21
2025-02-25,2025,25,2,13:00:00,159,121,30
2025-02-25,2025,25,2,14:00:00,105,104,39
2025-02-25,2025,25,2,15:00:00,119,111,34
2025-02-25,2025,25,2,16:00:00,107,81,33
2025-02-25,2025,25,2,17:00:00,94,115,43
2025-02-25,2025,25,2,18:00:00,99,131,20
2025-02-26,2025,26,2,07:00:00,1,0,0
2025-02-26,2025,26,2,08:00:00,5,0,0
2025-02-26,2025,26,2,09:00:00,75,17,29
2025-02-26,2025,26,2,10:00:00,150,106,32
2025-02-26,2025,26,2,11:00:00,101,168,27
2025-02-26,2025,26,2,12:00:00,104,138,19
2025-02-26,2025,26,2,13:00:00,147,120,38
2025-02-26,2025,26,2,14:00:00,239,156,49
2025-02-26,2025,26,2,15:00:00,205,261,47
2025-02-26,2025,26,2,16:00:00,303,314,38
2025-02-26,2025,26,2,17:00:00,179,185,24
2025-02-26,2025,26,2,18:00:00,94,145,17
2025-02-26,2025,26,2,19:00:00,0,6,0
2025-02-27,2025,27,2,07:00:00,1,0,0
2025-02-27,2025,27,2,08:00:00,16,0,0
2025-02-27,2025,27,2,09:00:00,4,0,0
2025-02-27,2025,27,2,10:00:00,3,0,0
2025-02-27,2025,27,2,11:00:00,23,0,0
2025-02-27,2025,27,2,12:00:00,21,0,0
2025-02-27,2025,27,2,13:00:00,20,0,0
2025-02-27,2025,27,2,14:00:00,6,0,0
2025-02-27,2025,27,2,15:00:00,7,0,0
2025-02-27,2025,27,2,16:00:00,13,0,0
2025-02-27,2025,27,2,17:00:00,19,0,0
2025-02-27,2025,27,2,20:00:00,15,0,0
2025-02-28,2025,28,2,07:00:00,1,0,0
2025-02-28,2025,28,2,08:00:00,3,0,0
2025-02-28,2025,28,2,09:00:00,15,8,21
2025-02-28,2025,28,2,10:00:00,65,68,14
2025-02-28,2025,28,2,11:00:00,78,120,16
2025-02-28,2025,28,2,12:00:00,83,94,25
2025-02-28,2025,28,2,13:00:00,44,66,24
2025-02-28,2025,28,2,14:00:00,101,88,33
2025-02-28,2025,28,2,15:00:00,66,112,35
2025-02-28,2025,28,2,16:00:00,93,124,30
2025-02-28,2025,28,2,17:00:00,113,125,20
2025-02-28,2025,28,2,18:00:00,57,91,6
2025-02-28,2025,28,2,19:00:00,12,0,0
2025-03-01,2025,1,3,08:00:00,1,0,0
2025-03-01,2025,1,3,09:00:00,38,19,13
2025-03-01,2025,1,3,10:00:00,136,123,16
2025-03-01,2025,1,3,11:00:00,185,230,26
2025-03-01,2025,1,3,12:00:00,188,183,27
2025-03-01,2025,1,3,13:00:00,154,134,34
2025-03-01,2025,1,3,14:00:00,185,179,51
2025-03-01,2025,1,3,15:00:00,215,287,38
2025-03-01,2025,1,3,16:00:00,254,243,37
2025-03-01,2025,1,3,17:00:00,139,282,22
2025-03-01,2025,1,3,18:00:00,106,139,8
2025-03-01,2025,1,3,19:00:00,7,0,0
2025-03-02,2025,2,3,10:00:00,19,0,0
2025-03-02,2025,2,3,11:00:00,32,0,0
2025-03-02,2025,2,3,12:00:00,27,0,0
2025-03-02,2025,2,3,13:00:00,62,3,0
2025-03-02,2025,2,3,14:00:00,220,197,38
2025-03-02,2025,2,3,15:00:00,109,133,25
2025-03-02,2025,2,3,16:00:00,220,154,18
2025-03-02,2025,2,3,17:00:00,163,337,11
2025-03-02,2025,2,3,18:00:00,30,18,1
2025-03-03,2025,3,3,07:00:00,3,0,0
2025-03-03,2025,3,3,08:00:00,2,0,0
2025-03-03,2025,3,3,09:00:00,4,0,0
2025-03-03,2025,3,3,10:00:00,1,0,0
2025-03-03,2025,3,3,11:00:00,1,0,0
2025-03-03,2025,3,3,13:00:00,12,0,0
2025-03-03,2025,3,3,14:00:00,9,0,0
2025-03-03,2025,3,3,15:00:00,4,0,0
2025-03-03,2025,3,3,16:00:00,22,0,0
2025-03-03,2025,3,3,17:00:00,10,0,0
2025-03-03,2025,3,3,18:00:00,2,0,0
2025-03-03,2025,3,3,19:00:00,9,0,0
2025-03-04,2025,4,3,06:00:00,4,0,0
2025-03-04,2025,4,3,07:00:00,1,0,0
2025-03-04,2025,4,3,08:00:00,10,0,0
2025-03-04,2025,4,3,09:00:00,37,9,23
2025-03-04,2025,4,3,10:00:00,102,62,18
2025-03-04,2025,4,3,11:00:00,99,105,17
2025-03-04,2025,4,3,12:00:00,73,114,21
2025-03-04,2025,4,3,13:00:00,65,37,26
2025-03-04,2025,4,3,14:00:00,100,94,26
2025-03-04,2025,4,3,15:00:00,94,58,20
2025-03-04,2025,4,3,16:00:00,72,106,20
2025-03-04,2025,4,3,17:00:00,108,75,18
2025-03-04,2025,4,3,18:00:00,64,44,10
2025-03-04,2025,4,3,19:00:00,6,3,0
2025-03-05,2025,5,3,07:00:00,1,0,0
2025-03-05,2025,5,3,08:00:00,4,0,0
2025-03-05,2025,5,3,09:00:00,46,19,26
2025-03-05,2025,5,3,10:00:00,220,168,34
2025-03-05,2025,5,3,11:00:00,226,221,33
2025-03-05,2025,5,3,12:00:00,98,93,33
2025-03-05,2025,5,3,13:00:00,172,100,32
2025-03-05,2025,5,3,14:00:00,200,237,54
2025-03-05,2025,5,3,15:00:00,178,179,43
2025-03-05,2025,5,3,16:00:00,199,216,44
2025-03-05,2025,5,3,17:00:00,161,131,31
2025-03-05,2025,5,3,18:00:00,27,77,13
2025-03-05,2025,5,3,19:00:00,15,0,0
2025-03-05,2025,5,3,22:00:00,1,0,0
2025-03-06,2025,6,3,00:00:00,14,0,0
2025-03-06,2025,6,3,07:00:00,2,0,0
2025-03-06,2025,6,3,08:00:00,13,0,0
2025-03-06,2025,6,3,09:00:00,52,14,18
2025-03-06,2025,6,3,10:00:00,47,34,28
2025-03-06,2025,6,3,11:00:00,23,60,22
2025-03-06,2025,6,3,12:00:00,76,70,9
2025-03-06,2025,6,3,13:00:00,68,58,24
2025-03-06,2025,6,3,14:00:00,78,77,31
2025-03-06,2025,6,3,15:00:00,104,132,37
2025-03-06,2025,6,3,16:00:00,83,165,20
2025-03-06,2025,6,3,17:00:00,56,37,23
2025-03-06,2025,6,3,18:00:00,39,46,22
2025-03-06,2025,6,3,19:00:00,7,0,0
2025-03-07,2025,7,3,07:00:00,14,0,0
2025-03-07,2025,7,3,08:00:00,13,0,1
2025-03-07,2025,7,3,09:00:00,71,14,21
2025-03-07,2025,7,3,10:00:00,58,40,25
2025-03-07,2025,7,3,11:00:00,40,47,17
2025-03-07,2025,7,3,12:00:00,70,83,32
2025-03-07,2025,7,3,13:00:00,111,86,15
2025-03-07,2025,7,3,14:00:00,106,74,33
2025-03-07,2025,7,3,15:00:00,178,118,42
2025-03-07,2025,7,3,16:00:00,48,46,16
2025-03-07,2025,7,3,17:00:00,87,132,18
2025-03-07,2025,7,3,18:00:00,60,36,9
2025-03-07,2025,7,3,22:00:00,1,0,0
2025-03-08,2025,8,3,08:00:00,1,0,0
2025-03-08,2025,8,3,09:00:00,35,17,11
2025-03-08,2025,8,3,10:00:00,147,180,26
2025-03-08,2025,8,3,11:00:00,196,172,20
2025-03-08,2025,8,3,12:00:00,59,96,22
2025-03-08,2025,8,3,13:00:00,177,139,29
2025-03-08,2025,8,3,14:00:00,346,264,40
2025-03-08,2025,8,3,15:00:00,212,252,55
2025-03-08,2025,8,3,16:00:00,202,145,21
2025-03-08,2025,8,3,17:00:00,99,149,20
2025-03-08,2025,8,3,18:00:00,116,160,8
2025-03-08,2025,8,3,19:00:00,3,0,0
2025-03-08,2025,8,3,20:00:00,1,0,0
2025-03-09,2025,9,3,09:00:00,12,0,0
2025-03-09,2025,9,3,10:00:00,15,0,0
2025-03-09,2025,9,3,11:00:00,8,0,0
2025-03-09,2025,9,3,12:00:00,5,0,0
2025-03-09,2025,9,3,13:00:00,8,0,0
2025-03-09,2025,9,3,14:00:00,262,164,28
2025-03-09,2025,9,3,15:00:00,241,198,25
2025-03-09,2025,9,3,16:00:00,247,294,24
2025-03-09,2025,9,3,17:00:00,87,153,17
2025-03-09,2025,9,3,18:00:00,17,0,0
2025-03-10,2025,10,3,07:00:00,13,0,0
2025-03-10,2025,10,3,08:00:00,14,0,0
2025-03-10,2025,10,3,09:00:00,1,0,0
2025-03-10,2025,10,3,10:00:00,2,0,0
2025-03-10,2025,10,3,12:00:00,7,0,0
2025-03-10,2025,10,3,13:00:00,11,0,0
2025-03-10,2025,10,3,14:00:00,1,0,0
2025-03-10,2025,10,3,15:00:00,1,0,0
2025-03-10,2025,10,3,16:00:00,13,0,0
2025-03-10,2025,10,3,17:00:00,3,0,0
2025-03-10,2025,10,3,18:00:00,3,0,0
2025-03-11,2025,11,3,06:00:00,10,0,0
2025-03-11,2025,11,3,08:00:00,1,0,0
2025-03-11,2025,11,3,09:00:00,65,9,27
2025-03-11,2025,11,3,10:00:00,122,96,28
2025-03-11,2025,11,3,11:00:00,92,99,22
2025-03-11,2025,11,3,12:00:00,42,109,25
2025-03-11,2025,11,3,13:00:00,106,54,34
2025-03-11,2025,11,3,14:00:00,130,125,28
2025-03-11,2025,11,3,15:00:00,110,130,36
2025-03-11,2025,11,3,16:00:00,97,92,27
2025-03-11,2025,11,3,17:00:00,34,55,23
2025-03-11,2025,11,3,18:00:00,32,55,11
2025-03-11,2025,11,3,20:00:00,4,0,0
2025-03-12,2025,12,3,07:00:00,6,0,0
2025-03-12,2025,12,3,08:00:00,16,0,1
2025-03-12,2025,12,3,09:00:00,39,40,21
2025-03-12,2025,12,3,10:00:00,248,138,21
2025-03-12,2025,12,3,11:00:00,277,243,30
2025-03-12,2025,12,3,12:00:00,171,137,26
2025-03-12,2025,12,3,13:00:00,152,206,35
2025-03-12,2025,12,3,14:00:00,222,264,46
2025-03-12,2025,12,3,15:00:00,264,267,31
2025-03-12,2025,12,3,16:00:00,252,268,52
2025-03-12,2025,12,3,17:00:00,108,171,25
2025-03-12,2025,12,3,18:00:00,35,59,13
2025-03-12,2025,12,3,20:00:00,10,0,0
2025-03-13,2025,13,3,07:00:00,6,0,0
2025-03-13,2025,13,3,08:00:00,7,0,1
2025-03-13,2025,13,3,09:00:00,100,60,17
2025-03-13,2025,13,3,10:00:00,57,64,29
2025-03-13,2025,13,3,11:00:00,85,68,26
2025-03-13,2025,13,3,12:00:00,67,58,21
2025-03-13,2025,13,3,13:00:00,103,91,32
2025-03-13,2025,13,3,14:00:00,101,75,24
2025-03-13,2025,13,3,15:00:00,81,66,30
2025-03-13,2025,13,3,16:00:00,69,63,16
2025-03-13,2025,13,3,17:00:00,39,51,32
2025-03-13,2025,13,3,18:00:00,30,50,10
2025-03-13,2025,13,3,19:00:00,16,0,0
2025-03-14,2025,14,3,05:00:00,2,0,0
2025-03-14,2025,14,3,08:00:00,7,0,0
2025-03-14,2025,14,3,09:00:00,48,16,14
2025-03-14,2025,14,3,10:00:00,97,93,20
2025-03-14,2025,14,3,11:00:00,87,102,13
2025-03-14,2025,14,3,12:00:00,59,23,34
2025-03-14,2025,14,3,13:00:00,68,87,36
2025-03-14,2025,14,3,14:00:00,139,111,27
2025-03-14,2025,14,3,15:00:00,76,101,27
2025-03-14,2025,14,3,16:00:00,55,84,31
2025-03-14,2025,14,3,17:00:00,92,54,24
2025-03-14,2025,14,3,18:00:00,27,27,14
2025-03-15,2025,15,3,08:00:00,3,0,0
2025-03-15,2025,15,3,09:00:00,57,15,16
2025-03-15,2025,15,3,10:00:00,145,122,40
2025-03-15,2025,15,3,11:00:00,163,217,36
2025-03-15,2025,15,3,12:00:00,147,142,84
2025-03-15,2025,15,3,13:00:00,61,104,40
2025-03-15,2025,15,3,14:00:00,248,199,54
2025-03-15,2025,15,3,15:00:00,202,255,74
2025-03-15,2025,15,3,16:00:00,396,522,66
2025-03-15,2025,15,3,17:00:00,200,246,36
2025-03-15,2025,15,3,18:00:00,124,217,24
2025-03-15,2025,15,3,19:00:00,10,0,0
2025-03-16,2025,16,3,10:00:00,9,0,0
2025-03-16,2025,16,3,11:00:00,23,0,0
2025-03-16,2025,16,3,13:00:00,1,0,0
2025-03-16,2025,16,3,14:00:00,193,169,56
2025-03-16,2025,16,3,15:00:00,182,169,68
2025-03-16,2025,16,3,16:00:00,197,264,44
2025-03-16,2025,16,3,17:00:00,154,300,34
2025-03-16,2025,16,3,18:00:00,24,4,0
2025-03-16,2025,16,3,19:00:00,5,0,0
2025-03-16,2025,16,3,20:00:00,5,0,0
2025-03-17,2025,17,3,06:00:00,3,0,0
2025-03-17,2025,17,3,07:00:00,1,0,0
2025-03-17,2025,17,3,08:00:00,8,0,0
2025-03-17,2025,17,3,09:00:00,3,0,0
2025-03-17,2025,17,3,10:00:00,2,0,0
2025-03-17,2025,17,3,11:00:00,2,0,0
2025-03-17,2025,17,3,12:00:00,1,0,0
2025-03-17,2025,17,3,13:00:00,20,0,0
2025-03-17,2025,17,3,14:00:00,9,0,0
2025-03-17,2025,17,3,15:00:00,7,0,0
2025-03-17,2025,17,3,16:00:00,5,0,0
2025-03-17,2025,17,3,17:00:00,4,0,0
2025-03-18,2025,18,3,07:00:00,1,0,0
2025-03-18,2025,18,3,08:00:00,7,0,0
2025-03-18,2025,18,3,09:00:00,53,21,34
2025-03-18,2025,18,3,10:00:00,87,56,52
2025-03-18,2025,18,3,11:00:00,65,100,42
2025-03-18,2025,18,3,12:00:00,113,96,34
2025-03-18,2025,18,3,13:00:00,123,83,46
2025-03-18,2025,18,3,14:00:00,69,106,72
2025-03-18,2025,18,3,15:00:00,80,72,50
2025-03-18,2025,18,3,16:00:00,77,48,52
2025-03-18,2025,18,3,17:00:00,88,68,98
2025-03-18,2025,18,3,18:00:00,59,94,18
2025-03-18,2025,18,3,19:00:00,3,0,0
2025-03-18,2025,18,3,20:00:00,1,0,0
2025-03-19,2025,19,3,08:00:00,9,0,0
2025-03-19,2025,19,3,09:00:00,63,0,26
2025-03-19,2025,19,3,10:00:00,175,0,78
2025-03-19,2025,19,3,11:00:00,161,0,56
2025-03-19,2025,19,3,12:00:00,116,0,76
2025-03-19,2025,19,3,13:00:00,129,0,52
2025-03-19,2025,19,3,14:00:00,222,0,108
2025-03-19,2025,19,3,15:00:00,175,0,102
2025-03-19,2025,19,3,16:00:00,185,0,58
2025-03-19,2025,19,3,17:00:00,124,0,58
2025-03-19,2025,19,3,18:00:00,71,0,22
2025-03-20,2025,20,3,08:00:00,0,0,1
2025-03-20,2025,20,3,09:00:00,50,12,18
2025-03-20,2025,20,3,10:00:00,62,78,17
2025-03-20,2025,20,3,11:00:00,26,82,18
2025-03-20,2025,20,3,12:00:00,45,38,21
2025-03-20,2025,20,3,13:00:00,71,39,29
2025-03-20,2025,20,3,14:00:00,49,52,31
2025-03-20,2025,20,3,15:00:00,61,73,22
2025-03-20,2025,20,3,16:00:00,58,41,18
2025-03-20,2025,20,3,17:00:00,44,53,21
2025-03-20,2025,20,3,18:00:00,82,91,9
2025-03-20,2025,20,3,19:00:00,12,0,0
2025-03-21,2025,21,3,06:00:00,5,0,0
2025-03-21,2025,21,3,07:00:00,2,0,0
2025-03-21,2025,21,3,08:00:00,15,0,0
2025-03-21,2025,21,3,09:00:00,68,10,17
2025-03-21,2025,21,3,10:00:00,95,82,23
2025-03-21,2025,21,3,11:00:00,63,80,11
2025-03-21,2025,21,3,12:00:00,43,92,12
2025-03-21,2025,21,3,13:00:00,37,75,28
2025-03-21,2025,21,3,14:00:00,39,66,37
2025-03-21,2025,21,3,15:00:00,92,80,31
2025-03-21,2025,21,3,16:00:00,55,91,13
2025-03-21,2025,21,3,17:00:00,111,114,10
2025-03-21,2025,21,3,18:00:00,15,0,0
2025-03-21,2025,21,3,19:00:00,2,0,0
2025-03-22,2025,22,3,08:00:00,4,0,1
2025-03-22,2025,22,3,09:00:00,54,28,13
2025-03-22,2025,22,3,10:00:00,168,124,17
2025-03-22,2025,22,3,11:00:00,202,284,16
2025-03-22,2025,22,3,12:00:00,107,142,22
2025-03-22,2025,22,3,13:00:00,169,138,38
2025-03-22,2025,22,3,14:00:00,322,270,46
2025-03-22,2025,22,3,15:00:00,232,212,31
2025-03-22,2025,22,3,16:00:00,247,275,21
2025-03-22,2025,22,3,17:00:00,299,309,26
2025-03-22,2025,22,3,18:00:00,94,196,14
2025-03-22,2025,22,3,19:00:00,0,1,0
2025-03-23,2025,23,3,08:00:00,5,0,0
2025-03-23,2025,23,3,09:00:00,1,0,0
2025-03-23,2025,23,3,11:00:00,4,0,0
2025-03-23,2025,23,3,12:00:00,24,0,0
2025-03-23,2025,23,3,13:00:00,11,0,0
2025-03-23,2025,23,3,14:00:00,192,160,27
2025-03-23,2025,23,3,15:00:00,342,337,19
2025-03-23,2025,23,3,16:00:00,163,347,32
2025-03-23,2025,23,3,17:00:00,147,254,21
2025-03-23,2025,23,3,18:00:00,6,2,0
2025-03-23,2025,23,3,19:00:00,13,0,0
2025-03-23,2025,23,3,20:00:00,1,0,0
2025-03-24,2025,24,3,07:00:00,2,0,0
2025-03-24,2025,24,3,09:00:00,10,0,0
2025-03-24,2025,24,3,10:00:00,1,0,0
2025-03-24,2025,24,3,11:00:00,19,0,0
2025-03-24,2025,24,3,12:00:00,6,0,0
2025-03-24,2025,24,3,13:00:00,11,0,0
2025-03-24,2025,24,3,14:00:00,4,0,0
2025-03-24,2025,24,3,15:00:00,19,0,0
2025-03-24,2025,24,3,16:00:00,11,0,0
2025-03-24,2025,24,3,17:00:00,10,0,0
2025-03-24,2025,24,3,18:00:00,16,0,0
2025-03-25,2025,25,3,06:00:00,6,0,0
2025-03-25,2025,25,3,07:00:00,1,0,0
2025-03-25,2025,25,3,08:00:00,15,0,0
2025-03-25,2025,25,3,09:00:00,38,12,21
2025-03-25,2025,25,3,10:00:00,120,101,22
2025-03-25,2025,25,3,11:00:00,94,137,19
2025-03-25,2025,25,3,12:00:00,90,65,24
2025-03-25,2025,25,3,13:00:00,87,66,22
2025-03-25,2025,25,3,14:00:00,84,79,31
2025-03-25,2025,25,3,15:00:00,62,90,25
2025-03-25,2025,25,3,16:00:00,75,38,38
2025-03-25,2025,25,3,17:00:00,117,81,46
2025-03-25,2025,25,3,18:00:00,71,63,13
2025-03-26,2025,26,3,06:00:00,1,0,0
2025-03-26,2025,26,3,08:00:00,9,0,0
2025-03-26,2025,26,3,09:00:00,73,31,17
2025-03-26,2025,26,3,10:00:00,226,176,24
2025-03-26,2025,26,3,11:00:00,132,193,21
2025-03-26,2025,26,3,12:00:00,55,135,21
2025-03-26,2025,26,3,13:00:00,136,161,49
2025-03-26,2025,26,3,14:00:00,224,175,44
2025-03-26,2025,26,3,15:00:00,298,247,41
2025-03-26,2025,26,3,16:00:00,233,291,27
2025-03-26,2025,26,3,17:00:00,119,225,24
2025-03-26,2025,26,3,18:00:00,44,113,16
2025-03-26,2025,26,3,20:00:00,5,0,0
2025-03-27,2025,27,3,06:00:00,2,0,0
2025-03-27,2025,27,3,07:00:00,12,0,0
2025-03-27,2025,27,3,08:00:00,11,0,0
2025-03-27,2025,27,3,09:00:00,31,13,16
2025-03-27,2025,27,3,10:00:00,29,36,31
2025-03-27,2025,27,3,11:00:00,42,91,23
2025-03-27,2025,27,3,12:00:00,28,37,24
2025-03-27,2025,27,3,13:00:00,52,53,28
2025-03-27,2025,27,3,14:00:00,67,63,21
2025-03-27,2025,27,3,15:00:00,89,76,18
2025-03-27,2025,27,3,16:00:00,48,62,24
2025-03-27,2025,27,3,17:00:00,47,49,28
2025-03-27,2025,27,3,18:00:00,28,31,13
2025-03-28,2025,28,3,07:00:00,4,0,0
2025-03-28,2025,28,3,08:00:00,21,0,0
2025-03-28,2025,28,3,09:00:00,30,6,19
2025-03-28,2025,28,3,10:00:00,101,74,17
2025-03-28,2025,28,3,11:00:00,36,57,14
2025-03-28,2025,28,3,12:00:00,60,42,24
2025-03-28,2025,28,3,13:00:00,47,25,26
2025-03-28,2025,28,3,14:00:00,47,57,32
2025-03-28,2025,28,3,15:00:00,74,76,25
2025-03-28,2025,28,3,16:00:00,70,72,25
2025-03-28,2025,28,3,17:00:00,58,59,23
2025-03-28,2025,28,3,18:00:00,37,119,12
2025-03-28,2025,28,3,19:00:00,1,0,0
2025-03-29,2025,29,3,01:00:00,1,0,0
2025-03-29,2025,29,3,08:00:00,4,0,0
2025-03-29,2025,29,3,09:00:00,48,18,9
2025-03-29,2025,29,3,10:00:00,205,151,17
2025-03-29,2025,29,3,11:00:00,199,180,19
2025-03-29,2025,29,3,12:00:00,97,106,24
2025-03-29,2025,29,3,13:00:00,131,99,25
2025-03-29,2025,29,3,14:00:00,222,244,32
2025-03-29,2025,29,3,15:00:00,244,252,19
2025-03-29,2025,29,3,16:00:00,161,253,27
2025-03-29,2025,29,3,17:00:00,144,216,17
2025-03-29,2025,29,3,18:00:00,113,120,15
2025-03-29,2025,29,3,19:00:00,5,2,0
2025-03-30,2025,30,3,10:00:00,1,0,0
2025-03-30,2025,30,3,13:00:00,14,0,0
2025-03-30,2025,30,3,14:00:00,138,114,12
2025-03-30,2025,30,3,15:00:00,197,183,11
2025-03-30,2025,30,3,16:00:00,168,167,25
2025-03-30,2025,30,3,17:00:00,145,199,35
2025-03-30,2025,30,3,18:00:00,4,0,0
2025-03-30,2025,30,3,20:00:00,3,0,0
2025-03-31,2025,31,3,08:00:00,12,0,0
2025-03-31,2025,31,3,09:00:00,18,0,0
2025-03-31,2025,31,3,10:00:00,8,0,0
2025-03-31,2025,31,3,11:00:00,4,0,0
2025-03-31,2025,31,3,12:00:00,9,0,0
2025-03-31,2025,31,3,14:00:00,11,0,0
2025-03-31,2025,31,3,15:00:00,1,0,0
2025-03-31,2025,31,3,16:00:00,1,0,0
2025-03-31,2025,31,3,17:00:00,12,0,0
2025-04-01,2025,1,4,08:00:00,0,0,2
2025-04-01,2025,1,4,09:00:00,53,14,19
2025-04-01,2025,1,4,10:00:00,82,62,27
2025-04-01,2025,1,4,11:00:00,73,55,27
2025-04-01,2025,1,4,12:00:00,74,69,22
2025-04-01,2025,1,4,13:00:00,328,273,22
2025-04-01,2025,1,4,14:00:00,117,82,25
2025-04-01,2025,1,4,15:00:00,191,128,35
2025-04-01,2025,1,4,16:00:00,324,243,41
2025-04-01,2025,1,4,17:00:00,117,133,33
2025-04-01,2025,1,4,18:00:00,41,56,31
2025-04-01,2025,1,4,19:00:00,5,0,0
2025-04-02,2025,2,4,06:00:00,2,0,0
2025-04-02,2025,2,4,07:00:00,15,0,0
2025-04-02,2025,2,4,08:00:00,2,0,0
2025-04-02,2025,2,4,09:00:00,149,102,13
2025-04-02,2025,2,4,10:00:00,256,203,14
2025-04-02,2025,2,4,11:00:00,150,188,39
2025-04-02,2025,2,4,12:00:00,106,89,20
2025-04-02,2025,2,4,13:00:00,245,200,36
2025-04-02,2025,2,4,14:00:00,396,314,35
2025-04-02,2025,2,4,15:00:00,442,354,43
2025-04-02,2025,2,4,16:00:00,396,323,40
2025-04-02,2025,2,4,17:00:00,144,164,42
2025-04-02,2025,2,4,18:00:00,76,140,17
2025-04-02,2025,2,4,19:00:00,2,0,0
2025-04-02,2025,2,4,20:00:00,6,0,0
2025-04-03,2025,3,4,06:00:00,2,0,0
2025-04-03,2025,3,4,08:00:00,2,0,1
2025-04-03,2025,3,4,09:00:00,78,5,15
2025-04-03,2025,3,4,10:00:00,63,96,50
2025-04-03,2025,3,4,11:00:00,247,196,22
2025-04-03,2025,3,4,12:00:00,98,98,13
2025-04-03,2025,3,4,13:00:00,128,98,16
2025-04-03,2025,3,4,14:00:00,98,138,24
2025-04-03,2025,3,4,15:00:00,59,52,33
2025-04-03,2025,3,4,16:00:00,65,56,36
2025-04-03,2025,3,4,17:00:00,227,208,37
2025-04-03,2025,3,4,18:00:00,64,84,22
2025-04-03,2025,3,4,19:00:00,13,0,0
2025-04-04,2025,4,4,08:00:00,17,0,1
2025-04-04,2025,4,4,09:00:00,26,10,21
2025-04-04,2025,4,4,10:00:00,199,150,19
2025-04-04,2025,4,4,11:00:00,233,187,8
2025-04-04,2025,4,4,12:00:00,83,83,24
2025-04-04,2025,4,4,13:00:00,174,118,24
2025-04-04,2025,4,4,14:00:00,251,165,21
2025-04-04,2025,4,4,15:00:00,216,163,24
2025-04-04,2025,4,4,16:00:00,451,264,29
2025-04-04,2025,4,4,17:00:00,155,214,21
2025-04-04,2025,4,4,18:00:00,88,67,18
2025-04-04,2025,4,4,19:00:00,19,2,0
2025-04-04,2025,4,4,22:00:00,51,0,0
2025-04-05,2025,5,4,08:00:00,9,0,0
2025-04-05,2025,5,4,09:00:00,151,30,22
2025-04-05,2025,5,4,10:00:00,301,183,16
2025-04-05,2025,5,4,11:00:00,367,320,15
2025-04-05,2025,5,4,12:00:00,58,197,14
2025-04-05,2025,5,4,13:00:00,177,213,19
2025-04-05,2025,5,4,14:00:00,299,214,26
2025-04-05,2025,5,4,15:00:00,199,194,15
2025-04-05,2025,5,4,16:00:00,188,264,22
2025-04-05,2025,5,4,17:00:00,164,314,24
2025-04-05,2025,5,4,18:00:00,134,165,13
2025-04-05,2025,5,4,19:00:00,31,51,0
2025-04-06,2025,6,4,08:00:00,2,0,0
2025-04-06,2025,6,4,10:00:00,9,0,0
2025-04-06,2025,6,4,11:00:00,19,0,0
2025-04-06,2025,6,4,12:00:00,7,0,0
2025-04-06,2025,6,4,13:00:00,17,0,0
2025-04-06,2025,6,4,14:00:00,40,0,0
2025-04-06,2025,6,4,15:00:00,3,0,0
2025-04-06,2025,6,4,16:00:00,3,0,0
2025-04-06,2025,6,4,17:00:00,7,0,0
2025-04-06,2025,6,4,18:00:00,2,0,0
2025-04-07,2025,7,4,08:00:00,10,0,0
2025-04-07,2025,7,4,10:00:00,8,0,0
2025-04-07,2025,7,4,11:00:00,2,0,0
2025-04-07,2025,7,4,12:00:00,7,0,0
2025-04-07,2025,7,4,13:00:00,2,0,0
2025-04-07,2025,7,4,14:00:00,35,0,0
2025-04-07,2025,7,4,15:00:00,18,0,0
2025-04-07,2025,7,4,16:00:00,3,0,0
2025-04-07,2025,7,4,17:00:00,8,0,0
2025-04-07,2025,7,4,18:00:00,2,0,0
2025-04-07,2025,7,4,20:00:00,1,0,0
2025-04-08,2025,8,4,06:00:00,2,0,0
2025-04-08,2025,8,4,08:00:00,11,0,0
2025-04-08,2025,8,4,09:00:00,93,90,17
2025-04-08,2025,8,4,10:00:00,169,214,25
2025-04-08,2025,8,4,11:00:00,143,254,29
2025-04-08,2025,8,4,12:00:00,226,111,26
2025-04-08,2025,8,4,13:00:00,176,146,20
2025-04-08,2025,8,4,14:00:00,381,269,33
2025-04-08,2025,8,4,15:00:00,389,352,46
2025-04-08,2025,8,4,16:00:00,330,431,40
2025-04-08,2025,8,4,17:00:00,196,406,33
2025-04-08,2025,8,4,18:00:00,31,9,0
2025-04-08,2025,8,4,20:00:00,5,0,0
2025-04-09,2025,9,4,08:00:00,8,0,1
2025-04-09,2025,9,4,09:00:00,134,135,15
2025-04-09,2025,9,4,10:00:00,117,131,22
2025-04-09,2025,9,4,11:00:00,274,211,29
2025-04-09,2025,9,4,12:00:00,103,158,26
2025-04-09,2025,9,4,13:00:00,101,107,30
2025-04-09,2025,9,4,14:00:00,148,141,27
2025-04-09,2025,9,4,15:00:00,217,225,30
2025-04-09,2025,9,4,16:00:00,105,200,47
2025-04-09,2025,9,4,17:00:00,248,384,29
2025-04-09,2025,9,4,18:00:00,46,0,0
2025-04-10,2025,10,4,08:00:00,5,0,0
2025-04-10,2025,10,4,09:00:00,20,40,8
2025-04-10,2025,10,4,10:00:00,109,90,18
2025-04-10,2025,10,4,11:00:00,100,134,30
2025-04-10,2025,10,4,12:00:00,111,133,32
2025-04-10,2025,10,4,13:00:00,242,245,35
2025-04-10,2025,10,4,14:00:00,141,148,31
2025-04-10,2025,10,4,15:00:00,158,117,39
2025-04-10,2025,10,4,16:00:00,62,169,34
2025-04-10,2025,10,4,17:00:00,69,132,37
2025-04-10,2025,10,4,18:00:00,51,8,0
2025-04-11,2025,11,4,07:00:00,6,0,0
2025-04-11,2025,11,4,08:00:00,8,0,0
2025-04-11,2025,11,4,09:00:00,35,51,16
2025-04-11,2025,11,4,10:00:00,152,125,29
2025-04-11,2025,11,4,11:00:00,112,148,19
2025-04-11,2025,11,4,12:00:00,59,31,22
2025-04-11,2025,11,4,13:00:00,27,58,21
2025-04-11,2025,11,4,14:00:00,71,71,29
2025-04-11,2025,11,4,15:00:00,155,184,31
2025-04-11,2025,11,4,16:00:00,165,93,36
2025-04-11,2025,11,4,17:00:00,147,232,33
2025-04-11,2025,11,4,18:00:00,11,15,0
2025-04-11,2025,11,4,19:00:00,1,0,0
2025-04-11,2025,11,4,21:00:00,2,0,0
2025-04-12,2025,12,4,08:00:00,3,0,0
2025-04-12,2025,12,4,09:00:00,28,18,22
2025-04-12,2025,12,4,10:00:00,177,105,25
2025-04-12,2025,12,4,11:00:00,171,132,18
2025-04-12,2025,12,4,12:00:00,113,130,20
2025-04-12,2025,12,4,13:00:00,57,69,16
2025-04-12,2025,12,4,14:00:00,161,144,21
2025-04-12,2025,12,4,15:00:00,278,303,23
2025-04-12,2025,12,4,16:00:00,167,164,22
2025-04-12,2025,12,4,17:00:00,221,256,21
2025-04-12,2025,12,4,18:00:00,23,52,0
2025-04-12,2025,12,4,19:00:00,21,0,0
2025-04-12,2025,12,4,20:00:00,1,0,0
2025-04-13,2025,13,4,10:00:00,1,0,0
2025-04-13,2025,13,4,12:00:00,2,0,0
2025-04-13,2025,13,4,13:00:00,3,0,0
2025-04-13,2025,13,4,14:00:00,10,0,0
2025-04-13,2025,13,4,15:00:00,44,0,0
2025-04-13,2025,13,4,16:00:00,21,0,0
2025-04-13,2025,13,4,18:00:00,2,0,0
2025-04-14,2025,14,4,07:00:00,2,0,0
2025-04-14,2025,14,4,08:00:00,2,0,0
2025-04-14,2025,14,4,09:00:00,14,0,0
2025-04-14,2025,14,4,10:00:00,5,0,0
2025-04-14,2025,14,4,11:00:00,1,0,0
2025-04-14,2025,14,4,13:00:00,3,0,0
2025-04-14,2025,14,4,14:00:00,4,0,0
2025-04-14,2025,14,4,15:00:00,3,0,0
2025-04-14,2025,14,4,16:00:00,2,0,0
2025-04-14,2025,14,4,17:00:00,3,0,0
2025-04-14,2025,14,4,18:00:00,6,0,0
2025-04-14,2025,14,4,19:00:00,10,0,0
2025-04-14,2025,14,4,20:00:00,2,0,0
2025-04-14,2025,14,4,21:00:00,5,0,0
2025-04-15,2025,15,4,07:00:00,2,0,0
2025-04-15,2025,15,4,08:00:00,1,0,0
2025-04-15,2025,15,4,09:00:00,61,65,35
2025-04-15,2025,15,4,10:00:00,114,133,28
2025-04-15,2025,15,4,11:00:00,98,196,38
2025-04-15,2025,15,4,12:00:00,102,158,33
2025-04-15,2025,15,4,13:00:00,171,203,22
2025-04-15,2025,15,4,14:00:00,154,139,33
2025-04-15,2025,15,4,15:00:00,221,268,36
2025-04-15,2025,15,4,16:00:00,235,238,39
2025-04-15,2025,15,4,17:00:00,188,309,54
2025-04-15,2025,15,4,18:00:00,16,8,0
2025-04-15,2025,15,4,19:00:00,2,0,0
2025-04-15,2025,15,4,21:00:00,1,0,0
2025-04-16,2025,16,4,06:00:00,4,0,0
2025-04-16,2025,16,4,07:00:00,3,0,0
2025-04-16,2025,16,4,08:00:00,4,0,0
2025-04-16,2025,16,4,09:00:00,18,9,12
2025-04-16,2025,16,4,10:00:00,87,81,31
2025-04-16,2025,16,4,11:00:00,123,120,28
2025-04-16,2025,16,4,12:00:00,109,174,25
2025-04-16,2025,16,4,13:00:00,111,142,21
2025-04-16,2025,16,4,14:00:00,164,151,29
2025-04-16,2025,16,4,15:00:00,118,214,38
2025-04-16,2025,16,4,16:00:00,180,221,35
2025-04-16,2025,16,4,17:00:00,174,230,26
2025-04-16,2025,16,4,18:00:00,5,0,0
2025-04-17,2025,17,4,09:00:00,3,10,19
2025-04-17,2025,17,4,10:00:00,124,54,28
2025-04-17,2025,17,4,11:00:00,78,131,19
2025-04-17,2025,17,4,12:00:00,116,116,16
2025-04-17,2025,17,4,13:00:00,85,67,29
2025-04-17,2025,17,4,14:00:00,72,166,45
2025-04-17,2025,17,4,15:00:00,143,149,30
2025-04-17,2025,17,4,16:00:00,181,223,41
2025-04-17,2025,17,4,17:00:00,121,187,25
2025-04-17,2025,17,4,18:00:00,6,6,0
2025-04-17,2025,17,4,20:00:00,12,0,0
2025-04-18,2025,18,4,07:00:00,8,0,0
2025-04-18,2025,18,4,08:00:00,1,0,0
2025-04-18,2025,18,4,09:00:00,19,2,17
2025-04-18,2025,18,4,10:00:00,63,86,22
2025-04-18,2025,18,4,11:00:00,81,75,24
2025-04-18,2025,18,4,12:00:00,58,125,28
2025-04-18,2025,18,4,13:00:00,78,78,16
2025-04-18,2025,18,4,14:00:00,73,64,30
2025-04-18,2025,18,4,15:00:00,173,122,27
2025-04-18,2025,18,4,16:00:00,59,175,24
2025-04-18,2025,18,4,17:00:00,63,93,41
2025-04-18,2025,18,4,18:00:00,33,0,0
2025-04-18,2025,18,4,19:00:00,5,0,0
2025-04-19,2025,19,4,07:00:00,2,0,0
2025-04-19,2025,19,4,08:00:00,1,0,0
2025-04-19,2025,19,4,09:00:00,45,43,16
2025-04-19,2025,19,4,10:00:00,72,94,18
2025-04-19,2025,19,4,11:00:00,192,169,16
2025-04-19,2025,19,4,12:00:00,87,149,28
2025-04-19,2025,19,4,13:00:00,93,82,30
2025-04-19,2025,19,4,14:00:00,161,98,23
2025-04-19,2025,19,4,15:00:00,326,271,28
2025-04-19,2025,19,4,16:00:00,254,228,51
2025-04-19,2025,19,4,17:00:00,126,305,27
2025-04-19,2025,19,4,18:00:00,21,1,0
2025-04-19,2025,19,4,19:00:00,15,0,0
2025-04-20,2025,20,4,09:00:00,4,0,0
2025-04-20,2025,20,4,10:00:00,10,0,0
2025-04-20,2025,20,4,11:00:00,4,0,0
2025-04-20,2025,20,4,12:00:00,2,0,0
2025-04-20,2025,20,4,14:00:00,8,0,0
2025-04-20,2025,20,4,15:00:00,5,0,0
2025-04-20,2025,20,4,17:00:00,7,0,0
2025-04-20,2025,20,4,18:00:00,10,0,0
2025-04-20,2025,20,4,20:00:00,2,0,0
2025-04-21,2025,21,4,06:00:00,4,0,0
2025-04-21,2025,21,4,07:00:00,3,0,0
2025-04-21,2025,21,4,10:00:00,8,0,0
2025-04-21,2025,21,4,12:00:00,10,0,0
2025-04-21,2025,21,4,13:00:00,7,0,0
2025-04-21,2025,21,4,14:00:00,16,0,0
2025-04-21,2025,21,4,15:00:00,13,0,0
2025-04-21,2025,21,4,16:00:00,7,0,0
2025-04-21,2025,21,4,17:00:00,2,0,0
2025-04-21,2025,21,4,18:00:00,1,0,0
2025-04-21,2025,21,4,19:00:00,13,0,0
2025-04-21,2025,21,4,20:00:00,4,0,0
2025-04-22,2025,22,4,06:00:00,3,0,0
2025-04-22,2025,22,4,07:00:00,2,0,0
2025-04-22,2025,22,4,08:00:00,5,0,0
2025-04-22,2025,22,4,09:00:00,40,10,12
2025-04-22,2025,22,4,10:00:00,162,43,30
2025-04-22,2025,22,4,11:00:00,75,79,21
2025-04-22,2025,22,4,12:00:00,59,78,26
2025-04-22,2025,22,4,13:00:00,92,25,39
2025-04-22,2025,22,4,14:00:00,141,92,26
2025-04-22,2025,22,4,15:00:00,102,116,18
2025-04-22,2025,22,4,16:00:00,70,106,18
2025-04-22,2025,22,4,17:00:00,149,63,31
2025-04-22,2025,22,4,18:00:00,116,159,20
2025-04-22,2025,22,4,20:00:00,4,0,0
2025-04-23,2025,23,4,06:00:00,1,0,0
2025-04-23,2025,23,4,08:00:00,14,0,0
2025-04-23,2025,23,4,09:00:00,52,134,18
2025-04-23,2025,23,4,10:00:00,220,147,35
2025-04-23,2025,23,4,11:00:00,190,213,29
2025-04-23,2025,23,4,12:00:00,202,108,28
2025-04-23,2025,23,4,13:00:00,145,155,42
2025-04-23,2025,23,4,14:00:00,176,224,46
2025-04-23,2025,23,4,15:00:00,435,372,44
2025-04-23,2025,23,4,16:00:00,274,320,52
2025-04-23,2025,23,4,17:00:00,215,342,31
2025-04-23,2025,23,4,18:00:00,94,97,29
2025-04-23,2025,23,4,19:00:00,12,0,0
2025-04-24,2025,24,4,07:00:00,3,0,0
2025-04-24,2025,24,4,08:00:00,6,0,0
2025-04-24,2025,24,4,09:00:00,102,20,19
2025-04-24,2025,24,4,10:00:00,57,100,30
2025-04-24,2025,24,4,11:00:00,66,96,21
2025-04-24,2025,24,4,12:00:00,100,107,14
2025-04-24,2025,24,4,13:00:00,75,53,20
2025-04-24,2025,24,4,14:00:00,147,71,28
2025-04-24,2025,24,4,15:00:00,84,86,18
2025-04-24,2025,24,4,16:00:00,68,72,20
2025-04-24,2025,24,4,17:00:00,117,101,35
2025-04-24,2025,24,4,18:00:00,70,75,10
2025-04-24,2025,24,4,19:00:00,3,2,0
2025-04-25,2025,25,4,06:00:00,1,0,0
2025-04-25,2025,25,4,08:00:00,3,0,0
2025-04-25,2025,25,4,09:00:00,54,4,18
2025-04-25,2025,25,4,10:00:00,60,51,21
2025-04-25,2025,25,4,11:00:00,86,56,19
2025-04-25,2025,25,4,12:00:00,65,34,38
2025-04-25,2025,25,4,13:00:00,88,100,14
2025-04-25,2025,25,4,14:00:00,85,110,26
2025-04-25,2025,25,4,15:00:00,110,102,23
2025-04-25,2025,25,4,16:00:00,81,68,16
2025-04-25,2025,25,4,17:00:00,57,94,26
2025-04-25,2025,25,4,18:00:00,94,99,21
2025-04-25,2025,25,4,19:00:00,6,10,0
2025-04-25,2025,25,4,20:00:00,3,0,0
2025-04-25,2025,25,4,22:00:00,1,0,0
2025-04-26,2025,26,4,06:00:00,3,0,0
2025-04-26,2025,26,4,07:00:00,1,0,0
2025-04-26,2025,26,4,08:00:00,1,0,0
2025-04-26,2025,26,4,09:00:00,16,14,7
2025-04-26,2025,26,4,10:00:00,166,99,15
2025-04-26,2025,26,4,11:00:00,213,159,20
2025-04-26,2025,26,4,12:00:00,120,159,19
2025-04-26,2025,26,4,13:00:00,97,91,17
2025-04-26,2025,26,4,14:00:00,199,191,24
2025-04-26,2025,26,4,15:00:00,324,333,32
2025-04-26,2025,26,4,16:00:00,308,313,32
2025-04-26,2025,26,4,17:00:00,170,219,38
2025-04-26,2025,26,4,18:00:00,52,149,26
2025-04-26,2025,26,4,19:00:00,37,0,0
2025-04-27,2025,27,4,11:00:00,1,0,0
2025-04-27,2025,27,4,12:00:00,3,0,0
2025-04-27,2025,27,4,13:00:00,5,2,0
2025-04-27,2025,27,4,14:00:00,272,213,0
2025-04-27,2025,27,4,15:00:00,198,211,0
2025-04-27,2025,27,4,16:00:00,175,128,0
2025-04-27,2025,27,4,17:00:00,215,328,0
2025-04-27,2025,27,4,18:00:00,25,0,0
2025-04-28,2025,28,4,06:00:00,8,0,0
2025-04-28,2025,28,4,07:00:00,5,0,0
2025-04-28,2025,28,4,08:00:00,27,0,0
2025-04-28,2025,28,4,09:00:00,28,0,0
2025-04-28,2025,28,4,10:00:00,5,0,0
2025-04-28,2025,28,4,11:00:00,27,0,0
2025-04-28,2025,28,4,12:00:00,20,0,0
2025-04-28,2025,28,4,13:00:00,10,0,0
2025-04-28,2025,28,4,14:00:00,19,0,0
2025-04-28,2025,28,4,15:00:00,13,0,0
2025-04-28,2025,28,4,16:00:00,12,0,0
2025-04-28,2025,28,4,17:00:00,7,0,0
2025-04-28,2025,28,4,19:00:00,5,0,0
2025-04-28,2025,28,4,20:00:00,1,0,0
2025-04-28,2025,28,4,21:00:00,3,0,0
2025-04-29,2025,29,4,06:00:00,2,0,0
2025-04-29,2025,29,4,08:00:00,1,0,0
2025-04-29,2025,29,4,09:00:00,91,27,0
2025-04-29,2025,29,4,10:00:00,144,187,0
2025-04-29,2025,29,4,11:00:00,64,67,0
2025-04-29,2025,29,4,12:00:00,127,71,0
2025-04-29,2025,29,4,13:00:00,78,105,0
2025-04-29,2025,29,4,14:00:00,106,80,0
2025-04-29,2025,29,4,15:00:00,149,124,0
2025-04-29,2025,29,4,16:00:00,83,83,0
2025-04-29,2025,29,4,17:00:00,53,90,0
2025-04-29,2025,29,4,18:00:00,55,80,0
2025-04-29,2025,29,4,19:00:00,6,0,0
2025-04-29,2025,29,4,20:00:00,11,0,0
2025-04-29,2025,29,4,21:00:00,4,0,0
2025-04-30,2025,30,4,06:00:00,3,0,0
2025-04-30,2025,30,4,09:00:00,53,11,0
2025-04-30,2025,30,4,10:00:00,175,212,0
2025-04-30,2025,30,4,11:00:00,103,129,0
2025-04-30,2025,30,4,12:00:00,60,130,0
2025-04-30,2025,30,4,13:00:00,120,210,0
2025-04-30,2025,30,4,14:00:00,139,190,0
2025-04-30,2025,30,4,15:00:00,162,114,0
2025-04-30,2025,30,4,16:00:00,264,297,0
2025-04-30,2025,30,4,17:00:00,108,171,0
2025-04-30,2025,30,4,18:00:00,80,119,0
2025-04-30,2025,30,4,19:00:00,18,0,0
2025-04-30,2025,30,4,20:00:00,1,0,0
2025-05-01,2025,1,5,08:00:00,7,0,0
2025-05-01,2025,1,5,09:00:00,5,0,0
2025-05-01,2025,1,5,12:00:00,1,0,0
2025-05-01,2025,1,5,13:00:00,4,0,0
2025-05-01,2025,1,5,16:00:00,3,0,0
2025-05-01,2025,1,5,17:00:00,3,0,0
2025-05-01,2025,1,5,18:00:00,7,0,0
2025-05-01,2025,1,5,20:00:00,1,0,0
2025-05-02,2025,2,5,06:00:00,2,0,0
2025-05-02,2025,2,5,07:00:00,4,0,0
2025-05-02,2025,2,5,08:00:00,17,0,0
2025-05-02,2025,2,5,09:00:00,21,14,11
2025-05-02,2025,2,5,10:00:00,165,127,25
2025-05-02,2025,2,5,11:00:00,78,58,14
2025-05-02,2025,2,5,12:00:00,52,70,23
2025-05-02,2025,2,5,13:00:00,88,82,23
2025-05-02,2025,2,5,14:00:00,70,49,24
2025-05-02,2025,2,5,15:00:00,134,164,24
2025-05-02,2025,2,5,16:00:00,101,128,24
2025-05-02,2025,2,5,17:00:00,116,140,15
2025-05-02,2025,2,5,18:00:00,20,50,11
2025-05-02,2025,2,5,19:00:00,11,0,0
2025-05-03,2025,3,5,08:00:00,5,0,1
2025-05-03,2025,3,5,09:00:00,36,26,14
2025-05-03,2025,3,5,10:00:00,63,55,20
2025-05-03,2025,3,5,11:00:00,131,165,12
2025-05-03,2025,3,5,12:00:00,86,84,19
2025-05-03,2025,3,5,13:00:00,116,143,27
2025-05-03,2025,3,5,14:00:00,206,202,21
2025-05-03,2025,3,5,15:00:00,357,260,29
2025-05-03,2025,3,5,16:00:00,255,359,18
2025-05-03,2025,3,5,17:00:00,166,247,25
2025-05-03,2025,3,5,18:00:00,130,267,20
2025-05-03,2025,3,5,19:00:00,0,12,0
2025-05-04,2025,4,5,09:00:00,10,0,0
2025-05-04,2025,4,5,10:00:00,10,0,0
2025-05-04,2025,4,5,11:00:00,19,0,0
2025-05-04,2025,4,5,13:00:00,11,0,1
2025-05-04,2025,4,5,14:00:00,245,232,37
2025-05-04,2025,4,5,15:00:00,245,286,33
2025-05-04,2025,4,5,16:00:00,252,266,48
2025-05-04,2025,4,5,17:00:00,171,288,53
2025-05-04,2025,4,5,18:00:00,5,0,0
2025-05-04,2025,4,5,21:00:00,1,0,0
2025-05-04,2025,4,5,22:00:00,5,0,0
2025-05-05,2025,5,5,07:00:00,6,0,0
2025-05-05,2025,5,5,08:00:00,1,0,0
2025-05-05,2025,5,5,10:00:00,8,0,0
2025-05-05,2025,5,5,11:00:00,20,0,0
2025-05-05,2025,5,5,12:00:00,7,0,0
2025-05-05,2025,5,5,13:00:00,12,0,0
2025-05-05,2025,5,5,14:00:00,4,0,0
2025-05-05,2025,5,5,16:00:00,5,0,0
2025-05-05,2025,5,5,17:00:00,11,0,0
2025-05-06,2025,6,5,06:00:00,1,0,0
2025-05-06,2025,6,5,07:00:00,2,0,0
2025-05-06,2025,6,5,08:00:00,3,0,0
2025-05-06,2025,6,5,09:00:00,146,44,17
2025-05-06,2025,6,5,10:00:00,169,120,32
2025-05-06,2025,6,5,11:00:00,69,97,26
2025-05-06,2025,6,5,12:00:00,89,100,25
2025-05-06,2025,6,5,13:00:00,106,112,29
2025-05-06,2025,6,5,14:00:00,83,72,32
2025-05-06,2025,6,5,15:00:00,58,87,29
2025-05-06,2025,6,5,16:00:00,43,45,30
2025-05-06,2025,6,5,17:00:00,56,84,27
2025-05-06,2025,6,5,18:00:00,109,111,15
2025-05-06,2025,6,5,19:00:00,6,0,0
2025-05-06,2025,6,5,20:00:00,1,0,0
2025-05-06,2025,6,5,23:00:00,1,0,0
2025-05-07,2025,7,5,06:00:00,1,0,0
2025-05-07,2025,7,5,07:00:00,3,0,0
2025-05-07,2025,7,5,08:00:00,7,0,0
2025-05-07,2025,7,5,09:00:00,82,15,21
2025-05-07,2025,7,5,10:00:00,129,147,36
2025-05-07,2025,7,5,11:00:00,243,198,25
2025-05-07,2025,7,5,12:00:00,135,161,25
2025-05-07,2025,7,5,13:00:00,136,118,32
2025-05-07,2025,7,5,14:00:00,260,199,45
2025-05-07,2025,7,5,15:00:00,238,303,41
2025-05-07,2025,7,5,16:00:00,239,256,35
2025-05-07,2025,7,5,17:00:00,141,226,32
2025-05-07,2025,7,5,18:00:00,157,240,18
2025-05-07,2025,7,5,19:00:00,19,0,0
2025-05-08,2025,8,5,10:00:00,3,0,0
2025-05-08,2025,8,5,11:00:00,1,0,0
2025-05-08,2025,8,5,12:00:00,3,0,0
2025-05-08,2025,8,5,13:00:00,1,0,0
2025-05-08,2025,8,5,15:00:00,3,0,0
2025-05-08,2025,8,5,16:00:00,14,0,0
2025-05-08,2025,8,5,17:00:00,14,0,0
2025-05-08,2025,8,5,18:00:00,3,0,0
2025-05-08,2025,8,5,19:00:00,1,0,0
2025-05-09,2025,9,5,07:00:00,11,0,0
2025-05-09,2025,9,5,08:00:00,16,0,0
2025-05-09,2025,9,5,09:00:00,38,9,18
2025-05-09,2025,9,5,10:00:00,120,93,51
2025-05-09,2025,9,5,11:00:00,183,103,22
2025-05-09,2025,9,5,12:00:00,84,89,20
2025-05-09,2025,9,5,13:00:00,98,103,17
2025-05-09,2025,9,5,14:00:00,106,42,17
2025-05-09,2025,9,5,15:00:00,108,119,42
2025-05-09,2025,9,5,16:00:00,76,106,39
2025-05-09,2025,9,5,17:00:00,83,76,29
2025-05-09,2025,9,5,18:00:00,89,63,13
2025-05-09,2025,9,5,19:00:00,0,12,0
2025-05-09,2025,9,5,20:00:00,1,0,0
2025-05-10,2025,10,5,08:00:00,3,0,0
2025-05-10,2025,10,5,09:00:00,51,18,13
2025-05-10,2025,10,5,10:00:00,137,67,28
2025-05-10,2025,10,5,11:00:00,123,165,21
2025-05-10,2025,10,5,12:00:00,38,50,21
2025-05-10,2025,10,5,13:00:00,56,52,40
2025-05-10,2025,10,5,14:00:00,207,196,28
2025-05-10,2025,10,5,15:00:00,228,193,32
2025-05-10,2025,10,5,16:00:00,154,164,30
2025-05-10,2025,10,5,17:00:00,108,154,21
2025-05-10,2025,10,5,18:00:00,78,74,23
2025-05-10,2025,10,5,19:00:00,14,0,0
2025-05-11,2025,11,5,09:00:00,1,0,0
2025-05-11,2025,11,5,10:00:00,1,0,0
2025-05-11,2025,11,5,11:00:00,4,0,0
2025-05-11,2025,11,5,14:00:00,134,223,34
2025-05-11,2025,11,5,15:00:00,225,203,36
2025-05-11,2025,11,5,16:00:00,117,133,27
2025-05-11,2025,11,5,17:00:00,80,133,38
2025-05-11,2025,11,5,18:00:00,1,0,0
2025-05-12,2025,12,5,06:00:00,4,0,0
2025-05-12,2025,12,5,07:00:00,1,0,0
2025-05-12,2025,12,5,08:00:00,20,0,0
2025-05-12,2025,12,5,09:00:00,3,0,0
2025-05-12,2025,12,5,11:00:00,4,0,0
2025-05-12,2025,12,5,12:00:00,5,0,0
2025-05-12,2025,12,5,13:00:00,10,0,0
2025-05-12,2025,12,5,15:00:00,10,0,0
2025-05-12,2025,12,5,17:00:00,24,0,0
2025-05-12,2025,12,5,18:00:00,1,0,0
2025-05-12,2025,12,5,19:00:00,17,0,0
2025-05-12,2025,12,5,22:00:00,4,0,0
2025-05-13,2025,13,5,07:00:00,7,0,0
2025-05-13,2025,13,5,08:00:00,14,0,0
2025-05-13,2025,13,5,09:00:00,105,14,30
2025-05-13,2025,13,5,10:00:00,127,121,38
2025-05-13,2025,13,5,11:00:00,62,116,29
2025-05-13,2025,13,5,12:00:00,89,81,23
2025-05-13,2025,13,5,13:00:00,71,86,33
2025-05-13,2025,13,5,14:00:00,125,133,34
2025-05-13,2025,13,5,15:00:00,77,64,31
2025-05-13,2025,13,5,16:00:00,86,73,32
2025-05-13,2025,13,5,17:00:00,139,75,21
2025-05-13,2025,13,5,18:00:00,32,47,30
2025-05-13,2025,13,5,19:00:00,2,0,0
2025-05-14,2025,14,5,07:00:00,13,0,0
2025-05-14,2025,14,5,08:00:00,8,0,1
2025-05-14,2025,14,5,09:00:00,21,7,31
2025-05-14,2025,14,5,10:00:00,267,88,26
2025-05-14,2025,14,5,11:00:00,116,198,32
2025-05-14,2025,14,5,12:00:00,92,100,22
2025-05-14,2025,14,5,13:00:00,80,73,23
2025-05-14,2025,14,5,14:00:00,210,155,42
2025-05-14,2025,14,5,15:00:00,283,142,46
2025-05-14,2025,14,5,16:00:00,310,400,44
2025-05-14,2025,14,5,17:00:00,199,222,23
2025-05-14,2025,14,5,18:00:00,110,126,17
2025-05-14,2025,14,5,19:00:00,3,0,0
2025-05-14,2025,14,5,20:00:00,2,0,0
2025-05-14,2025,14,5,21:00:00,6,0,0
2025-05-15,2025,15,5,07:00:00,9,0,0
2025-05-15,2025,15,5,08:00:00,2,0,0
2025-05-15,2025,15,5,09:00:00,34,9,19
2025-05-15,2025,15,5,10:00:00,114,51,18
2025-05-15,2025,15,5,11:00:00,111,114,13
2025-05-15,2025,15,5,12:00:00,28,46,19
2025-05-15,2025,15,5,13:00:00,43,32,23
2025-05-15,2025,15,5,14:00:00,61,38,22
2025-05-15,2025,15,5,15:00:00,54,116,30
2025-05-15,2025,15,5,16:00:00,40,83,29
2025-05-15,2025,15,5,17:00:00,43,46,32
2025-05-15,2025,15,5,18:00:00,24,52,32
2025-05-16,2025,16,5,07:00:00,8,0,0
2025-05-16,2025,16,5,08:00:00,27,0,0
2025-05-16,2025,16,5,09:00:00,37,4,15
2025-05-16,2025,16,5,10:00:00,61,64,22
2025-05-16,2025,16,5,11:00:00,54,58,17
2025-05-16,2025,16,5,12:00:00,55,66,26
2025-05-16,2025,16,5,13:00:00,109,87,14
2025-05-16,2025,16,5,14:00:00,90,115,30
2025-05-16,2025,16,5,15:00:00,71,49,23
2025-05-16,2025,16,5,16:00:00,52,70,29
2025-05-16,2025,16,5,17:00:00,57,75,23
2025-05-16,2025,16,5,18:00:00,42,51,27
2025-05-16,2025,16,5,19:00:00,2,0,0
2025-05-17,2025,17,5,08:00:00,3,0,0
2025-05-17,2025,17,5,09:00:00,34,14,17
2025-05-17,2025,17,5,10:00:00,78,71,31
2025-05-17,2025,17,5,11:00:00,151,240,30
2025-05-17,2025,17,5,12:00:00,232,214,16
2025-05-17,2025,17,5,13:00:00,107,138,26
2025-05-17,2025,17,5,14:00:00,176,169,32
2025-05-17,2025,17,5,15:00:00,268,271,39
2025-05-17,2025,17,5,16:00:00,205,217,39
2025-05-17,2025,17,5,17:00:00,146,196,22
2025-05-17,2025,17,5,18:00:00,145,314,16
2025-05-17,2025,17,5,19:00:00,13,0,0
2025-05-17,2025,17,5,20:00:00,1,0,0
2025-05-18,2025,18,5,09:00:00,4,0,0
2025-05-18,2025,18,5,10:00:00,3,0,0
2025-05-18,2025,18,5,11:00:00,1,0,0
2025-05-18,2025,18,5,12:00:00,1,0,0
2025-05-18,2025,18,5,13:00:00,14,0,0
2025-05-18,2025,18,5,14:00:00,236,122,27
2025-05-18,2025,18,5,15:00:00,251,334,34
2025-05-18,2025,18,5,16:00:00,201,163,25
2025-05-18,2025,18,5,17:00:00,122,261,27
2025-05-18,2025,18,5,18:00:00,11,5,0
2025-05-18,2025,18,5,20:00:00,3,0,0
2025-05-19,2025,19,5,06:00:00,1,0,0
2025-05-19,2025,19,5,08:00:00,1,0,0
2025-05-19,2025,19,5,09:00:00,14,0,0
2025-05-19,2025,19,5,10:00:00,2,0,0
2025-05-19,2025,19,5,11:00:00,6,0,0
2025-05-19,2025,19,5,13:00:00,2,0,0
2025-05-19,2025,19,5,15:00:00,10,0,0
2025-05-19,2025,19,5,16:00:00,1,0,0
2025-05-19,2025,19,5,17:00:00,35,0,0
2025-05-19,2025,19,5,18:00:00,9,0,0
2025-05-19,2025,19,5,19:00:00,2,0,0
2025-05-19,2025,19,5,22:00:00,2,0,0
2025-05-20,2025,20,5,05:00:00,1,0,0
2025-05-20,2025,20,5,06:00:00,3,0,0
2025-05-20,2025,20,5,07:00:00,3,0,0
2025-05-20,2025,20,5,08:00:00,9,0,0
2025-05-20,2025,20,5,09:00:00,81,17,29
2025-05-20,2025,20,5,10:00:00,122,64,27
2025-05-20,2025,20,5,11:00:00,65,72,25
2025-05-20,2025,20,5,12:00:00,46,37,20
2025-05-20,2025,20,5,13:00:00,111,100,23
2025-05-20,2025,20,5,14:00:00,93,84,26
2025-05-20,2025,20,5,15:00:00,164,117,28
2025-05-20,2025,20,5,16:00:00,75,39,27
2025-05-20,2025,20,5,17:00:00,116,137,26
2025-05-20,2025,20,5,18:00:00,73,125,21
2025-05-20,2025,20,5,19:00:00,13,0,0
2025-05-21,2025,21,5,07:00:00,1,0,0
2025-05-21,2025,21,5,09:00:00,77,57,27
2025-05-21,2025,21,5,10:00:00,137,138,36
2025-05-21,2025,21,5,11:00:00,201,257,25
2025-05-21,2025,21,5,12:00:00,203,195,34
2025-05-21,2025,21,5,13:00:00,81,77,22
2025-05-21,2025,21,5,14:00:00,179,172,31
2025-05-21,2025,21,5,15:00:00,179,151,39
2025-05-21,2025,21,5,16:00:00,316,281,29
2025-05-21,2025,21,5,17:00:00,182,272,39
2025-05-21,2025,21,5,18:00:00,84,122,22
2025-05-21,2025,21,5,19:00:00,4,0,0
2025-05-22,2025,22,5,07:00:00,4,0,0
2025-05-22,2025,22,5,08:00:00,2,0,0
2025-05-22,2025,22,5,09:00:00,30,17,24
2025-05-22,2025,22,5,10:00:00,84,63,23
2025-05-22,2025,22,5,11:00:00,24,29,19
2025-05-22,2025,22,5,12:00:00,90,16,21
2025-05-22,2025,22,5,13:00:00,41,77,28
2025-05-22,2025,22,5,14:00:00,34,40,41
2025-05-22,2025,22,5,15:00:00,38,46,36
2025-05-22,2025,22,5,16:00:00,56,40,36
2025-05-22,2025,22,5,17:00:00,47,46,31
2025-05-22,2025,22,5,18:00:00,81,89,15
2025-05-22,2025,22,5,19:00:00,7,0,0
2025-05-23,2025,23,5,06:00:00,2,0,0
2025-05-23,2025,23,5,07:00:00,8,0,0
2025-05-23,2025,23,5,08:00:00,11,0,0
2025-05-23,2025,23,5,09:00:00,36,51,23
2025-05-23,2025,23,5,10:00:00,50,35,21
2025-05-23,2025,23,5,11:00:00,87,80,16
2025-05-23,2025,23,5,12:00:00,79,47,20
2025-05-23,2025,23,5,13:00:00,109,85,25
2025-05-23,2025,23,5,14:00:00,58,59,33
2025-05-23,2025,23,5,15:00:00,62,69,30
2025-05-23,2025,23,5,16:00:00,34,30,29
2025-05-23,2025,23,5,17:00:00,167,111,24
2025-05-23,2025,23,5,18:00:00,51,100,15
2025-05-23,2025,23,5,19:00:00,4,1,0
2025-05-23,2025,23,5,22:00:00,3,0,0
2025-05-24,2025,24,5,08:00:00,3,0,0
2025-05-24,2025,24,5,09:00:00,17,20,10
2025-05-24,2025,24,5,10:00:00,160,80,23
2025-05-24,2025,24,5,11:00:00,139,164,26
2025-05-24,2025,24,5,12:00:00,74,126,23
2025-05-24,2025,24,5,13:00:00,162,107,30
2025-05-24,2025,24,5,14:00:00,133,136,32
2025-05-24,2025,24,5,15:00:00,220,168,33
2025-05-24,2025,24,5,16:00:00,288,284,29
2025-05-24,2025,24,5,17:00:00,234,461,41
2025-05-24,2025,24,5,18:00:00,149,292,29
2025-05-24,2025,24,5,19:00:00,21,1,0
2025-05-25,2025,25,5,08:00:00,1,0,0
2025-05-25,2025,25,5,09:00:00,5,0,0
2025-05-25,2025,25,5,11:00:00,3,0,0
2025-05-25,2025,25,5,12:00:00,3,0,0
2025-05-25,2025,25,5,13:00:00,7,0,0
2025-05-25,2025,25,5,14:00:00,139,73,32
2025-05-25,2025,25,5,15:00:00,220,209,46
2025-05-25,2025,25,5,16:00:00,104,225,29
2025-05-25,2025,25,5,17:00:00,182,291,23
2025-05-25,2025,25,5,18:00:00,16,4,0
2025-05-25,2025,25,5,20:00:00,2,0,0
2025-05-26,2025,26,5,07:00:00,5,0,0
2025-05-26,2025,26,5,08:00:00,2,0,0
2025-05-26,2025,26,5,09:00:00,4,0,0
2025-05-26,2025,26,5,10:00:00,8,0,0
2025-05-26,2025,26,5,11:00:00,3,0,0
2025-05-26,2025,26,5,12:00:00,10,0,0
2025-05-26,2025,26,5,13:00:00,1,0,0
2025-05-26,2025,26,5,14:00:00,7,0,0
2025-05-26,2025,26,5,15:00:00,1,0,0
2025-05-26,2025,26,5,16:00:00,16,0,0
2025-05-26,2025,26,5,17:00:00,9,0,0
2025-05-26,2025,26,5,18:00:00,9,0,0
2025-05-26,2025,26,5,19:00:00,3,0,0
2025-05-27,2025,27,5,07:00:00,10,0,0
2025-05-27,2025,27,5,08:00:00,10,0,0
2025-05-27,2025,27,5,09:00:00,64,10,15
2025-05-27,2025,27,5,10:00:00,601,170,30
2025-05-27,2025,27,5,11:00:00,166,83,28
2025-05-27,2025,27,5,12:00:00,56,68,31
2025-05-27,2025,27,5,13:00:00,79,105,33
2025-05-27,2025,27,5,14:00:00,56,52,28
2025-05-27,2025,27,5,15:00:00,117,88,19
2025-05-27,2025,27,5,16:00:00,154,80,32
2025-05-27,2025,27,5,17:00:00,122,144,28
2025-05-27,2025,27,5,18:00:00,78,123,15
2025-05-27,2025,27,5,19:00:00,15,17,0
2025-05-28,2025,28,5,05:00:00,2,0,0
2025-05-28,2025,28,5,07:00:00,1,0,0
2025-05-28,2025,28,5,08:00:00,39,0,0
2025-05-28,2025,28,5,09:00:00,63,3,13
2025-05-28,2025,28,5,10:00:00,140,159,19
2025-05-28,2025,28,5,11:00:00,169,162,28
2025-05-28,2025,28,5,12:00:00,91,93,16
2025-05-28,2025,28,5,13:00:00,164,149,34
2025-05-28,2025,28,5,14:00:00,333,133,38
2025-05-28,2025,28,5,15:00:00,194,211,54
2025-05-28,2025,28,5,16:00:00,384,437,52
2025-05-28,2025,28,5,17:00:00,176,151,41
2025-05-28,2025,28,5,18:00:00,127,204,28
2025-05-28,2025,28,5,19:00:00,9,22,0
2025-05-29,2025,29,5,11:00:00,1,0,0
2025-05-29,2025,29,5,12:00:00,9,0,0
2025-05-29,2025,29,5,15:00:00,22,0,0
2025-05-29,2025,29,5,16:00:00,4,0,0
2025-05-30,2025,30,5,05:00:00,3,0,0
2025-05-30,2025,30,5,08:00:00,5,0,0
2025-05-30,2025,30,5,09:00:00,12,9,21
2025-05-30,2025,30,5,10:00:00,94,81,30
2025-05-30,2025,30,5,11:00:00,88,151,30
2025-05-30,2025,30,5,12:00:00,92,100,15
2025-05-30,2025,30,5,13:00:00,122,72,32
2025-05-30,2025,30,5,14:00:00,108,119,31
2025-05-30,2025,30,5,15:00:00,113,138,30
2025-05-30,2025,30,5,16:00:00,90,138,27
2025-05-30,2025,30,5,17:00:00,150,198,23
2025-05-30,2025,30,5,18:00:00,91,106,15
2025-05-30,2025,30,5,19:00:00,2,0,0
2025-05-31,2025,31,5,08:00:00,18,0,0
2025-05-31,2025,31,5,09:00:00,25,47,19
2025-05-31,2025,31,5,10:00:00,153,85,23
2025-05-31,2025,31,5,11:00:00,137,145,12
2025-05-31,2025,31,5,12:00:00,71,93,18
2025-05-31,2025,31,5,13:00:00,65,74,20
2025-05-31,2025,31,5,14:00:00,98,94,20
2025-05-31,2025,31,5,15:00:00,119,153,29
2025-05-31,2025,31,5,16:00:00,279,267,26
2025-05-31,2025,31,5,17:00:00,139,198,23
2025-05-31,2025,31,5,18:00:00,71,119,15
2025-05-31,2025,31,5,19:00:00,1,0,0
2025-06-01,2025,1,6,09:00:00,2,0,0
2025-06-01,2025,1,6,11:00:00,2,0,0
2025-06-01,2025,1,6,14:00:00,196,140,24
2025-06-01,2025,1,6,15:00:00,139,163,26
2025-06-01,2025,1,6,16:00:00,189,196,47
2025-06-01,2025,1,6,17:00:00,100,254,24
2025-06-01,2025,1,6,18:00:00,43,2,0
2025-06-02,2025,2,6,07:00:00,3,0,0
2025-06-02,2025,2,6,08:00:00,1,0,0
2025-06-02,2025,2,6,09:00:00,30,0,0
2025-06-02,2025,2,6,10:00:00,4,0,0
2025-06-02,2025,2,6,11:00:00,9,0,0
2025-06-02,2025,2,6,12:00:00,2,0,0
2025-06-02,2025,2,6,13:00:00,8,0,0
2025-06-02,2025,2,6,14:00:00,5,0,0
2025-06-02,2025,2,6,17:00:00,6,0,0
2025-06-02,2025,2,6,18:00:00,5,0,0
2025-06-03,2025,3,6,07:00:00,2,0,0
2025-06-03,2025,3,6,08:00:00,11,0,1
2025-06-03,2025,3,6,09:00:00,53,31,29
2025-06-03,2025,3,6,10:00:00,746,178,37
2025-06-03,2025,3,6,11:00:00,100,99,26
2025-06-03,2025,3,6,12:00:00,92,91,15
2025-06-03,2025,3,6,13:00:00,75,73,15
2025-06-03,2025,3,6,14:00:00,64,32,34
2025-06-03,2025,3,6,15:00:00,131,81,35
2025-06-03,2025,3,6,16:00:00,404,84,39
2025-06-03,2025,3,6,17:00:00,74,92,31
2025-06-03,2025,3,6,18:00:00,48,51,22
2025-06-03,2025,3,6,19:00:00,23,1,0
2025-06-04,2025,4,6,08:00:00,5,0,0
2025-06-04,2025,4,6,09:00:00,27,9,12
2025-06-04,2025,4,6,10:00:00,202,158,16
2025-06-04,2025,4,6,11:00:00,162,231,30
2025-06-04,2025,4,6,12:00:00,61,77,17
2025-06-04,2025,4,6,13:00:00,182,151,25
2025-06-04,2025,4,6,14:00:00,197,128,49
2025-06-04,2025,4,6,15:00:00,152,231,42
2025-06-04,2025,4,6,16:00:00,172,134,40
2025-06-04,2025,4,6,17:00:00,154,186,39
2025-06-04,2025,4,6,18:00:00,82,134,28
2025-06-04,2025,4,6,19:00:00,2,0,2
2025-06-05,2025,5,6,07:00:00,2,0,0
2025-06-05,2025,5,6,08:00:00,7,0,0
2025-06-05,2025,5,6,09:00:00,43,27,13
2025-06-05,2025,5,6,10:00:00,286,68,19
2025-06-05,2025,5,6,11:00:00,275,54,18
2025-06-05,2025,5,6,12:00:00,47,38,22
2025-06-05,2025,5,6,13:00:00,37,49,33
2025-06-05,2025,5,6,14:00:00,100,36,36
2025-06-05,2025,5,6,15:00:00,92,93,30
2025-06-05,2025,5,6,16:00:00,185,56,25
2025-06-05,2025,5,6,17:00:00,70,85,23
2025-06-05,2025,5,6,18:00:00,35,31,10
2025-06-05,2025,5,6,19:00:00,6,0,0
2025-06-06,2025,6,6,07:00:00,2,0,0
2025-06-06,2025,6,6,08:00:00,5,0,0
2025-06-06,2025,6,6,09:00:00,55,4,12
2025-06-06,2025,6,6,10:00:00,413,30,18
2025-06-06,2025,6,6,11:00:00,68,24,17
2025-06-06,2025,6,6,12:00:00,74,85,16
2025-06-06,2025,6,6,13:00:00,67,62,12
2025-06-06,2025,6,6,14:00:00,63,26,22
2025-06-06,2025,6,6,15:00:00,85,89,40
2025-06-06,2025,6,6,16:00:00,187,88,19
2025-06-06,2025,6,6,17:00:00,66,92,12
2025-06-06,2025,6,6,18:00:00,26,33,16
2025-06-06,2025,6,6,19:00:00,12,0,0
2025-06-06,2025,6,6,20:00:00,4,0,0
2025-06-07,2025,7,6,08:00:00,8,0,0
2025-06-07,2025,7,6,09:00:00,28,11,11
2025-06-07,2025,7,6,10:00:00,95,103,19
2025-06-07,2025,7,6,11:00:00,143,184,23
2025-06-07,2025,7,6,12:00:00,55,134,34
2025-06-07,2025,7,6,13:00:00,129,107,21
2025-06-07,2025,7,6,14:00:00,230,196,41
2025-06-07,2025,7,6,15:00:00,206,204,44
2025-06-07,2025,7,6,16:00:00,177,148,27
2025-06-07,2025,7,6,17:00:00,161,220,41
2025-06-07,2025,7,6,18:00:00,121,213,15
2025-06-07,2025,7,6,19:00:00,12,2,0
2025-06-08,2025,8,6,08:00:00,3,0,0
2025-06-08,2025,8,6,10:00:00,12,0,0
2025-06-08,2025,8,6,11:00:00,4,0,0
2025-06-08,2025,8,6,13:00:00,30,1,0
2025-06-08,2025,8,6,14:00:00,146,146,19
2025-06-08,2025,8,6,15:00:00,156,169,24
2025-06-08,2025,8,6,16:00:00,270,141,18
2025-06-08,2025,8,6,17:00:00,162,361,24
2025-06-08,2025,8,6,18:00:00,36,11,0
2025-06-08,2025,8,6,19:00:00,11,0,0
2025-06-09,2025,9,6,07:00:00,1,0,0
2025-06-09,2025,9,6,08:00:00,1,0,0
2025-06-09,2025,9,6,09:00:00,2,0,0
2025-06-09,2025,9,6,10:00:00,6,0,0
2025-06-09,2025,9,6,11:00:00,25,0,0
2025-06-09,2025,9,6,12:00:00,7,0,0
2025-06-09,2025,9,6,14:00:00,2,0,0
2025-06-09,2025,9,6,15:00:00,11,0,0
2025-06-09,2025,9,6,16:00:00,5,0,0
2025-06-09,2025,9,6,17:00:00,6,0,0
2025-06-10,2025,10,6,07:00:00,2,0,0
2025-06-10,2025,10,6,08:00:00,8,0,0
2025-06-10,2025,10,6,09:00:00,70,24,19
2025-06-10,2025,10,6,10:00:00,562,77,29
2025-06-10,2025,10,6,11:00:00,138,100,37
2025-06-10,2025,10,6,12:00:00,110,74,33
2025-06-10,2025,10,6,13:00:00,85,89,23
2025-06-10,2025,10,6,14:00:00,134,68,31
2025-06-10,2025,10,6,15:00:00,74,109,34
2025-06-10,2025,10,6,16:00:00,71,75,32
2025-06-10,2025,10,6,17:00:00,100,94,24
2025-06-10,2025,10,6,18:00:00,21,46,15
2025-06-10,2025,10,6,19:00:00,9,0,0
2025-06-10,2025,10,6,20:00:00,1,0,0
2025-06-11,2025,11,6,07:00:00,4,0,0
2025-06-11,2025,11,6,08:00:00,55,0,0
2025-06-11,2025,11,6,09:00:00,188,20,8
2025-06-11,2025,11,6,10:00:00,114,62,23
2025-06-11,2025,11,6,11:00:00,305,248,30
2025-06-11,2025,11,6,12:00:00,123,90,27
2025-06-11,2025,11,6,13:00:00,95,103,29
2025-06-11,2025,11,6,14:00:00,221,170,32
2025-06-11,2025,11,6,15:00:00,292,131,43
2025-06-11,2025,11,6,16:00:00,217,177,36
2025-06-11,2025,11,6,17:00:00,136,144,24
2025-06-11,2025,11,6,18:00:00,51,106,11
2025-06-11,2025,11,6,19:00:00,27,0,0
2025-06-12,2025,12,6,08:00:00,9,0,0
2025-06-12,2025,12,6,09:00:00,75,20,17
2025-06-12,2025,12,6,10:00:00,51,72,14
2025-06-12,2025,12,6,11:00:00,166,16,16
2025-06-12,2025,12,6,12:00:00,149,67,14
2025-06-12,2025,12,6,13:00:00,64,30,8
2025-06-12,2025,12,6,14:00:00,83,48,17
2025-06-12,2025,12,6,15:00:00,75,54,16
2025-06-12,2025,12,6,16:00:00,49,73,23
2025-06-12,2025,12,6,17:00:00,162,60,17
2025-06-12,2025,12,6,18:00:00,20,13,19
2025-06-12,2025,12,6,19:00:00,1,0,0
2025-06-12,2025,12,6,20:00:00,1,0,0
2025-06-13,2025,13,6,06:00:00,1,0,0
2025-06-13,2025,13,6,07:00:00,19,0,0
2025-06-13,2025,13,6,08:00:00,2,0,0
2025-06-13,2025,13,6,09:00:00,23,9,11
2025-06-13,2025,13,6,10:00:00,58,56,31
2025-06-13,2025,13,6,11:00:00,96,47,13
2025-06-13,2025,13,6,12:00:00,105,74,26
2025-06-13,2025,13,6,13:00:00,72,91,13
2025-06-13,2025,13,6,14:00:00,77,60,15
2025-06-13,2025,13,6,15:00:00,104,40,26
2025-06-13,2025,13,6,16:00:00,36,71,23
2025-06-13,2025,13,6,17:00:00,77,121,27
2025-06-13,2025,13,6,18:00:00,47,64,18
2025-06-13,2025,13,6,19:00:00,1,0,0
2025-06-13,2025,13,6,21:00:00,4,0,0
2025-06-14,2025,14,6,07:00:00,3,0,0
2025-06-14,2025,14,6,08:00:00,5,0,0
2025-06-14,2025,14,6,09:00:00,55,20,14
2025-06-14,2025,14,6,10:00:00,125,123,16
2025-06-14,2025,14,6,11:00:00,102,116,19
2025-06-14,2025,14,6,12:00:00,118,90,16
2025-06-14,2025,14,6,13:00:00,74,98,21
2025-06-14,2025,14,6,14:00:00,111,92,23
2025-06-14,2025,14,6,15:00:00,239,161,25
2025-06-14,2025,14,6,16:00:00,286,365,18
2025-06-14,2025,14,6,17:00:00,209,235,20
2025-06-14,2025,14,6,18:00:00,73,129,11
2025-06-14,2025,14,6,19:00:00,1,0,0
2025-06-15,2025,15,6,10:00:00,2,0,0
2025-06-15,2025,15,6,11:00:00,9,0,0
2025-06-15,2025,15,6,12:00:00,4,0,0
2025-06-15,2025,15,6,14:00:00,151,118,22
2025-06-15,2025,15,6,15:00:00,227,203,32
2025-06-15,2025,15,6,16:00:00,169,210,29
2025-06-15,2025,15,6,17:00:00,210,214,26
2025-06-15,2025,15,6,18:00:00,9,0,0
2025-06-16,2025,16,6,07:00:00,5,0,0
2025-06-16,2025,16,6,08:00:00,8,0,0
2025-06-16,2025,16,6,09:00:00,4,0,0
2025-06-16,2025,16,6,11:00:00,5,0,0
2025-06-16,2025,16,6,12:00:00,15,0,0
2025-06-16,2025,16,6,13:00:00,13,0,0
2025-06-16,2025,16,6,14:00:00,15,0,0
2025-06-16,2025,16,6,16:00:00,36,0,0
2025-06-16,2025,16,6,17:00:00,2,0,0
2025-06-16,2025,16,6,18:00:00,9,0,0
2025-06-16,2025,16,6,20:00:00,1,0,0
2025-06-17,2025,17,6,05:00:00,1,0,0
2025-06-17,2025,17,6,08:00:00,5,0,0
2025-06-17,2025,17,6,09:00:00,39,22,27
2025-06-17,2025,17,6,10:00:00,538,91,29
2025-06-17,2025,17,6,11:00:00,122,96,30
2025-06-17,2025,17,6,12:00:00,66,137,19
2025-06-17,2025,17,6,13:00:00,82,121,24
2025-06-17,2025,17,6,14:00:00,75,63,33
2025-06-17,2025,17,6,15:00:00,62,80,22
2025-06-17,2025,17,6,16:00:00,63,54,22
2025-06-17,2025,17,6,17:00:00,92,92,28
2025-06-17,2025,17,6,18:00:00,40,43,14
2025-06-17,2025,17,6,20:00:00,1,0,0
2025-06-18,2025,18,6,07:00:00,2,0,0
2025-06-18,2025,18,6,08:00:00,1,0,0
2025-06-18,2025,18,6,09:00:00,201,0,19
2025-06-18,2025,18,6,10:00:00,349,0,23
2025-06-18,2025,18,6,11:00:00,162,0,3
2025-06-18,2025,18,6,12:00:00,114,0,10
2025-06-18,2025,18,6,13:00:00,105,0,27
2025-06-18,2025,18,6,14:00:00,172,0,28
2025-06-18,2025,18,6,15:00:00,153,0,34
2025-06-18,2025,18,6,16:00:00,154,0,29
2025-06-18,2025,18,6,17:00:00,112,0,20
2025-06-18,2025,18,6,18:00:00,115,0,18
2025-06-18,2025,18,6,19:00:00,8,0,0
2025-06-19,2025,19,6,07:00:00,2,0,0
2025-06-19,2025,19,6,08:00:00,26,0,0
2025-06-19,2025,19,6,09:00:00,43,0,13
2025-06-19,2025,19,6,10:00:00,479,0,17
2025-06-19,2025,19,6,11:00:00,56,0,19
2025-06-19,2025,19,6,12:00:00,81,0,29
2025-06-19,2025,19,6,13:00:00,65,0,20
2025-06-19,2025,19,6,14:00:00,99,0,17
2025-06-19,2025,19,6,15:00:00,44,0,19
2025-06-19,2025,19,6,16:00:00,55,0,13
2025-06-19,2025,19,6,17:00:00,408,0,20
2025-06-19,2025,19,6,18:00:00,46,0,15
2025-06-19,2025,19,6,19:00:00,23,0,0
2025-06-20,2025,20,6,07:00:00,2,0,0
2025-06-20,2025,20,6,08:00:00,5,0,0
2025-06-20,2025,20,6,09:00:00,65,0,16
2025-06-20,2025,20,6,10:00:00,75,0,20
2025-06-20,2025,20,6,11:00:00,52,0,19
2025-06-20,2025,20,6,12:00:00,166,0,16
2025-06-20,2025,20,6,13:00:00,70,0,20
2025-06-20,2025,20,6,14:00:00,131,0,21
2025-06-20,2025,20,6,15:00:00,122,0,32
2025-06-20,2025,20,6,16:00:00,12,0,25
2025-06-20,2025,20,6,17:00:00,100,0,23
2025-06-20,2025,20,6,18:00:00,41,0,18
2025-06-20,2025,20,6,19:00:00,6,0,0
2025-06-20,2025,20,6,23:00:00,1,0,0
2025-06-21,2025,21,6,08:00:00,3,0,0
2025-06-21,2025,21,6,09:00:00,27,32,8
2025-06-21,2025,21,6,10:00:00,400,114,27
2025-06-21,2025,21,6,11:00:00,366,188,27
2025-06-21,2025,21,6,12:00:00,114,84,14
2025-06-21,2025,21,6,13:00:00,99,84,6
2025-06-21,2025,21,6,14:00:00,80,56,21
2025-06-21,2025,21,6,15:00:00,81,135,14
2025-06-21,2025,21,6,16:00:00,164,185,20
2025-06-21,2025,21,6,17:00:00,116,47,18
2025-06-21,2025,21,6,18:00:00,116,121,7
2025-06-21,2025,21,6,20:00:00,3,0,0
2025-06-22,2025,22,6,10:00:00,3,0,0
2025-06-22,2025,22,6,11:00:00,8,0,0
2025-06-22,2025,22,6,12:00:00,3,0,0
2025-06-22,2025,22,6,14:00:00,43,83,22
2025-06-22,2025,22,6,15:00:00,183,154,19
2025-06-22,2025,22,6,16:00:00,229,295,23
2025-06-22,2025,22,6,17:00:00,166,234,33
2025-06-22,2025,22,6,18:00:00,14,2,0
2025-06-23,2025,23,6,07:00:00,1,0,0
2025-06-23,2025,23,6,08:00:00,26,0,0
2025-06-23,2025,23,6,09:00:00,2,0,0
2025-06-23,2025,23,6,10:00:00,3,0,0
2025-06-23,2025,23,6,11:00:00,7,0,0
2025-06-23,2025,23,6,12:00:00,1,0,0
2025-06-23,2025,23,6,13:00:00,1,0,0
2025-06-23,2025,23,6,14:00:00,5,0,0
2025-06-23,2025,23,6,15:00:00,5,0,0
2025-06-23,2025,23,6,16:00:00,9,0,0
2025-06-23,2025,23,6,17:00:00,6,0,0
2025-06-23,2025,23,6,18:00:00,7,0,0
2025-06-23,2025,23,6,19:00:00,3,0,0
2025-06-23,2025,23,6,20:00:00,1,0,0
2025-06-24,2025,24,6,06:00:00,1,0,0
2025-06-24,2025,24,6,07:00:00,7,0,0
2025-06-24,2025,24,6,08:00:00,27,0,0
2025-06-24,2025,24,6,09:00:00,39,5,25
2025-06-24,2025,24,6,10:00:00,127,93,35
2025-06-24,2025,24,6,11:00:00,78,146,16
2025-06-24,2025,24,6,12:00:00,110,85,25
2025-06-24,2025,24,6,13:00:00,153,115,26
2025-06-24,2025,24,6,14:00:00,220,125,34
2025-06-24,2025,24,6,15:00:00,213,80,35
2025-06-24,2025,24,6,16:00:00,75,80,36
2025-06-24,2025,24,6,17:00:00,223,64,30
2025-06-24,2025,24,6,18:00:00,98,137,26
2025-06-24,2025,24,6,21:00:00,10,0,0
2025-06-25,2025,25,6,08:00:00,5,0,0
2025-06-25,2025,25,6,09:00:00,254,11,8
2025-06-25,2025,25,6,10:00:00,614,209,25
2025-06-25,2025,25,6,11:00:00,838,284,30
2025-06-25,2025,25,6,12:00:00,191,168,32
2025-06-25,2025,25,6,13:00:00,143,114,30
2025-06-25,2025,25,6,14:00:00,132,90,37
2025-06-25,2025,25,6,15:00:00,287,353,25
2025-06-25,2025,25,6,16:00:00,133,110,41
2025-06-25,2025,25,6,17:00:00,198,228,38
2025-06-25,2025,25,6,18:00:00,97,238,22
2025-06-25,2025,25,6,19:00:00,18,0,0
2025-06-26,2025,26,6,06:00:00,2,0,0
2025-06-26,2025,26,6,08:00:00,8,0,0
2025-06-26,2025,26,6,09:00:00,120,6,14
2025-06-26,2025,26,6,10:00:00,108,108,30
2025-06-26,2025,26,6,11:00:00,106,105,18
2025-06-26,2025,26,6,12:00:00,83,92,21
2025-06-26,2025,26,6,13:00:00,48,63,22
2025-06-26,2025,26,6,14:00:00,87,125,31
2025-06-26,2025,26,6,15:00:00,91,127,38
2025-06-26,2025,26,6,16:00:00,425,63,38
2025-06-26,2025,26,6,17:00:00,776,151,25
2025-06-26,2025,26,6,18:00:00,119,33,30
2025-06-26,2025,26,6,19:00:00,3,3,0
2025-06-27,2025,27,6,08:00:00,28,0,0
2025-06-27,2025,27,6,09:00:00,31,13,14
2025-06-27,2025,27,6,10:00:00,101,55,15
2025-06-27,2025,27,6,11:00:00,65,93,16
2025-06-27,2025,27,6,12:00:00,192,111,15
2025-06-27,2025,27,6,13:00:00,119,83,32
2025-06-27,2025,27,6,14:00:00,188,90,25
2025-06-27,2025,27,6,15:00:00,207,207,32
2025-06-27,2025,27,6,16:00:00,238,96,31
2025-06-27,2025,27,6,17:00:00,597,140,21
2025-06-27,2025,27,6,18:00:00,40,89,14
2025-06-27,2025,27,6,19:00:00,14,0,0
2025-06-27,2025,27,6,20:00:00,1,0,0
2025-06-27,2025,27,6,21:00:00,14,0,0
2025-06-28,2025,28,6,08:00:00,2,0,0
2025-06-28,2025,28,6,09:00:00,37,27,7
2025-06-28,2025,28,6,10:00:00,157,138,17
2025-06-28,2025,28,6,11:00:00,121,202,17
2025-06-28,2025,28,6,12:00:00,123,168,11
2025-06-28,2025,28,6,13:00:00,123,70,15
2025-06-28,2025,28,6,14:00:00,82,107,28
2025-06-28,2025,28,6,15:00:00,151,290,25
2025-06-28,2025,28,6,16:00:00,110,95,26
2025-06-28,2025,28,6,17:00:00,128,135,25
2025-06-28,2025,28,6,18:00:00,71,81,9
2025-06-28,2025,28,6,19:00:00,5,0,0
2025-06-28,2025,28,6,20:00:00,6,0,0
2025-06-28,2025,28,6,21:00:00,1,0,0
2025-06-29,2025,29,6,09:00:00,26,0,0
2025-06-29,2025,29,6,10:00:00,27,0,0
2025-06-29,2025,29,6,11:00:00,13,0,0
2025-06-29,2025,29,6,12:00:00,6,0,0
2025-06-29,2025,29,6,13:00:00,3,0,0
2025-06-29,2025,29,6,14:00:00,179,142,24
2025-06-29,2025,29,6,15:00:00,273,297,28
2025-06-29,2025,29,6,16:00:00,106,198,36
2025-06-29,2025,29,6,17:00:00,182,312,25
2025-06-29,2025,29,6,18:00:00,2,3,0
2025-06-29,2025,29,6,19:00:00,3,0,0
2025-06-29,2025,29,6,20:00:00,3,0,0
2025-06-29,2025,29,6,21:00:00,6,0,0
2025-06-30,2025,30,6,06:00:00,1,0,0
2025-06-30,2025,30,6,07:00:00,7,0,0
2025-06-30,2025,30,6,08:00:00,9,0,0
2025-06-30,2025,30,6,09:00:00,5,0,0
2025-06-30,2025,30,6,10:00:00,17,0,0
2025-06-30,2025,30,6,12:00:00,1,0,0
2025-06-30,2025,30,6,13:00:00,59,0,0
2025-06-30,2025,30,6,14:00:00,2,0,0
2025-06-30,2025,30,6,15:00:00,2,0,0
2025-06-30,2025,30,6,16:00:00,13,0,0
2025-06-30,2025,30,6,17:00:00,5,0,0
2025-06-30,2025,30,6,18:00:00,9,0,0
2025-07-01,2025,1,7,08:00:00,14,0,0
2025-07-01,2025,1,7,09:00:00,71,35,30
2025-07-01,2025,1,7,10:00:00,117,129,31
2025-07-01,2025,1,7,11:00:00,230,71,24
2025-07-01,2025,1,7,12:00:00,141,57,28
2025-07-01,2025,1,7,13:00:00,130,22,20
2025-07-01,2025,1,7,14:00:00,243,61,17
2025-07-01,2025,1,7,15:00:00,236,100,17
2025-07-01,2025,1,7,16:00:00,179,102,20
2025-07-01,2025,1,7,17:00:00,66,19,24
2025-07-01,2025,1,7,18:00:00,19,22,14
2025-07-01,2025,1,7,19:00:00,5,0,0
2025-07-01,2025,1,7,22:00:00,6,0,0
2025-07-01,2025,1,7,23:00:00,3,0,0
2025-07-02,2025,2,7,07:00:00,1,0,0
2025-07-02,2025,2,7,08:00:00,6,0,0
2025-07-02,2025,2,7,09:00:00,87,36,24
2025-07-02,2025,2,7,10:00:00,212,216,18
2025-07-02,2025,2,7,11:00:00,189,248,12
2025-07-02,2025,2,7,12:00:00,175,189,13
2025-07-02,2025,2,7,13:00:00,92,144,30
2025-07-02,2025,2,7,14:00:00,53,90,36
2025-07-02,2025,2,7,15:00:00,163,127,29
2025-07-02,2025,2,7,16:00:00,212,141,33
2025-07-02,2025,2,7,17:00:00,150,216,24
2025-07-02,2025,2,7,18:00:00,147,127,18
2025-07-02,2025,2,7,19:00:00,32,0,0
2025-07-03,2025,3,7,07:00:00,2,0,0
2025-07-03,2025,3,7,09:00:00,56,22,25
2025-07-03,2025,3,7,10:00:00,76,125,34
2025-07-03,2025,3,7,11:00:00,119,194,30
2025-07-03,2025,3,7,12:00:00,107,114,23
2025-07-03,2025,3,7,13:00:00,95,136,20
2025-07-03,2025,3,7,14:00:00,75,28,32
2025-07-03,2025,3,7,15:00:00,62,158,23
2025-07-03,2025,3,7,16:00:00,174,184,18
2025-07-03,2025,3,7,17:00:00,95,165,25
2025-07-03,2025,3,7,18:00:00,78,62,10
2025-07-03,2025,3,7,19:00:00,20,0,0
2025-07-03,2025,3,7,20:00:00,11,0,0
2025-07-03,2025,3,7,21:00:00,4,0,0
2025-07-03,2025,3,7,22:00:00,5,0,0
2025-07-04,2025,4,7,07:00:00,1,0,0
2025-07-04,2025,4,7,08:00:00,1,0,0
2025-07-04,2025,4,7,09:00:00,17,3,19
2025-07-04,2025,4,7,10:00:00,72,74,22
2025-07-04,2025,4,7,11:00:00,82,73,24
2025-07-04,2025,4,7,12:00:00,46,52,16
2025-07-04,2025,4,7,13:00:00,71,101,14
2025-07-04,2025,4,7,14:00:00,84,77,27
2025-07-04,2025,4,7,15:00:00,132,155,37
2025-07-04,2025,4,7,16:00:00,44,66,26
2025-07-04,2025,4,7,17:00:00,114,104,29
2025-07-04,2025,4,7,18:00:00,74,104,21
2025-07-04,2025,4,7,19:00:00,20,0,0
2025-07-04,2025,4,7,20:00:00,1,0,0
2025-07-05,2025,5,7,08:00:00,13,0,0
2025-07-05,2025,5,7,09:00:00,44,20,18
2025-07-05,2025,5,7,10:00:00,143,90,19
2025-07-05,2025,5,7,11:00:00,154,262,16
2025-07-05,2025,5,7,12:00:00,108,131,19
2025-07-05,2025,5,7,13:00:00,78,97,16
2025-07-05,2025,5,7,14:00:00,167,198,30
2025-07-05,2025,5,7,15:00:00,129,237,18
2025-07-05,2025,5,7,16:00:00,265,319,25
2025-07-05,2025,5,7,17:00:00,150,259,32
2025-07-05,2025,5,7,18:00:00,59,245,10
2025-07-05,2025,5,7,19:00:00,13,5,0
2025-07-06,2025,6,7,07:00:00,1,0,0
2025-07-06,2025,6,7,10:00:00,6,0,0
2025-07-06,2025,6,7,11:00:00,27,0,0
2025-07-06,2025,6,7,14:00:00,5,0,0
2025-07-06,2025,6,7,15:00:00,1,0,0
2025-07-06,2025,6,7,16:00:00,12,0,0
2025-07-06,2025,6,7,17:00:00,12,0,0
2025-07-06,2025,6,7,18:00:00,13,0,0
2025-07-07,2025,7,7,07:00:00,4,0,0
2025-07-07,2025,7,7,08:00:00,6,0,0
2025-07-07,2025,7,7,09:00:00,3,0,0
2025-07-07,2025,7,7,10:00:00,8,0,0
2025-07-07,2025,7,7,11:00:00,8,0,0
2025-07-07,2025,7,7,12:00:00,9,0,0
2025-07-07,2025,7,7,13:00:00,6,0,0
2025-07-07,2025,7,7,14:00:00,9,0,0
2025-07-07,2025,7,7,15:00:00,11,0,0
2025-07-07,2025,7,7,16:00:00,28,0,0
2025-07-07,2025,7,7,17:00:00,10,0,0
2025-07-07,2025,7,7,18:00:00,11,0,0
2025-07-08,2025,8,7,06:00:00,2,0,0
2025-07-08,2025,8,7,07:00:00,9,0,0
2025-07-08,2025,8,7,08:00:00,14,0,0
2025-07-08,2025,8,7,09:00:00,54,29,24
2025-07-08,2025,8,7,10:00:00,79,13,26
2025-07-08,2025,8,7,11:00:00,87,44,30
2025-07-08,2025,8,7,12:00:00,142,56,16
2025-07-08,2025,8,7,13:00:00,138,156,23
2025-07-08,2025,8,7,14:00:00,168,237,30
2025-07-08,2025,8,7,15:00:00,302,382,40
2025-07-08,2025,8,7,16:00:00,160,182,26
2025-07-08,2025,8,7,17:00:00,213,379,22
2025-07-08,2025,8,7,18:00:00,28,4,0
2025-07-09,2025,9,7,08:00:00,8,0,0
2025-07-09,2025,9,7,09:00:00,73,7,21
2025-07-09,2025,9,7,10:00:00,42,37,15
2025-07-09,2025,9,7,11:00:00,126,36,12
2025-07-09,2025,9,7,12:00:00,156,50,23
2025-07-09,2025,9,7,13:00:00,42,103,18
2025-07-09,2025,9,7,14:00:00,162,231,28
2025-07-09,2025,9,7,15:00:00,116,149,27
2025-07-09,2025,9,7,16:00:00,130,185,22
2025-07-09,2025,9,7,17:00:00,135,215,29
2025-07-09,2025,9,7,18:00:00,10,10,0
2025-07-09,2025,9,7,19:00:00,3,0,0
2025-07-09,2025,9,7,23:00:00,1,0,0
2025-07-10,2025,10,7,06:00:00,1,0,0
2025-07-10,2025,10,7,08:00:00,8,0,0
2025-07-10,2025,10,7,09:00:00,25,8,22
2025-07-10,2025,10,7,10:00:00,99,52,12
2025-07-10,2025,10,7,11:00:00,32,46,12
2025-07-10,2025,10,7,12:00:00,75,34,11
2025-07-10,2025,10,7,13:00:00,106,133,14
2025-07-10,2025,10,7,14:00:00,90,81,19
2025-07-10,2025,10,7,15:00:00,103,157,14
2025-07-10,2025,10,7,16:00:00,109,205,27
2025-07-10,2025,10,7,17:00:00,84,95,15
2025-07-10,2025,10,7,18:00:00,31,0,0
2025-07-10,2025,10,7,19:00:00,14,0,0
2025-07-11,2025,11,7,07:00:00,4,0,0
2025-07-11,2025,11,7,08:00:00,10,0,0
2025-07-11,2025,11,7,09:00:00,28,6,8
2025-07-11,2025,11,7,10:00:00,125,42,7
2025-07-11,2025,11,7,11:00:00,46,27,12
2025-07-11,2025,11,7,12:00:00,56,29,8
2025-07-11,2025,11,7,13:00:00,116,172,19
2025-07-11,2025,11,7,14:00:00,66,91,22
2025-07-11,2025,11,7,15:00:00,174,170,19
2025-07-11,2025,11,7,16:00:00,104,75,25
2025-07-11,2025,11,7,17:00:00,136,243,19
2025-07-11,2025,11,7,18:00:00,28,5,0
2025-07-12,2025,12,7,08:00:00,1,0,0
2025-07-12,2025,12,7,09:00:00,63,31,19
2025-07-12,2025,12,7,10:00:00,82,29,19
2025-07-12,2025,12,7,11:00:00,67,60,15
2025-07-12,2025,12,7,12:00:00,55,14,12
2025-07-12,2025,12,7,13:00:00,51,157,7
2025-07-12,2025,12,7,14:00:00,296,155,30
2025-07-12,2025,12,7,15:00:00,244,319,23
2025-07-12,2025,12,7,16:00:00,161,327,18
2025-07-12,2025,12,7,17:00:00,225,392,22
2025-07-12,2025,12,7,18:00:00,16,0,0
2025-07-12,2025,12,7,20:00:00,2,0,0
2025-07-12,2025,12,7,21:00:00,6,0,0
2025-07-13,2025,13,7,09:00:00,2,0,0
2025-07-13,2025,13,7,10:00:00,1,0,0
2025-07-13,2025,13,7,11:00:00,11,0,0
2025-07-13,2025,13,7,12:00:00,1,0,0
2025-07-13,2025,13,7,15:00:00,7,0,0
2025-07-13,2025,13,7,17:00:00,12,0,0
2025-07-13,2025,13,7,18:00:00,2,0,0
2025-07-13,2025,13,7,19:00:00,11,0,0
2025-07-13,2025,13,7,22:00:00,1,0,0
2025-07-14,2025,14,7,09:00:00,10,0,0
2025-07-14,2025,14,7,11:00:00,7,0,0
2025-07-14,2025,14,7,12:00:00,1,0,0
2025-07-14,2025,14,7,13:00:00,1,0,0
2025-07-14,2025,14,7,14:00:00,21,0,0
2025-07-14,2025,14,7,17:00:00,3,0,0
2025-07-14,2025,14,7,18:00:00,1,0,0
2025-07-14,2025,14,7,19:00:00,4,0,0
2025-07-14,2025,14,7,21:00:00,1,0,0
2025-07-15,2025,15,7,07:00:00,6,0,0
2025-07-15,2025,15,7,08:00:00,20,0,0
2025-07-15,2025,15,7,09:00:00,22,19,17
2025-07-15,2025,15,7,10:00:00,19,8,22
2025-07-15,2025,15,7,11:00:00,139,37,21
2025-07-15,2025,15,7,12:00:00,94,42,13
2025-07-15,2025,15,7,13:00:00,135,166,27
2025-07-15,2025,15,7,14:00:00,166,192,18
2025-07-15,2025,15,7,15:00:00,126,209,25
2025-07-15,2025,15,7,16:00:00,206,196,31
2025-07-15,2025,15,7,17:00:00,202,180,24
2025-07-15,2025,15,7,18:00:00,7,4,0
2025-07-15,2025,15,7,19:00:00,4,0,0
2025-07-15,2025,15,7,21:00:00,4,0,0
2025-07-16,2025,16,7,08:00:00,1,0,0
2025-07-16,2025,16,7,09:00:00,32,17,21
2025-07-16,2025,16,7,10:00:00,31,17,12
2025-07-16,2025,16,7,11:00:00,83,50,17
2025-07-16,2025,16,7,12:00:00,103,27,12
2025-07-16,2025,16,7,13:00:00,119,123,24
2025-07-16,2025,16,7,14:00:00,149,205,23
2025-07-16,2025,16,7,15:00:00,71,157,21
2025-07-16,2025,16,7,16:00:00,123,193,20
2025-07-16,2025,16,7,17:00:00,133,309,24
2025-07-16,2025,16,7,18:00:00,43,18,0
2025-07-16,2025,16,7,19:00:00,9,0,0
2025-07-17,2025,17,7,06:00:00,1,0,0
2025-07-17,2025,17,7,08:00:00,1,0,0
2025-07-17,2025,17,7,09:00:00,62,5,14
2025-07-17,2025,17,7,10:00:00,88,20,28
2025-07-17,2025,17,7,11:00:00,29,27,15
2025-07-17,2025,17,7,12:00:00,45,29,14
2025-07-17,2025,17,7,13:00:00,98,109,18
2025-07-17,2025,17,7,14:00:00,121,59,27
2025-07-17,2025,17,7,15:00:00,129,123,31
2025-07-17,2025,17,7,16:00:00,151,181,25
2025-07-17,2025,17,7,17:00:00,101,249,16
2025-07-17,2025,17,7,18:00:00,17,0,0
2025-07-17,2025,17,7,19:00:00,2,0,0
2025-07-18,2025,18,7,08:00:00,7,0,0
2025-07-18,2025,18,7,09:00:00,7,12,14
2025-07-18,2025,18,7,10:00:00,13,2,12
2025-07-18,2025,18,7,11:00:00,45,32,17
2025-07-18,2025,18,7,12:00:00,69,16,5
2025-07-18,2025,18,7,13:00:00,73,72,24
2025-07-18,2025,18,7,14:00:00,113,89,16
2025-07-18,2025,18,7,15:00:00,157,122,31
2025-07-18,2025,18,7,16:00:00,75,86,25
2025-07-18,2025,18,7,17:00:00,142,217,22
2025-07-18,2025,18,7,18:00:00,25,0,0
2025-07-19,2025,19,7,08:00:00,6,0,0
2025-07-19,2025,19,7,09:00:00,21,2,24
2025-07-19,2025,19,7,10:00:00,54,4,19
2025-07-19,2025,19,7,11:00:00,69,35,15
2025-07-19,2025,19,7,12:00:00,39,12,14
2025-07-19,2025,19,7,13:00:00,89,135,12
2025-07-19,2025,19,7,14:00:00,147,199,17
2025-07-19,2025,19,7,15:00:00,238,250,28
2025-07-19,2025,19,7,16:00:00,456,437,33
2025-07-19,2025,19,7,17:00:00,247,419,23
2025-07-19,2025,19,7,18:00:00,35,0,0
2025-07-19,2025,19,7,19:00:00,2,0,0
2025-07-20,2025,20,7,00:00:00,1,0,0
2025-07-20,2025,20,7,07:00:00,1,0,0
2025-07-20,2025,20,7,09:00:00,10,0,0
2025-07-20,2025,20,7,11:00:00,4,0,0
2025-07-20,2025,20,7,13:00:00,8,0,0
2025-07-20,2025,20,7,14:00:00,18,0,0
2025-07-20,2025,20,7,16:00:00,4,0,0
2025-07-20,2025,20,7,17:00:00,22,0,0
2025-07-20,2025,20,7,18:00:00,28,0,0
2025-07-20,2025,20,7,20:00:00,1,0,0
2025-07-21,2025,21,7,07:00:00,8,0,0
2025-07-21,2025,21,7,09:00:00,9,0,0
2025-07-21,2025,21,7,10:00:00,10,0,0
2025-07-21,2025,21,7,12:00:00,12,0,0
2025-07-21,2025,21,7,14:00:00,16,0,0
2025-07-21,2025,21,7,15:00:00,3,0,0
2025-07-21,2025,21,7,16:00:00,5,0,0
2025-07-21,2025,21,7,17:00:00,5,0,0
2025-07-21,2025,21,7,18:00:00,2,0,0
2025-07-22,2025,22,7,08:00:00,3,0,0
2025-07-22,2025,22,7,09:00:00,29,2,19
2025-07-22,2025,22,7,10:00:00,80,35,15
2025-07-22,2025,22,7,11:00:00,113,28,22
2025-07-22,2025,22,7,12:00:00,107,21,15
2025-07-22,2025,22,7,13:00:00,105,145,24
2025-07-22,2025,22,7,14:00:00,99,192,31
2025-07-22,2025,22,7,15:00:00,153,200,42
2025-07-22,2025,22,7,16:00:00,133,156,44
2025-07-22,2025,22,7,17:00:00,209,334,29
2025-07-22,2025,22,7,18:00:00,7,0,0
2025-07-22,2025,22,7,21:00:00,4,0,0
2025-07-23,2025,23,7,08:00:00,15,0,0
2025-07-23,2025,23,7,09:00:00,10,13,14
2025-07-23,2025,23,7,10:00:00,101,5,18
2025-07-23,2025,23,7,11:00:00,64,20,18
2025-07-23,2025,23,7,12:00:00,51,39,16
2025-07-23,2025,23,7,13:00:00,140,105,18
2025-07-23,2025,23,7,14:00:00,94,123,29
2025-07-23,2025,23,7,15:00:00,238,244,37
2025-07-23,2025,23,7,16:00:00,116,183,34
2025-07-23,2025,23,7,17:00:00,129,254,24
2025-07-23,2025,23,7,18:00:00,2,0,0
2025-07-24,2025,24,7,06:00:00,1,0,0
2025-07-24,2025,24,7,08:00:00,7,0,0
2025-07-24,2025,24,7,09:00:00,7,12,18
2025-07-24,2025,24,7,10:00:00,58,14,15
2025-07-24,2025,24,7,11:00:00,78,30,21
2025-07-24,2025,24,7,12:00:00,60,8,18
2025-07-24,2025,24,7,13:00:00,205,155,21
2025-07-24,2025,24,7,14:00:00,86,59,17
2025-07-24,2025,24,7,15:00:00,150,219,25
2025-07-24,2025,24,7,16:00:00,135,196,30
2025-07-24,2025,24,7,17:00:00,51,136,25
2025-07-24,2025,24,7,18:00:00,18,4,0
2025-07-25,2025,25,7,06:00:00,3,0,0
2025-07-25,2025,25,7,08:00:00,7,0,0
2025-07-25,2025,25,7,09:00:00,23,13,19
2025-07-25,2025,25,7,10:00:00,33,11,19
2025-07-25,2025,25,7,11:00:00,39,12,17
2025-07-25,2025,25,7,12:00:00,63,22,9
2025-07-25,2025,25,7,13:00:00,98,124,15
2025-07-25,2025,25,7,14:00:00,111,152,21
2025-07-25,2025,25,7,15:00:00,184,204,31
2025-07-25,2025,25,7,16:00:00,147,186,39
2025-07-25,2025,25,7,17:00:00,130,228,26
2025-07-25,2025,25,7,18:00:00,14,0,0
2025-07-26,2025,26,7,08:00:00,1,0,0
2025-07-26,2025,26,7,09:00:00,23,33,9
2025-07-26,2025,26,7,10:00:00,29,21,5
2025-07-26,2025,26,7,11:00:00,155,82,14
2025-07-26,2025,26,7,12:00:00,88,44,23
2025-07-26,2025,26,7,13:00:00,129,100,16
2025-07-26,2025,26,7,14:00:00,153,163,18
2025-07-26,2025,26,7,15:00:00,163,214,28
2025-07-26,2025,26,7,16:00:00,145,297,35
2025-07-26,2025,26,7,17:00:00,176,577,16
2025-07-26,2025,26,7,18:00:00,11,0,0
2025-07-26,2025,26,7,19:00:00,4,0,0
2025-07-26,2025,26,7,20:00:00,4,0,0
2025-07-27,2025,27,7,06:00:00,2,0,0
2025-07-27,2025,27,7,10:00:00,2,0,0
2025-07-27,2025,27,7,13:00:00,6,0,0
2025-07-27,2025,27,7,14:00:00,2,0,0
2025-07-27,2025,27,7,15:00:00,2,0,0
2025-07-27,2025,27,7,16:00:00,12,0,0
2025-07-27,2025,27,7,17:00:00,4,0,0
2025-07-27,2025,27,7,18:00:00,1,0,0
2025-07-27,2025,27,7,22:00:00,7,0,0
2025-07-28,2025,28,7,06:00:00,15,0,0
2025-07-28,2025,28,7,07:00:00,1,0,0
2025-07-28,2025,28,7,10:00:00,2,0,0
2025-07-28,2025,28,7,11:00:00,1,0,0
2025-07-28,2025,28,7,12:00:00,8,0,0
2025-07-28,2025,28,7,13:00:00,9,0,0
2025-07-28,2025,28,7,14:00:00,5,0,0
2025-07-28,2025,28,7,15:00:00,7,0,0
2025-07-28,2025,28,7,16:00:00,6,0,0
2025-07-28,2025,28,7,17:00:00,13,0,0
2025-07-28,2025,28,7,18:00:00,12,0,0
2025-07-28,2025,28,7,19:00:00,7,0,0
2025-07-28,2025,28,7,20:00:00,1,0,0
2025-07-28,2025,28,7,23:00:00,1,0,0
2025-07-29,2025,29,7,07:00:00,2,0,0
2025-07-29,2025,29,7,08:00:00,17,0,0
2025-07-29,2025,29,7,09:00:00,29,0,27
2025-07-29,2025,29,7,10:00:00,34,0,18
2025-07-29,2025,29,7,11:00:00,218,0,17
2025-07-29,2025,29,7,12:00:00,40,0,21
2025-07-29,2025,29,7,13:00:00,120,0,31
2025-07-29,2025,29,7,14:00:00,177,0,32
2025-07-29,2025,29,7,15:00:00,125,0,30
2025-07-29,2025,29,7,16:00:00,243,0,32
2025-07-29,2025,29,7,17:00:00,179,0,17
2025-07-29,2025,29,7,18:00:00,24,0,0
2025-07-29,2025,29,7,19:00:00,1,0,0
2025-07-30,2025,30,7,08:00:00,26,0,0
2025-07-30,2025,30,7,09:00:00,46,8,16
2025-07-30,2025,30,7,10:00:00,44,157,20
2025-07-30,2025,30,7,11:00:00,94,27,22
2025-07-30,2025,30,7,12:00:00,61,42,26
2025-07-30,2025,30,7,13:00:00,107,123,35
2025-07-30,2025,30,7,14:00:00,104,132,20
2025-07-30,2025,30,7,15:00:00,133,156,15
2025-07-30,2025,30,7,16:00:00,70,246,26
2025-07-30,2025,30,7,17:00:00,90,222,25
2025-07-30,2025,30,7,18:00:00,22,5,0
2025-07-30,2025,30,7,19:00:00,7,0,0
2025-07-31,2025,31,7,07:00:00,2,0,0
2025-07-31,2025,31,7,08:00:00,8,0,0
2025-07-31,2025,31,7,09:00:00,32,3,24
2025-07-31,2025,31,7,10:00:00,183,29,26
2025-07-31,2025,31,7,11:00:00,39,23,24
2025-07-31,2025,31,7,12:00:00,74,15,23
2025-07-31,2025,31,7,13:00:00,110,149,28
2025-07-31,2025,31,7,14:00:00,83,189,25
2025-07-31,2025,31,7,15:00:00,63,115,16
2025-07-31,2025,31,7,16:00:00,120,254,29
2025-07-31,2025,31,7,17:00:00,50,201,14
2025-07-31,2025,31,7,18:00:00,16,1,0
2025-08-01,2025,1,8,08:00:00,2,0,0
2025-08-01,2025,1,8,09:00:00,65,22,14
2025-08-01,2025,1,8,10:00:00,38,28,22
2025-08-01,2025,1,8,11:00:00,14,7,17
2025-08-01,2025,1,8,12:00:00,89,30,20
2025-08-01,2025,1,8,13:00:00,72,61,20
2025-08-01,2025,1,8,14:00:00,75,57,15
2025-08-01,2025,1,8,15:00:00,141,184,29
2025-08-01,2025,1,8,16:00:00,180,172,27
2025-08-01,2025,1,8,17:00:00,114,216,34
2025-08-01,2025,1,8,18:00:00,26,1,0
2025-08-01,2025,1,8,19:00:00,7,0,0
2025-08-02,2025,2,8,08:00:00,4,0,0
2025-08-02,2025,2,8,09:00:00,12,4,5
2025-08-02,2025,2,8,10:00:00,58,34,17
2025-08-02,2025,2,8,11:00:00,129,40,10
2025-08-02,2025,2,8,12:00:00,73,19,10
2025-08-02,2025,2,8,13:00:00,89,220,14
2025-08-02,2025,2,8,14:00:00,173,136,21
2025-08-02,2025,2,8,15:00:00,343,285,32
2025-08-02,2025,2,8,16:00:00,273,469,28
2025-08-02,2025,2,8,17:00:00,109,329,18
2025-08-02,2025,2,8,18:00:00,13,63,0
2025-08-02,2025,2,8,19:00:00,1,0,0
2025-08-03,2025,3,8,09:00:00,11,0,0
2025-08-03,2025,3,8,10:00:00,1,0,0
2025-08-03,2025,3,8,11:00:00,1,0,0
2025-08-03,2025,3,8,12:00:00,5,0,0
2025-08-03,2025,3,8,13:00:00,4,0,0
2025-08-03,2025,3,8,16:00:00,4,0,0
2025-08-03,2025,3,8,17:00:00,4,0,0
2025-08-04,2025,4,8,07:00:00,3,0,0
2025-08-04,2025,4,8,10:00:00,1,0,0
2025-08-04,2025,4,8,12:00:00,1,0,0
2025-08-04,2025,4,8,13:00:00,2,0,0
2025-08-04,2025,4,8,14:00:00,6,0,0
2025-08-04,2025,4,8,15:00:00,19,0,0
2025-08-04,2025,4,8,16:00:00,3,0,0
2025-08-04,2025,4,8,17:00:00,6,0,0
2025-08-04,2025,4,8,18:00:00,5,0,0
2025-08-04,2025,4,8,19:00:00,2,0,0
2025-08-05,2025,5,8,05:00:00,1,0,0
2025-08-05,2025,5,8,08:00:00,6,0,0
2025-08-05,2025,5,8,09:00:00,37,28,22
2025-08-05,2025,5,8,10:00:00,58,40,16
2025-08-05,2025,5,8,11:00:00,111,64,16
2025-08-05,2025,5,8,12:00:00,71,44,24
2025-08-05,2025,5,8,13:00:00,223,199,16
2025-08-05,2025,5,8,14:00:00,144,196,38
2025-08-05,2025,5,8,15:00:00,211,248,40
2025-08-05,2025,5,8,16:00:00,179,246,26
2025-08-05,2025,5,8,17:00:00,110,249,34
2025-08-05,2025,5,8,18:00:00,34,2,0
2025-08-05,2025,5,8,19:00:00,15,0,0
2025-08-06,2025,6,8,06:00:00,2,0,0
2025-08-06,2025,6,8,08:00:00,3,0,0
2025-08-06,2025,6,8,09:00:00,56,2,15
2025-08-06,2025,6,8,10:00:00,45,24,19
2025-08-06,2025,6,8,11:00:00,36,29,25
2025-08-06,2025,6,8,12:00:00,75,13,19
2025-08-06,2025,6,8,13:00:00,66,121,32
2025-08-06,2025,6,8,14:00:00,97,75,22
2025-08-06,2025,6,8,15:00:00,120,180,27
2025-08-06,2025,6,8,16:00:00,156,141,23
2025-08-06,2025,6,8,17:00:00,103,282,24
2025-08-06,2025,6,8,18:00:00,32,24,0
2025-08-06,2025,6,8,20:00:00,1,0,0
2025-08-07,2025,7,8,08:00:00,1,0,0
2025-08-07,2025,7,8,09:00:00,15,4,12
2025-08-07,2025,7,8,10:00:00,29,16,13
2025-08-07,2025,7,8,11:00:00,42,29,17
2025-08-07,2025,7,8,12:00:00,27,0,9
2025-08-07,2025,7,8,13:00:00,66,81,26
2025-08-07,2025,7,8,14:00:00,80,80,25
2025-08-07,2025,7,8,15:00:00,101,160,18
2025-08-07,2025,7,8,16:00:00,78,102,18
2025-08-07,2025,7,8,17:00:00,77,119,29
2025-08-07,2025,7,8,18:00:00,5,0,0
2025-08-08,2025,8,8,08:00:00,1,0,0
2025-08-08,2025,8,8,09:00:00,14,7,17
2025-08-08,2025,8,8,10:00:00,21,16,9
2025-08-08,2025,8,8,11:00:00,33,14,4
2025-08-08,2025,8,8,12:00:00,84,21,18
2025-08-08,2025,8,8,13:00:00,110,175,15
2025-08-08,2025,8,8,14:00:00,124,128,17
2025-08-08,2025,8,8,15:00:00,89,109,27
2025-08-08,2025,8,8,16:00:00,119,163,22
2025-08-08,2025,8,8,17:00:00,78,141,27
2025-08-08,2025,8,8,18:00:00,25,4,0
2025-08-08,2025,8,8,19:00:00,4,0,0
2025-08-09,2025,9,8,07:00:00,6,0,0
2025-08-09,2025,9,8,08:00:00,2,0,0
2025-08-09,2025,9,8,09:00:00,39,15,15
2025-08-09,2025,9,8,10:00:00,83,72,10
2025-08-09,2025,9,8,11:00:00,67,31,15
2025-08-09,2025,9,8,12:00:00,51,4,6
2025-08-09,2025,9,8,13:00:00,50,35,10
2025-08-09,2025,9,8,14:00:00,121,89,20
2025-08-09,2025,9,8,15:00:00,177,196,21
2025-08-09,2025,9,8,16:00:00,109,198,23
2025-08-09,2025,9,8,17:00:00,219,335,23
2025-08-09,2025,9,8,18:00:00,18,0,0
2025-08-09,2025,9,8,19:00:00,16,0,0
2025-08-09,2025,9,8,20:00:00,1,0,0
2025-08-09,2025,9,8,22:00:00,4,0,0
2025-08-10,2025,10,8,12:00:00,20,0,0
2025-08-10,2025,10,8,15:00:00,1,0,0
2025-08-10,2025,10,8,16:00:00,8,0,0
2025-08-10,2025,10,8,17:00:00,1,0,0
2025-08-10,2025,10,8,19:00:00,3,0,0
2025-08-11,2025,11,8,09:00:00,16,0,0
2025-08-11,2025,11,8,10:00:00,13,0,0
2025-08-11,2025,11,8,11:00:00,1,0,0
2025-08-11,2025,11,8,12:00:00,3,0,0
2025-08-11,2025,11,8,14:00:00,14,0,0
2025-08-11,2025,11,8,15:00:00,44,0,0
2025-08-11,2025,11,8,16:00:00,30,0,0
2025-08-11,2025,11,8,17:00:00,17,0,0
2025-08-11,2025,11,8,18:00:00,2,0,0
2025-08-12,2025,12,8,07:00:00,15,0,0
2025-08-12,2025,12,8,08:00:00,24,0,0
2025-08-12,2025,12,8,09:00:00,78,56,23
2025-08-12,2025,12,8,10:00:00,58,55,18
2025-08-12,2025,12,8,11:00:00,75,32,24
2025-08-12,2025,12,8,12:00:00,67,25,17
2025-08-12,2025,12,8,13:00:00,177,236,11
2025-08-12,2025,12,8,14:00:00,167,115,26
2025-08-12,2025,12,8,15:00:00,148,119,32
2025-08-12,2025,12,8,16:00:00,62,152,23
2025-08-12,2025,12,8,17:00:00,140,226,28
2025-08-12,2025,12,8,18:00:00,5,0,0
2025-08-12,2025,12,8,19:00:00,7,0,0
2025-08-12,2025,12,8,20:00:00,2,0,0
2025-08-13,2025,13,8,08:00:00,7,0,0
2025-08-13,2025,13,8,09:00:00,46,5,12
2025-08-13,2025,13,8,10:00:00,79,10,17
2025-08-13,2025,13,8,11:00:00,74,56,17
2025-08-13,2025,13,8,12:00:00,28,15,6
2025-08-13,2025,13,8,13:00:00,78,77,16
2025-08-13,2025,13,8,14:00:00,67,73,37
2025-08-13,2025,13,8,15:00:00,124,134,24
2025-08-13,2025,13,8,16:00:00,198,226,21
2025-08-13,2025,13,8,17:00:00,180,235,21
2025-08-13,2025,13,8,18:00:00,35,5,0
2025-08-13,2025,13,8,19:00:00,3,0,0
2025-08-14,2025,14,8,08:00:00,9,0,0
2025-08-14,2025,14,8,09:00:00,27,11,14
2025-08-14,2025,14,8,10:00:00,72,32,19
2025-08-14,2025,14,8,11:00:00,24,15,20
2025-08-14,2025,14,8,12:00:00,83,49,15
2025-08-14,2025,14,8,13:00:00,118,156,14
2025-08-14,2025,14,8,14:00:00,98,124,29
2025-08-14,2025,14,8,15:00:00,139,176,19
2025-08-14,2025,14,8,16:00:00,74,79,19
2025-08-14,2025,14,8,17:00:00,106,287,24
2025-08-15,2025,15,8,08:00:00,1,0,0
2025-08-15,2025,15,8,09:00:00,10,0,0
2025-08-15,2025,15,8,11:00:00,8,0,0
2025-08-15,2025,15,8,12:00:00,2,0,0
2025-08-15,2025,15,8,15:00:00,1,0,0
2025-08-15,2025,15,8,16:00:00,1,0,0
2025-08-15,2025,15,8,17:00:00,3,0,0
2025-08-16,2025,16,8,08:00:00,33,0,0
2025-08-16,2025,16,8,09:00:00,31,8,3
2025-08-16,2025,16,8,10:00:00,37,30,11
2025-08-16,2025,16,8,11:00:00,94,27,12
2025-08-16,2025,16,8,12:00:00,70,9,13
2025-08-16,2025,16,8,13:00:00,167,154,18
2025-08-16,2025,16,8,14:00:00,236,313,33
2025-08-16,2025,16,8,15:00:00,427,380,21
2025-08-16,2025,16,8,16:00:00,217,310,26
2025-08-16,2025,16,8,17:00:00,109,257,22
2025-08-16,2025,16,8,18:00:00,8,13,0
2025-08-17,2025,17,8,08:00:00,1,0,0
2025-08-17,2025,17,8,09:00:00,1,0,0
2025-08-17,2025,17,8,10:00:00,5,0,0
2025-08-17,2025,17,8,11:00:00,7,0,0
2025-08-17,2025,17,8,12:00:00,20,0,0
2025-08-17,2025,17,8,14:00:00,7,0,0
2025-08-17,2025,17,8,16:00:00,27,0,0
2025-08-17,2025,17,8,17:00:00,15,0,0
2025-08-17,2025,17,8,18:00:00,4,0,0
2025-08-17,2025,17,8,19:00:00,2,0,0
2025-08-18,2025,18,8,08:00:00,5,0,0
2025-08-18,2025,18,8,09:00:00,25,0,0
2025-08-18,2025,18,8,10:00:00,10,0,0
2025-08-18,2025,18,8,11:00:00,17,0,0
2025-08-18,2025,18,8,12:00:00,4,0,0
2025-08-18,2025,18,8,14:00:00,26,0,0
2025-08-18,2025,18,8,15:00:00,4,0,0
2025-08-18,2025,18,8,16:00:00,23,0,0
2025-08-18,2025,18,8,17:00:00,20,0,0
2025-08-18,2025,18,8,18:00:00,8,0,0
2025-08-18,2025,18,8,20:00:00,3,0,0
2025-08-19,2025,19,8,07:00:00,5,0,0
2025-08-19,2025,19,8,08:00:00,44,0,0
2025-08-19,2025,19,8,09:00:00,55,26,14
2025-08-19,2025,19,8,10:00:00,73,33,18
2025-08-19,2025,19,8,11:00:00,95,34,15
2025-08-19,2025,19,8,12:00:00,84,29,18
2025-08-19,2025,19,8,13:00:00,139,163,16
2025-08-19,2025,19,8,14:00:00,229,185,29
2025-08-19,2025,19,8,15:00:00,143,188,24
2025-08-19,2025,19,8,16:00:00,241,290,25
2025-08-19,2025,19,8,17:00:00,158,303,29
2025-08-19,2025,19,8,18:00:00,8,2,0
2025-08-20,2025,20,8,08:00:00,4,0,0
2025-08-20,2025,20,8,09:00:00,41,11,14
2025-08-20,2025,20,8,10:00:00,42,42,12
2025-08-20,2025,20,8,11:00:00,27,76,17
2025-08-20,2025,20,8,12:00:00,37,20,29
2025-08-20,2025,20,8,13:00:00,229,283,20
2025-08-20,2025,20,8,14:00:00,223,369,21
2025-08-20,2025,20,8,15:00:00,138,203,37
2025-08-20,2025,20,8,16:00:00,237,229,30
2025-08-20,2025,20,8,17:00:00,125,216,19
2025-08-20,2025,20,8,18:00:00,1,0,0
2025-08-20,2025,20,8,19:00:00,5,0,0
2025-08-21,2025,21,8,08:00:00,2,0,0
2025-08-21,2025,21,8,09:00:00,28,17,20
2025-08-21,2025,21,8,10:00:00,79,43,15
2025-08-21,2025,21,8,11:00:00,44,19,13
2025-08-21,2025,21,8,12:00:00,66,15,9
2025-08-21,2025,21,8,13:00:00,85,109,14
2025-08-21,2025,21,8,14:00:00,136,147,24
2025-08-21,2025,21,8,15:00:00,177,389,34
2025-08-21,2025,21,8,16:00:00,102,162,19
2025-08-21,2025,21,8,17:00:00,102,178,19
2025-08-21,2025,21,8,18:00:00,46,4,0
2025-08-22,2025,22,8,09:00:00,8,4,0
2025-08-22,2025,22,8,10:00:00,41,23,10
2025-08-22,2025,22,8,11:00:00,28,46,16
2025-08-22,2025,22,8,12:00:00,67,21,17
2025-08-22,2025,22,8,13:00:00,188,159,17
2025-08-22,2025,22,8,14:00:00,131,145,25
2025-08-22,2025,22,8,15:00:00,127,182,27
2025-08-22,2025,22,8,16:00:00,196,202,31
2025-08-22,2025,22,8,17:00:00,158,160,35
2025-08-22,2025,22,8,18:00:00,10,0,0
2025-08-22,2025,22,8,19:00:00,3,0,0
2025-08-23,2025,23,8,09:00:00,21,50,4
2025-08-23,2025,23,8,10:00:00,45,127,11
2025-08-23,2025,23,8,11:00:00,105,47,14
2025-08-23,2025,23,8,12:00:00,69,37,8
2025-08-23,2025,23,8,13:00:00,43,57,16
2025-08-23,2025,23,8,14:00:00,204,289,13
2025-08-23,2025,23,8,15:00:00,323,481,24
2025-08-23,2025,23,8,16:00:00,256,391,23
2025-08-23,2025,23,8,17:00:00,217,303,22
2025-08-23,2025,23,8,18:00:00,17,3,0
2025-08-24,2025,24,8,09:00:00,3,0,0
2025-08-24,2025,24,8,10:00:00,7,0,0
2025-08-24,2025,24,8,11:00:00,23,0,0
2025-08-24,2025,24,8,14:00:00,20,0,0
2025-08-24,2025,24,8,17:00:00,22,0,0
2025-08-24,2025,24,8,19:00:00,5,0,0
2025-08-24,2025,24,8,21:00:00,18,0,0
2025-08-25,2025,25,8,07:00:00,27,0,0
2025-08-25,2025,25,8,08:00:00,5,0,0
2025-08-25,2025,25,8,09:00:00,6,0,0
2025-08-25,2025,25,8,11:00:00,1,0,0
2025-08-25,2025,25,8,12:00:00,6,0,0
2025-08-25,2025,25,8,13:00:00,10,0,0
2025-08-25,2025,25,8,14:00:00,8,0,0
2025-08-25,2025,25,8,15:00:00,2,0,0
2025-08-25,2025,25,8,16:00:00,20,0,0
2025-08-25,2025,25,8,17:00:00,5,0,0
2025-08-25,2025,25,8,19:00:00,3,0,0
2025-08-26,2025,26,8,08:00:00,13,0,0
2025-08-26,2025,26,8,09:00:00,71,240,0
2025-08-26,2025,26,8,10:00:00,52,191,0
2025-08-26,2025,26,8,11:00:00,96,186,0
2025-08-26,2025,26,8,12:00:00,66,163,0
2025-08-26,2025,26,8,13:00:00,234,262,12
2025-08-26,2025,26,8,14:00:00,133,253,39
2025-08-26,2025,26,8,15:00:00,128,370,27
2025-08-26,2025,26,8,16:00:00,154,560,42
2025-08-26,2025,26,8,17:00:00,342,342,23
2025-08-26,2025,26,8,18:00:00,31,0,0
2025-08-27,2025,27,8,07:00:00,6,0,0
2025-08-27,2025,27,8,08:00:00,14,0,0
2025-08-27,2025,27,8,09:00:00,8,3,15
2025-08-27,2025,27,8,10:00:00,61,157,23
2025-08-27,2025,27,8,11:00:00,135,194,29
2025-08-27,2025,27,8,12:00:00,204,77,14
2025-08-27,2025,27,8,13:00:00,160,187,32
2025-08-27,2025,27,8,14:00:00,156,184,34
2025-08-27,2025,27,8,15:00:00,230,383,33
2025-08-27,2025,27,8,16:00:00,174,257,28
2025-08-27,2025,27,8,17:00:00,105,284,27
2025-08-27,2025,27,8,18:00:00,10,3,0
2025-08-28,2025,28,8,08:00:00,5,0,0
2025-08-28,2025,28,8,09:00:00,81,14,20
2025-08-28,2025,28,8,10:00:00,98,28,16
2025-08-28,2025,28,8,11:00:00,35,46,14
2025-08-28,2025,28,8,12:00:00,54,32,27
2025-08-28,2025,28,8,13:00:00,91,93,25
2025-08-28,2025,28,8,14:00:00,92,292,24
2025-08-28,2025,28,8,15:00:00,96,358,26
2025-08-28,2025,28,8,16:00:00,108,380,31
2025-08-28,2025,28,8,17:00:00,62,306,24
2025-08-28,2025,28,8,18:00:00,3,0,0
2025-08-28,2025,28,8,20:00:00,1,0,0
2025-08-29,2025,29,8,07:00:00,3,0,0
2025-08-29,2025,29,8,09:00:00,21,141,17
2025-08-29,2025,29,8,10:00:00,39,181,21
2025-08-29,2025,29,8,11:00:00,92,309,17
2025-08-29,2025,29,8,12:00:00,78,56,23
2025-08-29,2025,29,8,13:00:00,53,179,18
2025-08-29,2025,29,8,14:00:00,143,467,22
2025-08-29,2025,29,8,15:00:00,199,460,29
2025-08-29,2025,29,8,16:00:00,149,143,31
2025-08-29,2025,29,8,17:00:00,174,205,29
2025-08-29,2025,29,8,18:00:00,20,5,0
2025-08-30,2025,30,8,08:00:00,1,0,0
2025-08-30,2025,30,8,09:00:00,16,169,14
2025-08-30,2025,30,8,10:00:00,69,378,12
2025-08-30,2025,30,8,11:00:00,156,164,20
2025-08-30,2025,30,8,12:00:00,151,21,21
2025-08-30,2025,30,8,13:00:00,144,120,17
2025-08-30,2025,30,8,14:00:00,224,431,33
2025-08-30,2025,30,8,15:00:00,283,596,30
2025-08-30,2025,30,8,16:00:00,311,466,49
2025-08-30,2025,30,8,17:00:00,251,357,23
2025-08-30,2025,30,8,18:00:00,45,8,0
2025-08-31,2025,31,8,08:00:00,1,0,0
2025-08-31,2025,31,8,10:00:00,7,0,0
2025-08-31,2025,31,8,11:00:00,8,0,0
2025-08-31,2025,31,8,12:00:00,10,0,0
2025-08-31,2025,31,8,13:00:00,22,0,0
2025-08-31,2025,31,8,14:00:00,9,0,0
2025-08-31,2025,31,8,15:00:00,13,0,0
2025-08-31,2025,31,8,18:00:00,5,0,0
2025-08-31,2025,31,8,19:00:00,21,0,0
2025-09-01,2025,1,9,07:00:00,6,0,0
2025-09-01,2025,1,9,08:00:00,5,0,0
2025-09-01,2025,1,9,09:00:00,3,0,0
2025-09-01,2025,1,9,10:00:00,19,0,0
2025-09-01,2025,1,9,11:00:00,4,0,0
2025-09-01,2025,1,9,12:00:00,7,0,0
2025-09-01,2025,1,9,13:00:00,4,0,0
2025-09-01,2025,1,9,14:00:00,13,0,0
2025-09-01,2025,1,9,15:00:00,6,0,0
2025-09-01,2025,1,9,16:00:00,5,0,0
2025-09-01,2025,1,9,17:00:00,15,0,0
2025-09-01,2025,1,9,18:00:00,16,0,0
2025-09-02,2025,2,9,06:00:00,11,0,0
2025-09-02,2025,2,9,07:00:00,3,0,0
2025-09-02,2025,2,9,08:00:00,10,0,0
2025-09-02,2025,2,9,09:00:00,75,21,25
2025-09-02,2025,2,9,10:00:00,102,104,30
2025-09-02,2025,2,9,11:00:00,86,167,31
2025-09-02,2025,2,9,12:00:00,48,54,31
2025-09-02,2025,2,9,13:00:00,103,124,30
2025-09-02,2025,2,9,14:00:00,119,123,29
2025-09-02,2025,2,9,15:00:00,122,156,29
2025-09-02,2025,2,9,16:00:00,99,377,39
2025-09-02,2025,2,9,17:00:00,178,306,25
2025-09-02,2025,2,9,18:00:00,73,84,15
2025-09-02,2025,2,9,19:00:00,3,0,0
2025-09-03,2025,3,9,06:00:00,1,0,0
2025-09-03,2025,3,9,07:00:00,5,0,0
2025-09-03,2025,3,9,08:00:00,8,0,0
2025-09-03,2025,3,9,09:00:00,40,30,21
2025-09-03,2025,3,9,10:00:00,150,260,23
2025-09-03,2025,3,9,11:00:00,174,297,16
2025-09-03,2025,3,9,12:00:00,143,150,27
2025-09-03,2025,3,9,13:00:00,75,224,26
2025-09-03,2025,3,9,14:00:00,273,393,37
2025-09-03,2025,3,9,15:00:00,275,733,35
2025-09-03,2025,3,9,16:00:00,120,395,25
2025-09-03,2025,3,9,17:00:00,177,172,36
2025-09-03,2025,3,9,18:00:00,49,80,15
2025-09-03,2025,3,9,19:00:00,20,0,0
2025-09-04,2025,4,9,07:00:00,1,0,0
2025-09-04,2025,4,9,08:00:00,4,0,0
2025-09-04,2025,4,9,09:00:00,35,33,24
2025-09-04,2025,4,9,10:00:00,49,190,18
2025-09-04,2025,4,9,11:00:00,33,106,14
2025-09-04,2025,4,9,12:00:00,15,51,27
2025-09-04,2025,4,9,13:00:00,68,50,20
2025-09-04,2025,4,9,14:00:00,78,65,22
2025-09-04,2025,4,9,15:00:00,23,40,25
2025-09-04,2025,4,9,16:00:00,69,34,33
2025-09-04,2025,4,9,17:00:00,124,66,33
2025-09-04,2025,4,9,18:00:00,50,86,22
2025-09-05,2025,5,9,07:00:00,24,0,0
2025-09-05,2025,5,9,08:00:00,15,0,0
2025-09-05,2025,5,9,09:00:00,37,9,24
2025-09-05,2025,5,9,10:00:00,50,33,19
2025-09-05,2025,5,9,11:00:00,69,121,7
2025-09-05,2025,5,9,12:00:00,127,64,21
2025-09-05,2025,5,9,13:00:00,66,54,14
2025-09-05,2025,5,9,14:00:00,39,59,22
2025-09-05,2025,5,9,15:00:00,10,57,23
2025-09-05,2025,5,9,16:00:00,69,96,29
2025-09-05,2025,5,9,17:00:00,70,70,26
2025-09-05,2025,5,9,18:00:00,91,90,19
2025-09-05,2025,5,9,19:00:00,4,14,0
2025-09-06,2025,6,9,08:00:00,5,0,0
2025-09-06,2025,6,9,09:00:00,47,130,6
2025-09-06,2025,6,9,10:00:00,102,263,22
2025-09-06,2025,6,9,11:00:00,142,215,21
2025-09-06,2025,6,9,12:00:00,112,160,15
2025-09-06,2025,6,9,13:00:00,113,119,20
2025-09-06,2025,6,9,14:00:00,193,151,26
2025-09-06,2025,6,9,15:00:00,244,171,22
2025-09-06,2025,6,9,16:00:00,351,297,31
2025-09-06,2025,6,9,17:00:00,231,317,28
2025-09-06,2025,6,9,18:00:00,46,179,12
2025-09-06,2025,6,9,19:00:00,9,0,0
2025-09-07,2025,7,9,09:00:00,1,0,0
2025-09-07,2025,7,9,13:00:00,3,0,0
2025-09-07,2025,7,9,14:00:00,135,111,0
2025-09-07,2025,7,9,15:00:00,159,138,0
2025-09-07,2025,7,9,16:00:00,202,247,0
2025-09-07,2025,7,9,17:00:00,120,171,0
2025-09-07,2025,7,9,18:00:00,55,0,0
2025-09-08,2025,8,9,08:00:00,21,0,0
2025-09-08,2025,8,9,09:00:00,4,0,0
2025-09-08,2025,8,9,10:00:00,5,0,0
2025-09-08,2025,8,9,11:00:00,6,0,0
2025-09-08,2025,8,9,12:00:00,3,0,0
2025-09-08,2025,8,9,13:00:00,1,0,0
2025-09-08,2025,8,9,14:00:00,12,0,0
2025-09-08,2025,8,9,15:00:00,25,0,0
2025-09-08,2025,8,9,16:00:00,2,0,0
2025-09-08,2025,8,9,17:00:00,7,0,0
2025-09-08,2025,8,9,18:00:00,31,0,0
2025-09-09,2025,9,9,07:00:00,10,0,0
2025-09-09,2025,9,9,08:00:00,17,0,1
2025-09-09,2025,9,9,09:00:00,53,73,31
2025-09-09,2025,9,9,10:00:00,119,96,23
2025-09-09,2025,9,9,11:00:00,106,277,16
2025-09-09,2025,9,9,12:00:00,61,100,14
2025-09-09,2025,9,9,13:00:00,100,91,29
2025-09-09,2025,9,9,14:00:00,119,156,20
2025-09-09,2025,9,9,15:00:00,100,63,18
2025-09-09,2025,9,9,16:00:00,78,372,28
2025-09-09,2025,9,9,17:00:00,54,289,19
2025-09-09,2025,9,9,18:00:00,19,49,14
2025-09-10,2025,10,9,08:00:00,6,0,0
2025-09-10,2025,10,9,09:00:00,41,23,19
2025-09-10,2025,10,9,10:00:00,180,288,23
2025-09-10,2025,10,9,11:00:00,74,56,20
2025-09-10,2025,10,9,12:00:00,35,36,17
2025-09-10,2025,10,9,13:00:00,88,115,24
2025-09-10,2025,10,9,14:00:00,130,222,29
2025-09-10,2025,10,9,15:00:00,139,352,36
2025-09-10,2025,10,9,16:00:00,165,152,11
2025-09-10,2025,10,9,17:00:00,27,0,0
2025-09-10,2025,10,9,18:00:00,33,0,0
2025-09-11,2025,11,9,05:00:00,3,0,0
2025-09-11,2025,11,9,07:00:00,7,0,0
2025-09-11,2025,11,9,08:00:00,14,0,0
2025-09-11,2025,11,9,09:00:00,38,13,30
2025-09-11,2025,11,9,10:00:00,109,253,15
2025-09-11,2025,11,9,11:00:00,69,59,15
2025-09-11,2025,11,9,12:00:00,97,300,29
2025-09-11,2025,11,9,13:00:00,56,82,24
2025-09-11,2025,11,9,14:00:00,24,195,27
2025-09-11,2025,11,9,15:00:00,37,252,20
2025-09-11,2025,11,9,16:00:00,61,330,20
2025-09-11,2025,11,9,17:00:00,47,131,16
2025-09-11,2025,11,9,18:00:00,59,82,12
2025-09-11,2025,11,9,19:00:00,1,0,0
2025-09-11,2025,11,9,20:00:00,5,0,0
2025-09-12,2025,12,9,07:00:00,1,0,0
2025-09-12,2025,12,9,08:00:00,4,0,0
2025-09-12,2025,12,9,09:00:00,20,6,17
2025-09-12,2025,12,9,10:00:00,34,41,23
2025-09-12,2025,12,9,11:00:00,76,54,12
2025-09-12,2025,12,9,12:00:00,59,69,12
2025-09-12,2025,12,9,13:00:00,74,42,19
2025-09-12,2025,12,9,14:00:00,40,90,28
2025-09-12,2025,12,9,15:00:00,34,82,23
2025-09-12,2025,12,9,16:00:00,49,55,33
2025-09-12,2025,12,9,17:00:00,92,75,31
2025-09-12,2025,12,9,18:00:00,32,100,11
2025-09-12,2025,12,9,19:00:00,10,0,0
2025-09-13,2025,13,9,08:00:00,2,0,0
2025-09-13,2025,13,9,09:00:00,53,15,12
2025-09-13,2025,13,9,10:00:00,97,108,15
2025-09-13,2025,13,9,11:00:00,248,241,28
2025-09-13,2025,13,9,12:00:00,85,181,11
2025-09-13,2025,13,9,13:00:00,128,167,19
2025-09-13,2025,13,9,14:00:00,138,210,33
2025-09-13,2025,13,9,15:00:00,247,257,25
2025-09-13,2025,13,9,16:00:00,129,263,30
2025-09-13,2025,13,9,17:00:00,423,480,38
2025-09-13,2025,13,9,18:00:00,105,310,24
2025-09-13,2025,13,9,19:00:00,4,0,0
2025-09-13,2025,13,9,20:00:00,7,0,0
2025-09-14,2025,14,9,08:00:00,1,0,0
2025-09-14,2025,14,9,09:00:00,18,0,0
2025-09-14,2025,14,9,11:00:00,2,0,0
2025-09-14,2025,14,9,13:00:00,10,2,0
2025-09-14,2025,14,9,14:00:00,196,155,4
2025-09-14,2025,14,9,15:00:00,228,335,18
2025-09-14,2025,14,9,16:00:00,131,150,29
2025-09-14,2025,14,9,17:00:00,190,314,0
2025-09-14,2025,14,9,18:00:00,2,0,0
2025-09-15,2025,15,9,06:00:00,2,0,0
2025-09-15,2025,15,9,07:00:00,3,0,0
2025-09-15,2025,15,9,10:00:00,10,0,0
2025-09-15,2025,15,9,11:00:00,5,0,0
2025-09-15,2025,15,9,12:00:00,2,0,0
2025-09-15,2025,15,9,13:00:00,4,0,0
2025-09-15,2025,15,9,14:00:00,27,0,0
2025-09-15,2025,15,9,16:00:00,11,0,0
2025-09-15,2025,15,9,17:00:00,2,0,0
2025-09-15,2025,15,9,18:00:00,7,0,0
2025-09-16,2025,16,9,07:00:00,1,0,0
2025-09-16,2025,16,9,08:00:00,7,0,0
2025-09-16,2025,16,9,09:00:00,98,20,26
2025-09-16,2025,16,9,10:00:00,104,74,30
2025-09-16,2025,16,9,11:00:00,100,158,41
2025-09-16,2025,16,9,12:00:00,73,67,33
2025-09-16,2025,16,9,13:00:00,76,70,23
2025-09-16,2025,16,9,14:00:00,143,90,21
2025-09-16,2025,16,9,15:00:00,75,95,18
2025-09-16,2025,16,9,16:00:00,77,99,32
2025-09-16,2025,16,9,17:00:00,72,88,25
2025-09-16,2025,16,9,18:00:00,45,71,10
2025-09-17,2025,17,9,06:00:00,2,0,0
2025-09-17,2025,17,9,07:00:00,13,0,0
2025-09-17,2025,17,9,08:00:00,25,0,0
2025-09-17,2025,17,9,09:00:00,61,46,17
2025-09-17,2025,17,9,10:00:00,189,164,13
2025-09-17,2025,17,9,11:00:00,313,345,34
2025-09-17,2025,17,9,12:00:00,277,210,30
2025-09-17,2025,17,9,13:00:00,153,163,24
2025-09-17,2025,17,9,14:00:00,189,247,23
2025-09-17,2025,17,9,15:00:00,233,248,43
2025-09-17,2025,17,9,16:00:00,155,322,41
2025-09-17,2025,17,9,17:00:00,175,270,26
2025-09-17,2025,17,9,18:00:00,55,100,16
2025-09-17,2025,17,9,19:00:00,11,1,0
2025-09-18,2025,18,9,08:00:00,39,0,0
2025-09-18,2025,18,9,09:00:00,32,1,18
2025-09-18,2025,18,9,10:00:00,34,65,20
2025-09-18,2025,18,9,11:00:00,25,43,17
2025-09-18,2025,18,9,12:00:00,32,41,14
2025-09-18,2025,18,9,13:00:00,34,14,17
2025-09-18,2025,18,9,14:00:00,62,30,17
2025-09-18,2025,18,9,15:00:00,79,25,17
2025-09-18,2025,18,9,16:00:00,10,7,4
2025-09-18,2025,18,9,17:00:00,14,4,0
2025-09-18,2025,18,9,18:00:00,12,0,0
2025-09-19,2025,19,9,07:00:00,3,0,0
2025-09-19,2025,19,9,08:00:00,4,0,0
2025-09-19,2025,19,9,09:00:00,81,45,19
2025-09-19,2025,19,9,10:00:00,74,64,18
2025-09-19,2025,19,9,11:00:00,21,76,17
2025-09-19,2025,19,9,12:00:00,67,65,30
2025-09-19,2025,19,9,13:00:00,57,49,26
2025-09-19,2025,19,9,14:00:00,81,226,18
2025-09-19,2025,19,9,15:00:00,57,96,19
2025-09-19,2025,19,9,16:00:00,53,34,20
2025-09-19,2025,19,9,17:00:00,45,95,18
2025-09-19,2025,19,9,18:00:00,70,80,15
2025-09-19,2025,19,9,20:00:00,17,0,0
2025-09-20,2025,20,9,09:00:00,47,12,16
2025-09-20,2025,20,9,10:00:00,210,147,17
2025-09-20,2025,20,9,11:00:00,208,230,9
2025-09-20,2025,20,9,12:00:00,147,230,12
2025-09-20,2025,20,9,13:00:00,78,102,27
2025-09-20,2025,20,9,14:00:00,185,131,26
2025-09-20,2025,20,9,15:00:00,258,301,36
2025-09-20,2025,20,9,16:00:00,380,401,33
2025-09-20,2025,20,9,17:00:00,201,353,35
2025-09-20,2025,20,9,18:00:00,74,145,15
2025-09-20,2025,20,9,19:00:00,1,0,0
2025-09-21,2025,21,9,09:00:00,2,0,0
2025-09-21,2025,21,9,10:00:00,29,0,0
2025-09-21,2025,21,9,13:00:00,2,7,0
2025-09-21,2025,21,9,14:00:00,206,160,21
2025-09-21,2025,21,9,15:00:00,204,258,26
2025-09-21,2025,21,9,16:00:00,139,281,25
2025-09-21,2025,21,9,17:00:00,209,225,20
2025-09-21,2025,21,9,18:00:00,9,0,0
2025-09-21,2025,21,9,19:00:00,9,0,0
2025-09-22,2025,22,9,06:00:00,2,0,0
2025-09-22,2025,22,9,09:00:00,2,0,0
2025-09-22,2025,22,9,10:00:00,3,0,0
2025-09-22,2025,22,9,12:00:00,5,0,0
2025-09-22,2025,22,9,13:00:00,44,0,0
2025-09-22,2025,22,9,14:00:00,2,0,0
2025-09-22,2025,22,9,15:00:00,4,0,0
2025-09-22,2025,22,9,16:00:00,18,0,0
2025-09-22,2025,22,9,17:00:00,3,0,0
2025-09-22,2025,22,9,18:00:00,9,0,0
2025-09-23,2025,23,9,06:00:00,7,0,0
2025-09-23,2025,23,9,07:00:00,11,0,0
2025-09-23,2025,23,9,08:00:00,4,0,0
2025-09-23,2025,23,9,09:00:00,60,45,30
2025-09-23,2025,23,9,10:00:00,104,60,22
2025-09-23,2025,23,9,11:00:00,129,78,21
2025-09-23,2025,23,9,12:00:00,47,45,24
2025-09-23,2025,23,9,13:00:00,66,45,24
2025-09-23,2025,23,9,14:00:00,98,101,26
2025-09-23,2025,23,9,15:00:00,107,47,23
2025-09-23,2025,23,9,16:00:00,183,355,29
2025-09-23,2025,23,9,17:00:00,90,89,40
2025-09-23,2025,23,9,18:00:00,43,57,14
2025-09-23,2025,23,9,19:00:00,3,0,0
2025-09-24,2025,24,9,08:00:00,3,0,0
2025-09-24,2025,24,9,09:00:00,51,30,36
2025-09-24,2025,24,9,10:00:00,113,104,21
2025-09-24,2025,24,9,11:00:00,124,169,35
2025-09-24,2025,24,9,12:00:00,71,74,18
2025-09-24,2025,24,9,13:00:00,208,178,28
2025-09-24,2025,24,9,14:00:00,151,148,48
2025-09-24,2025,24,9,15:00:00,291,293,39
2025-09-24,2025,24,9,16:00:00,227,327,31
2025-09-24,2025,24,9,17:00:00,180,415,19
2025-09-24,2025,24,9,18:00:00,121,143,17
2025-09-24,2025,24,9,19:00:00,20,0,0
2025-09-24,2025,24,9,20:00:00,1,0,0
2025-09-25,2025,25,9,07:00:00,1,0,0
2025-09-25,2025,25,9,08:00:00,2,0,0
2025-09-25,2025,25,9,09:00:00,39,4,14
2025-09-25,2025,25,9,10:00:00,43,41,17
2025-09-25,2025,25,9,11:00:00,71,41,21
2025-09-25,2025,25,9,12:00:00,50,28,20
2025-09-25,2025,25,9,13:00:00,36,34,29
2025-09-25,2025,25,9,14:00:00,17,30,29
2025-09-25,2025,25,9,15:00:00,122,64,34
2025-09-25,2025,25,9,16:00:00,48,118,31
2025-09-25,2025,25,9,17:00:00,61,48,25
2025-09-25,2025,25,9,18:00:00,10,69,14
2025-09-25,2025,25,9,19:00:00,1,5,0
2025-09-25,2025,25,9,20:00:00,1,0,0
2025-09-26,2025,26,9,06:00:00,1,0,0
2025-09-26,2025,26,9,07:00:00,2,0,0
2025-09-26,2025,26,9,08:00:00,3,0,0
2025-09-26,2025,26,9,09:00:00,26,25,14
2025-09-26,2025,26,9,10:00:00,31,106,16
2025-09-26,2025,26,9,11:00:00,79,85,10
2025-09-26,2025,26,9,12:00:00,37,41,12
2025-09-26,2025,26,9,13:00:00,33,26,26
2025-09-26,2025,26,9,14:00:00,116,80,26
2025-09-26,2025,26,9,15:00:00,66,67,25
2025-09-26,2025,26,9,16:00:00,61,77,22
2025-09-26,2025,26,9,17:00:00,23,63,25
2025-09-26,2025,26,9,18:00:00,114,134,19
2025-09-26,2025,26,9,19:00:00,8,3,0
2025-09-27,2025,27,9,08:00:00,5,0,0
2025-09-27,2025,27,9,09:00:00,34,13,19
2025-09-27,2025,27,9,10:00:00,131,137,23
2025-09-27,2025,27,9,11:00:00,64,169,20
2025-09-27,2025,27,9,12:00:00,119,103,22
2025-09-27,2025,27,9,13:00:00,130,118,24
2025-09-27,2025,27,9,14:00:00,153,183,28
2025-09-27,2025,27,9,15:00:00,283,372,29
2025-09-27,2025,27,9,16:00:00,203,280,24
2025-09-27,2025,27,9,17:00:00,206,351,29
2025-09-27,2025,27,9,18:00:00,93,178,17
2025-09-27,2025,27,9,19:00:00,2,1,0
2025-09-28,2025,28,9,10:00:00,7,0,0
2025-09-28,2025,28,9,11:00:00,2,0,0
2025-09-28,2025,28,9,12:00:00,9,0,0
2025-09-28,2025,28,9,13:00:00,21,8,0
2025-09-28,2025,28,9,14:00:00,126,76,21
2025-09-28,2025,28,9,15:00:00,177,170,28
2025-09-28,2025,28,9,16:00:00,172,295,28
2025-09-28,2025,28,9,17:00:00,141,235,19
2025-09-28,2025,28,9,18:00:00,3,0,0
2025-09-29,2025,29,9,08:00:00,7,0,0
2025-09-29,2025,29,9,09:00:00,4,0,0
2025-09-29,2025,29,9,11:00:00,9,0,0
2025-09-29,2025,29,9,12:00:00,6,0,0
2025-09-29,2025,29,9,13:00:00,1,0,0
2025-09-29,2025,29,9,14:00:00,2,0,0
2025-09-29,2025,29,9,16:00:00,5,0,0
2025-09-29,2025,29,9,17:00:00,9,0,0
2025-09-30,2025,30,9,07:00:00,2,0,0
2025-09-30,2025,30,9,08:00:00,12,0,0
2025-09-30,2025,30,9,09:00:00,56,0,19
2025-09-30,2025,30,9,10:00:00,85,0,49
2025-09-30,2025,30,9,11:00:00,100,0,30
2025-09-30,2025,30,9,12:00:00,71,0,23
2025-09-30,2025,30,9,13:00:00,46,0,27
2025-09-30,2025,30,9,14:00:00,47,0,24
2025-09-30,2025,30,9,15:00:00,69,0,27
2025-09-30,2025,30,9,16:00:00,114,0,29
2025-09-30,2025,30,9,17:00:00,71,0,7
2025-09-30,2025,30,9,18:00:00,25,0,0
2025-09-30,2025,30,9,19:00:00,3,0,0
2025-10-01,2025,1,10,08:00:00,3,0,1
2025-10-01,2025,1,10,09:00:00,45,26,18
2025-10-01,2025,1,10,10:00:00,88,90,24
2025-10-01,2025,1,10,11:00:00,222,277,33
2025-10-01,2025,1,10,12:00:00,53,139,23
2025-10-01,2025,1,10,13:00:00,185,166,28
2025-10-01,2025,1,10,14:00:00,254,204,47
2025-10-01,2025,1,10,15:00:00,173,248,43
2025-10-01,2025,1,10,16:00:00,206,239,38
2025-10-01,2025,1,10,17:00:00,159,248,31
2025-10-01,2025,1,10,18:00:00,58,140,10
2025-10-01,2025,1,10,19:00:00,2,0,0
2025-10-01,2025,1,10,20:00:00,10,0,0
2025-10-02,2025,2,10,07:00:00,1,0,0
2025-10-02,2025,2,10,08:00:00,1,0,0
2025-10-02,2025,2,10,09:00:00,8,5,28
2025-10-02,2025,2,10,10:00:00,47,108,23
2025-10-02,2025,2,10,11:00:00,54,60,14
2025-10-02,2025,2,10,12:00:00,44,31,12
2025-10-02,2025,2,10,13:00:00,101,70,22
2025-10-02,2025,2,10,14:00:00,51,86,27
2025-10-02,2025,2,10,15:00:00,42,45,30
2025-10-02,2025,2,10,16:00:00,14,57,20
2025-10-02,2025,2,10,17:00:00,60,31,24
2025-10-02,2025,2,10,18:00:00,36,7,10
2025-10-03,2025,3,10,05:00:00,2,0,0
2025-10-03,2025,3,10,07:00:00,4,0,0
2025-10-03,2025,3,10,08:00:00,5,0,0
2025-10-03,2025,3,10,09:00:00,54,9,13
2025-10-03,2025,3,10,10:00:00,44,97,8
2025-10-03,2025,3,10,11:00:00,69,62,15
2025-10-03,2025,3,10,12:00:00,56,66,16
2025-10-03,2025,3,10,13:00:00,71,99,36
2025-10-03,2025,3,10,14:00:00,84,94,23
2025-10-03,2025,3,10,15:00:00,63,103,16
2025-10-03,2025,3,10,16:00:00,65,107,15
2025-10-03,2025,3,10,17:00:00,37,49,25
2025-10-03,2025,3,10,18:00:00,77,82,10
2025-10-03,2025,3,10,19:00:00,0,8,0
2025-10-04,2025,4,10,08:00:00,3,0,0
2025-10-04,2025,4,10,09:00:00,83,7,0
2025-10-04,2025,4,10,10:00:00,232,99,14
2025-10-04,2025,4,10,11:00:00,140,152,17
2025-10-04,2025,4,10,12:00:00,141,144,20
2025-10-04,2025,4,10,13:00:00,75,42,6
2025-10-04,2025,4,10,14:00:00,215,219,39
2025-10-04,2025,4,10,15:00:00,487,353,34
2025-10-04,2025,4,10,16:00:00,232,269,27
2025-10-04,2025,4,10,17:00:00,261,284,18
2025-10-04,2025,4,10,18:00:00,67,218,10
2025-10-04,2025,4,10,19:00:00,8,0,0
2025-10-05,2025,5,10,08:00:00,1,0,0
2025-10-05,2025,5,10,10:00:00,7,0,0
2025-10-05,2025,5,10,11:00:00,1,0,0
2025-10-05,2025,5,10,13:00:00,2,0,0
2025-10-05,2025,5,10,14:00:00,181,106,27
2025-10-05,2025,5,10,15:00:00,258,241,29
2025-10-05,2025,5,10,16:00:00,319,403,29
2025-10-05,2025,5,10,17:00:00,223,330,23
2025-10-05,2025,5,10,18:00:00,10,34,0
2025-10-06,2025,6,10,07:00:00,5,0,0
2025-10-06,2025,6,10,08:00:00,3,0,0
2025-10-06,2025,6,10,09:00:00,3,0,0
2025-10-06,2025,6,10,11:00:00,6,0,0
2025-10-06,2025,6,10,12:00:00,7,0,0
2025-10-06,2025,6,10,13:00:00,7,0,0
2025-10-06,2025,6,10,14:00:00,18,0,0
2025-10-06,2025,6,10,15:00:00,13,0,0
2025-10-06,2025,6,10,16:00:00,2,0,0
2025-10-06,2025,6,10,17:00:00,7,0,0
2025-10-06,2025,6,10,18:00:00,12,0,0
2025-10-06,2025,6,10,22:00:00,1,0,0
2025-10-07,2025,7,10,07:00:00,1,0,0
2025-10-07,2025,7,10,08:00:00,7,0,0
2025-10-07,2025,7,10,09:00:00,42,14,22
2025-10-07,2025,7,10,10:00:00,92,92,26
2025-10-07,2025,7,10,11:00:00,96,93,33
2025-10-07,2025,7,10,12:00:00,75,53,17
2025-10-07,2025,7,10,13:00:00,58,52,35
2025-10-07,2025,7,10,14:00:00,83,89,27
2025-10-07,2025,7,10,15:00:00,76,66,20
2025-10-07,2025,7,10,16:00:00,106,73,32
2025-10-07,2025,7,10,17:00:00,144,166,29
2025-10-07,2025,7,10,18:00:00,37,49,18
2025-10-07,2025,7,10,19:00:00,1,0,0
2025-10-08,2025,8,10,07:00:00,11,0,0
2025-10-08,2025,8,10,08:00:00,4,0,0
2025-10-08,2025,8,10,09:00:00,44,7,13
2025-10-08,2025,8,10,10:00:00,85,82,24
2025-10-08,2025,8,10,11:00:00,202,242,22
2025-10-08,2025,8,10,12:00:00,90,83,27
2025-10-08,2025,8,10,13:00:00,176,195,38
2025-10-08,2025,8,10,14:00:00,253,220,42
2025-10-08,2025,8,10,15:00:00,124,168,45
2025-10-08,2025,8,10,16:00:00,145,163,35
2025-10-08,2025,8,10,17:00:00,201,299,32
2025-10-08,2025,8,10,18:00:00,26,171,14
2025-10-08,2025,8,10,19:00:00,5,3,0
2025-10-08,2025,8,10,21:00:00,3,0,0
2025-10-09,2025,9,10,07:00:00,2,0,0
2025-10-09,2025,9,10,08:00:00,17,0,0
2025-10-09,2025,9,10,09:00:00,48,0,14
2025-10-09,2025,9,10,10:00:00,15,21,19
2025-10-09,2025,9,10,11:00:00,20,20,19
2025-10-09,2025,9,10,12:00:00,80,74,18
2025-10-09,2025,9,10,13:00:00,71,54,26
2025-10-09,2025,9,10,14:00:00,56,49,42
2025-10-09,2025,9,10,15:00:00,97,89,35
2025-10-09,2025,9,10,16:00:00,29,39,21
2025-10-09,2025,9,10,17:00:00,52,50,25
2025-10-09,2025,9,10,18:00:00,54,77,15
2025-10-09,2025,9,10,19:00:00,8,0,0
2025-10-09,2025,9,10,20:00:00,2,0,0
2025-10-09,2025,9,10,21:00:00,3,0,0
2025-10-10,2025,10,10,08:00:00,8,0,0
2025-10-10,2025,10,10,09:00:00,11,14,19
2025-10-10,2025,10,10,10:00:00,59,110,19
2025-10-10,2025,10,10,11:00:00,33,25,14
2025-10-10,2025,10,10,12:00:00,42,28,25
2025-10-10,2025,10,10,13:00:00,38,41,11
2025-10-10,2025,10,10,14:00:00,73,43,20
2025-10-10,2025,10,10,15:00:00,84,147,17
2025-10-10,2025,10,10,16:00:00,56,74,13
2025-10-10,2025,10,10,17:00:00,45,33,27
2025-10-10,2025,10,10,18:00:00,19,48,15
2025-10-10,2025,10,10,19:00:00,10,0,0
2025-10-11,2025,11,10,08:00:00,2,0,0
2025-10-11,2025,11,10,09:00:00,21,11,11
2025-10-11,2025,11,10,10:00:00,113,55,21
2025-10-11,2025,11,10,11:00:00,190,179,32
2025-10-11,2025,11,10,12:00:00,97,105,18
2025-10-11,2025,11,10,13:00:00,97,131,26
2025-10-11,2025,11,10,14:00:00,195,195,34
2025-10-11,2025,11,10,15:00:00,165,235,36
2025-10-11,2025,11,10,16:00:00,237,280,41
2025-10-11,2025,11,10,17:00:00,302,358,53
2025-10-11,2025,11,10,18:00:00,152,193,22
2025-10-11,2025,11,10,19:00:00,34,60,0
2025-10-12,2025,12,10,08:00:00,3,0,0
2025-10-12,2025,12,10,09:00:00,6,0,0
2025-10-12,2025,12,10,10:00:00,5,0,0
2025-10-12,2025,12,10,13:00:00,1,0,0
2025-10-12,2025,12,10,14:00:00,111,66,32
2025-10-12,2025,12,10,15:00:00,293,345,39
2025-10-12,2025,12,10,16:00:00,111,192,32
2025-10-12,2025,12,10,17:00:00,124,275,25
2025-10-12,2025,12,10,18:00:00,14,0,0
2025-10-12,2025,12,10,19:00:00,4,0,0
2025-10-13,2025,13,10,08:00:00,7,0,0
2025-10-13,2025,13,10,09:00:00,8,0,0
2025-10-13,2025,13,10,10:00:00,1,0,0
2025-10-13,2025,13,10,11:00:00,1,0,0
2025-10-13,2025,13,10,12:00:00,3,0,0
2025-10-13,2025,13,10,13:00:00,4,0,0
2025-10-13,2025,13,10,16:00:00,2,0,0
2025-10-13,2025,13,10,17:00:00,2,0,0
2025-10-13,2025,13,10,18:00:00,1,0,0
2025-10-13,2025,13,10,19:00:00,2,0,0
2025-10-14,2025,14,10,08:00:00,15,0,0
2025-10-14,2025,14,10,09:00:00,48,31,18
2025-10-14,2025,14,10,10:00:00,80,169,21
2025-10-14,2025,14,10,11:00:00,71,243,16
2025-10-14,2025,14,10,12:00:00,65,74,28
2025-10-14,2025,14,10,13:00:00,91,61,22
2025-10-14,2025,14,10,14:00:00,136,100,22
2025-10-14,2025,14,10,15:00:00,124,72,25
2025-10-14,2025,14,10,16:00:00,38,74,20
2025-10-14,2025,14,10,17:00:00,175,120,36
2025-10-14,2025,14,10,18:00:00,8,52,18
2025-10-14,2025,14,10,19:00:00,7,2,0
2025-10-14,2025,14,10,22:00:00,1,0,0
2025-10-15,2025,15,10,07:00:00,4,0,0
2025-10-15,2025,15,10,08:00:00,16,0,0
2025-10-15,2025,15,10,09:00:00,325,318,20
2025-10-15,2025,15,10,10:00:00,227,182,22
2025-10-15,2025,15,10,11:00:00,227,264,23
2025-10-15,2025,15,10,12:00:00,159,153,21
2025-10-15,2025,15,10,13:00:00,208,212,39
2025-10-15,2025,15,10,14:00:00,319,322,47
2025-10-15,2025,15,10,15:00:00,386,346,52
2025-10-15,2025,15,10,16:00:00,137,225,44
2025-10-15,2025,15,10,17:00:00,271,296,24
2025-10-15,2025,15,10,18:00:00,84,231,26
2025-10-15,2025,15,10,19:00:00,36,23,0
2025-10-16,2025,16,10,07:00:00,1,0,0
2025-10-16,2025,16,10,08:00:00,9,0,0
2025-10-16,2025,16,10,09:00:00,52,22,22
2025-10-16,2025,16,10,10:00:00,155,130,18
2025-10-16,2025,16,10,11:00:00,174,143,20
2025-10-16,2025,16,10,12:00:00,159,157,19
2025-10-16,2025,16,10,13:00:00,112,67,22
2025-10-16,2025,16,10,14:00:00,162,114,27
2025-10-16,2025,16,10,15:00:00,221,132,28
2025-10-16,2025,16,10,16:00:00,50,96,17
2025-10-16,2025,16,10,17:00:00,91,117,34
2025-10-16,2025,16,10,18:00:00,49,85,18
2025-10-16,2025,16,10,19:00:00,11,0,0
2025-10-16,2025,16,10,20:00:00,9,0,0
2025-10-17,2025,17,10,07:00:00,12,0,0
2025-10-17,2025,17,10,08:00:00,32,0,0
2025-10-17,2025,17,10,09:00:00,63,28,19
2025-10-17,2025,17,10,10:00:00,213,243,26
2025-10-17,2025,17,10,11:00:00,189,108,19
2025-10-17,2025,17,10,12:00:00,65,66,19
2025-10-17,2025,17,10,13:00:00,186,158,21
2025-10-17,2025,17,10,14:00:00,224,198,29
2025-10-17,2025,17,10,15:00:00,213,265,26
2025-10-17,2025,17,10,16:00:00,179,159,35
2025-10-17,2025,17,10,17:00:00,197,201,28
2025-10-17,2025,17,10,18:00:00,47,55,13
2025-10-17,2025,17,10,19:00:00,1,0,0
2025-10-18,2025,18,10,09:00:00,204,140,14
2025-10-18,2025,18,10,10:00:00,241,284,16
2025-10-18,2025,18,10,11:00:00,491,533,22
2025-10-18,2025,18,10,12:00:00,197,222,12
2025-10-18,2025,18,10,13:00:00,184,250,29
2025-10-18,2025,18,10,14:00:00,231,293,45
2025-10-18,2025,18,10,15:00:00,400,427,38
2025-10-18,2025,18,10,16:00:00,237,342,23
2025-10-18,2025,18,10,17:00:00,176,213,29
2025-10-18,2025,18,10,18:00:00,94,197,11
2025-10-18,2025,18,10,19:00:00,11,1,0
2025-10-18,2025,18,10,22:00:00,4,0,0
2025-10-19,2025,19,10,10:00:00,3,0,0
2025-10-19,2025,19,10,11:00:00,2,0,0
2025-10-19,2025,19,10,13:00:00,5,0,0
2025-10-19,2025,19,10,14:00:00,34,0,0
2025-10-19,2025,19,10,15:00:00,13,0,0
2025-10-19,2025,19,10,16:00:00,3,0,0
2025-10-19,2025,19,10,17:00:00,1,0,0
2025-10-19,2025,19,10,20:00:00,1,0,0
2025-10-19,2025,19,10,21:00:00,5,0,0
2025-10-20,2025,20,10,09:00:00,8,0,0
2025-10-20,2025,20,10,10:00:00,6,0,0
2025-10-20,2025,20,10,11:00:00,2,0,0
2025-10-20,2025,20,10,12:00:00,14,0,0
2025-10-20,2025,20,10,15:00:00,5,0,0
2025-10-20,2025,20,10,16:00:00,23,0,0
2025-10-20,2025,20,10,17:00:00,1,0,0
2025-10-20,2025,20,10,18:00:00,2,0,0
2025-10-21,2025,21,10,06:00:00,1,0,0
2025-10-21,2025,21,10,07:00:00,9,0,0
2025-10-21,2025,21,10,08:00:00,5,0,0
2025-10-21,2025,21,10,09:00:00,203,49,23
2025-10-21,2025,21,10,10:00:00,145,163,26
2025-10-21,2025,21,10,11:00:00,263,289,35
2025-10-21,2025,21,10,12:00:00,133,211,40
2025-10-21,2025,21,10,13:00:00,78,128,23
2025-10-21,2025,21,10,14:00:00,289,279,34
2025-10-21,2025,21,10,15:00:00,311,457,51
2025-10-21,2025,21,10,16:00:00,216,493,54
2025-10-21,2025,21,10,17:00:00,120,265,32
2025-10-21,2025,21,10,18:00:00,14,4,0
2025-10-22,2025,22,10,08:00:00,5,0,0
2025-10-22,2025,22,10,09:00:00,38,108,29
2025-10-22,2025,22,10,10:00:00,92,67,12
2025-10-22,2025,22,10,11:00:00,165,287,20
2025-10-22,2025,22,10,12:00:00,126,152,33
2025-10-22,2025,22,10,13:00:00,197,192,30
2025-10-22,2025,22,10,14:00:00,140,326,32
2025-10-22,2025,22,10,15:00:00,115,234,28
2025-10-22,2025,22,10,16:00:00,183,260,43
2025-10-22,2025,22,10,17:00:00,171,421,43
2025-10-22,2025,22,10,18:00:00,37,36,0
2025-10-23,2025,23,10,07:00:00,4,0,0
2025-10-23,2025,23,10,08:00:00,11,0,0
2025-10-23,2025,23,10,09:00:00,40,43,14
2025-10-23,2025,23,10,10:00:00,36,119,15
2025-10-23,2025,23,10,11:00:00,103,124,19
2025-10-23,2025,23,10,12:00:00,88,86,11
2025-10-23,2025,23,10,13:00:00,91,80,29
2025-10-23,2025,23,10,14:00:00,40,66,22
2025-10-23,2025,23,10,15:00:00,92,87,27
2025-10-23,2025,23,10,16:00:00,134,185,24
2025-10-23,2025,23,10,17:00:00,77,183,25
2025-10-23,2025,23,10,18:00:00,26,8,0
2025-10-24,2025,24,10,07:00:00,4,0,0
2025-10-24,2025,24,10,08:00:00,6,0,0
2025-10-24,2025,24,10,09:00:00,10,14,15
2025-10-24,2025,24,10,10:00:00,178,129,26
2025-10-24,2025,24,10,11:00:00,68,129,24
2025-10-24,2025,24,10,12:00:00,62,88,27
2025-10-24,2025,24,10,13:00:00,128,106,24
2025-10-24,2025,24,10,14:00:00,151,185,25
2025-10-24,2025,24,10,15:00:00,124,113,29
2025-10-24,2025,24,10,16:00:00,154,189,31
2025-10-24,2025,24,10,17:00:00,218,343,32
2025-10-24,2025,24,10,18:00:00,53,15,0
2025-10-25,2025,25,10,08:00:00,1,0,0
2025-10-25,2025,25,10,09:00:00,46,34,28
2025-10-25,2025,25,10,10:00:00,39,97,13
2025-10-25,2025,25,10,11:00:00,109,114,15
2025-10-25,2025,25,10,12:00:00,125,115,27
2025-10-25,2025,25,10,13:00:00,81,93,21
2025-10-25,2025,25,10,14:00:00,142,148,31
2025-10-25,2025,25,10,15:00:00,344,316,42
2025-10-25,2025,25,10,16:00:00,147,269,41
2025-10-25,2025,25,10,17:00:00,180,296,37
2025-10-25,2025,25,10,18:00:00,19,10,0
2025-10-26,2025,26,10,07:00:00,4,0,0
2025-10-26,2025,26,10,08:00:00,3,0,0
2025-10-26,2025,26,10,09:00:00,4,0,0
2025-10-26,2025,26,10,10:00:00,26,0,0
2025-10-26,2025,26,10,12:00:00,2,0,0
2025-10-26,2025,26,10,14:00:00,15,0,0
2025-10-28,2025,28,10,08:00:00,2,0,0
2025-10-28,2025,28,10,09:00:00,73,20,22
2025-10-28,2025,28,10,10:00:00,217,145,37
2025-10-28,2025,28,10,11:00:00,150,198,31
2025-10-28,2025,28,10,12:00:00,138,148,31
2025-10-28,2025,28,10,13:00:00,103,120,41
2025-10-28,2025,28,10,14:00:00,226,218,36
2025-10-28,2025,28,10,15:00:00,318,478,48
2025-10-28,2025,28,10,16:00:00,216,349,34
2025-10-28,2025,28,10,17:00:00,197,351,38
2025-10-28,2025,28,10,18:00:00,21,0,0
2025-10-29,2025,29,10,08:00:00,0,0,1
2025-10-29,2025,29,10,09:00:00,24,7,19
2025-10-29,2025,29,10,10:00:00,71,68,28
2025-10-29,2025,29,10,11:00:00,221,231,40
2025-10-29,2025,29,10,12:00:00,117,99,26
2025-10-29,2025,29,10,13:00:00,101,141,30
2025-10-29,2025,29,10,14:00:00,139,129,33
2025-10-29,2025,29,10,15:00:00,233,193,48
2025-10-29,2025,29,10,16:00:00,187,211,51
2025-10-29,2025,29,10,17:00:00,200,295,42
2025-10-29,2025,29,10,18:00:00,0,7,0
2025-10-30,2025,30,10,08:00:00,0,0,1
2025-10-30,2025,30,10,09:00:00,31,19,10
2025-10-30,2025,30,10,10:00:00,157,122,22
2025-10-30,2025,30,10,11:00:00,162,216,20
2025-10-30,2025,30,10,12:00:00,118,110,21
2025-10-30,2025,30,10,13:00:00,80,158,23
2025-10-30,2025,30,10,14:00:00,158,129,33
2025-10-30,2025,30,10,15:00:00,184,192,45
2025-10-30,2025,30,10,16:00:00,182,156,39
2025-10-30,2025,30,10,17:00:00,131,178,28
2025-10-30,2025,30,10,18:00:00,10,0,0
2025-10-31,2025,31,10,07:00:00,2,0,0
2025-10-31,2025,31,10,08:00:00,10,0,1
2025-10-31,2025,31,10,09:00:00,26,10,24
2025-10-31,2025,31,10,10:00:00,89,44,31
2025-10-31,2025,31,10,11:00:00,111,121,25
2025-10-31,2025,31,10,12:00:00,84,118,30
2025-10-31,2025,31,10,13:00:00,89,100,21
2025-10-31,2025,31,10,14:00:00,141,99,30
2025-10-31,2025,31,10,15:00:00,138,166,36
2025-10-31,2025,31,10,16:00:00,133,141,28
2025-10-31,2025,31,10,17:00:00,71,138,38
2025-10-31,2025,31,10,18:00:00,18,0,0
2025-11-01,2025,1,11,09:00:00,17,0,0
2025-11-01,2025,1,11,10:00:00,43,0,0
2025-11-01,2025,1,11,11:00:00,6,0,0
2025-11-01,2025,1,11,12:00:00,1,0,0
2025-11-01,2025,1,11,13:00:00,9,0,0
2025-11-01,2025,1,11,14:00:00,37,0,0
2025-11-01,2025,1,11,15:00:00,47,0,0
2025-11-01,2025,1,11,16:00:00,26,0,0
2025-11-01,2025,1,11,17:00:00,45,0,0
2025-11-01,2025,1,11,18:00:00,8,0,0
2025-11-02,2025,2,11,09:00:00,4,0,0
2025-11-02,2025,2,11,10:00:00,27,0,0
2025-11-02,2025,2,11,11:00:00,2,0,0
2025-11-02,2025,2,11,12:00:00,12,0,0
2025-11-02,2025,2,11,13:00:00,5,0,0
2025-11-02,2025,2,11,14:00:00,29,0,0
2025-11-02,2025,2,11,15:00:00,54,0,0
2025-11-02,2025,2,11,16:00:00,21,0,0
2025-11-02,2025,2,11,17:00:00,7,0,0
2025-11-03,2025,3,11,07:00:00,1,0,0
2025-11-03,2025,3,11,08:00:00,4,0,0
2025-11-03,2025,3,11,09:00:00,2,0,0
2025-11-03,2025,3,11,13:00:00,9,0,0
2025-11-03,2025,3,11,14:00:00,2,0,0
2025-11-03,2025,3,11,18:00:00,1,0,0
2025-11-04,2025,4,11,07:00:00,2,0,0
2025-11-04,2025,4,11,08:00:00,8,0,1
2025-11-04,2025,4,11,09:00:00,156,20,44
2025-11-04,2025,4,11,10:00:00,90,130,33
2025-11-04,2025,4,11,11:00:00,97,113,22
2025-11-04,2025,4,11,12:00:00,107,136,42
2025-11-04,2025,4,11,13:00:00,104,84,21
2025-11-04,2025,4,11,14:00:00,149,134,30
2025-11-04,2025,4,11,15:00:00,183,267,26
2025-11-04,2025,4,11,16:00:00,120,71,33
2025-11-04,2025,4,11,17:00:00,94,166,19
2025-11-04,2025,4,11,18:00:00,107,109,21
2025-11-04,2025,4,11,19:00:00,0,2,0
2025-11-05,2025,5,11,08:00:00,16,0,0
2025-11-05,2025,5,11,09:00:00,48,10,20
2025-11-05,2025,5,11,10:00:00,205,143,15
2025-11-05,2025,5,11,11:00:00,222,296,33
2025-11-05,2025,5,11,12:00:00,106,147,19
2025-11-05,2025,5,11,13:00:00,207,125,22
2025-11-05,2025,5,11,14:00:00,199,222,41
2025-11-05,2025,5,11,15:00:00,277,167,43
2025-11-05,2025,5,11,16:00:00,320,364,47
2025-11-05,2025,5,11,17:00:00,231,320,33
2025-11-05,2025,5,11,18:00:00,88,132,25
2025-11-05,2025,5,11,19:00:00,6,0,0
2025-11-06,2025,6,11,07:00:00,4,0,0
2025-11-06,2025,6,11,08:00:00,8,0,0
2025-11-06,2025,6,11,09:00:00,61,13,16
2025-11-06,2025,6,11,10:00:00,119,55,16
2025-11-06,2025,6,11,11:00:00,34,86,12
2025-11-06,2025,6,11,12:00:00,62,67,21
2025-11-06,2025,6,11,13:00:00,64,28,24
2025-11-06,2025,6,11,14:00:00,139,99,28
2025-11-06,2025,6,11,15:00:00,38,76,18
2025-11-06,2025,6,11,16:00:00,97,107,23
2025-11-06,2025,6,11,17:00:00,99,89,25
2025-11-06,2025,6,11,18:00:00,34,33,14
2025-11-06,2025,6,11,19:00:00,12,0,0
2025-11-07,2025,7,11,08:00:00,6,0,0
2025-11-07,2025,7,11,09:00:00,50,8,23
2025-11-07,2025,7,11,10:00:00,81,106,16
2025-11-07,2025,7,11,11:00:00,92,19,17
2025-11-07,2025,7,11,12:00:00,99,70,16
2025-11-07,2025,7,11,13:00:00,142,104,27
2025-11-07,2025,7,11,14:00:00,60,45,27
2025-11-07,2025,7,11,15:00:00,107,83,35
2025-11-07,2025,7,11,16:00:00,82,84,19
2025-11-07,2025,7,11,17:00:00,101,61,21
2025-11-07,2025,7,11,18:00:00,187,202,16
2025-11-08,2025,8,11,08:00:00,2,0,0
2025-11-08,2025,8,11,09:00:00,50,22,16
2025-11-08,2025,8,11,10:00:00,214,168,20
2025-11-08,2025,8,11,11:00:00,145,193,22
2025-11-08,2025,8,11,12:00:00,224,170,23
2025-11-08,2025,8,11,13:00:00,188,150,41
2025-11-08,2025,8,11,14:00:00,327,365,33
2025-11-08,2025,8,11,15:00:00,285,370,36
2025-11-08,2025,8,11,16:00:00,271,262,47
2025-11-08,2025,8,11,17:00:00,251,450,29
2025-11-08,2025,8,11,18:00:00,114,182,9
2025-11-08,2025,8,11,19:00:00,3,0,0
2025-11-09,2025,9,11,13:00:00,1,0,0
2025-11-09,2025,9,11,14:00:00,190,126,29
2025-11-09,2025,9,11,15:00:00,326,312,26
2025-11-09,2025,9,11,16:00:00,169,301,23
2025-11-09,2025,9,11,17:00:00,161,284,25
2025-11-10,2025,10,11,07:00:00,9,0,0
2025-11-10,2025,10,11,08:00:00,7,0,0
2025-11-10,2025,10,11,09:00:00,7,0,0
2025-11-10,2025,10,11,10:00:00,15,0,0
2025-11-10,2025,10,11,11:00:00,17,0,0
2025-11-10,2025,10,11,12:00:00,5,0,0
2025-11-10,2025,10,11,13:00:00,1,0,0
2025-11-10,2025,10,11,14:00:00,10,0,0
2025-11-10,2025,10,11,16:00:00,5,0,0
2025-11-10,2025,10,11,17:00:00,2,0,0
2025-11-10,2025,10,11,18:00:00,1,0,0
2025-11-10,2025,10,11,19:00:00,10,0,0
2025-11-11,2025,11,11,08:00:00,2,0,0
2025-11-11,2025,11,11,09:00:00,1,0,0
2025-11-11,2025,11,11,10:00:00,9,0,0
2025-11-11,2025,11,11,11:00:00,27,0,0
2025-11-11,2025,11,11,12:00:00,13,0,0
2025-11-11,2025,11,11,13:00:00,6,0,0
2025-11-11,2025,11,11,15:00:00,6,0,0
2025-11-11,2025,11,11,16:00:00,10,0,0
2025-11-11,2025,11,11,18:00:00,10,0,0
2025-11-12,2025,12,11,07:00:00,1,0,0
2025-11-12,2025,12,11,08:00:00,15,0,0
2025-11-12,2025,12,11,09:00:00,137,67,22
2025-11-12,2025,12,11,10:00:00,198,109,26
2025-11-12,2025,12,11,11:00:00,256,294,42
2025-11-12,2025,12,11,12:00:00,120,163,35
2025-11-12,2025,12,11,13:00:00,172,139,30
2025-11-12,2025,12,11,14:00:00,320,257,35
2025-11-12,2025,12,11,15:00:00,384,447,49
2025-11-12,2025,12,11,16:00:00,285,270,35
2025-11-12,2025,12,11,17:00:00,145,139,17
2025-11-12,2025,12,11,18:00:00,88,82,25
2025-11-12,2025,12,11,19:00:00,4,0,0
2025-11-13,2025,13,11,08:00:00,28,0,0
2025-11-13,2025,13,11,09:00:00,72,20,21
2025-11-13,2025,13,11,10:00:00,47,41,15
2025-11-13,2025,13,11,11:00:00,71,74,19
2025-11-13,2025,13,11,12:00:00,63,63,16
2025-11-13,2025,13,11,13:00:00,46,82,26
2025-11-13,2025,13,11,14:00:00,147,115,13
2025-11-13,2025,13,11,15:00:00,144,71,24
2025-11-13,2025,13,11,16:00:00,81,103,16
2025-11-13,2025,13,11,17:00:00,57,89,23
2025-11-13,2025,13,11,18:00:00,31,28,16
2025-11-14,2025,14,11,07:00:00,2,0,0
2025-11-14,2025,14,11,08:00:00,8,0,0
2025-11-14,2025,14,11,09:00:00,36,10,22
2025-11-14,2025,14,11,10:00:00,78,40,28
2025-11-14,2025,14,11,11:00:00,101,97,16
2025-11-14,2025,14,11,12:00:00,71,66,14
2025-11-14,2025,14,11,13:00:00,147,135,14
2025-11-14,2025,14,11,14:00:00,111,83,26
2025-11-14,2025,14,11,15:00:00,55,57,21
2025-11-14,2025,14,11,16:00:00,92,62,23
2025-11-14,2025,14,11,17:00:00,160,191,16
2025-11-14,2025,14,11,18:00:00,105,85,15
2025-11-15,2025,15,11,08:00:00,3,0,0
2025-11-15,2025,15,11,09:00:00,23,10,19
2025-11-15,2025,15,11,10:00:00,171,189,23
2025-11-15,2025,15,11,11:00:00,147,251,16
2025-11-15,2025,15,11,12:00:00,170,175,13
2025-11-15,2025,15,11,13:00:00,81,90,22
2025-11-15,2025,15,11,14:00:00,280,204,51
2025-11-15,2025,15,11,15:00:00,302,297,53
2025-11-15,2025,15,11,16:00:00,372,358,43
2025-11-15,2025,15,11,17:00:00,219,294,30
2025-11-15,2025,15,11,18:00:00,78,213,18
2025-11-16,2025,16,11,09:00:00,1,0,0
2025-11-16,2025,16,11,10:00:00,1,0,0
2025-11-16,2025,16,11,12:00:00,17,0,0
2025-11-16,2025,16,11,13:00:00,8,1,0
2025-11-16,2025,16,11,14:00:00,151,165,38
2025-11-16,2025,16,11,15:00:00,324,278,38
2025-11-16,2025,16,11,16:00:00,197,265,26
2025-11-16,2025,16,11,17:00:00,70,229,27
2025-11-16,2025,16,11,18:00:00,46,8,0
2025-11-17,2025,17,11,07:00:00,2,0,0
2025-11-17,2025,17,11,08:00:00,1,0,0
2025-11-17,2025,17,11,09:00:00,2,0,0
2025-11-17,2025,17,11,10:00:00,16,0,0
2025-11-17,2025,17,11,12:00:00,5,0,0
2025-11-17,2025,17,11,14:00:00,15,0,0
2025-11-17,2025,17,11,15:00:00,4,0,0
2025-11-17,2025,17,11,16:00:00,5,0,0
2025-11-17,2025,17,11,18:00:00,1,0,0
2025-11-18,2025,18,11,08:00:00,14,0,0
2025-11-18,2025,18,11,09:00:00,42,26,27
2025-11-18,2025,18,11,10:00:00,120,88,19
2025-11-18,2025,18,11,11:00:00,105,79,24
2025-11-18,2025,18,11,12:00:00,84,62,27
2025-11-18,2025,18,11,13:00:00,100,80,23
2025-11-18,2025,18,11,14:00:00,55,67,25
2025-11-18,2025,18,11,15:00:00,96,98,20
2025-11-18,2025,18,11,16:00:00,120,85,36
2025-11-18,2025,18,11,17:00:00,91,87,27
2025-11-18,2025,18,11,18:00:00,114,122,9
2025-11-18,2025,18,11,19:00:00,5,0,0
2025-11-19,2025,19,11,08:00:00,16,0,0
2025-11-19,2025,19,11,09:00:00,36,19,14
2025-11-19,2025,19,11,10:00:00,159,90,12
2025-11-19,2025,19,11,11:00:00,203,303,27
2025-11-19,2025,19,11,12:00:00,169,133,23
2025-11-19,2025,19,11,13:00:00,129,71,36
2025-11-19,2025,19,11,14:00:00,208,167,43
2025-11-19,2025,19,11,15:00:00,216,219,38
2025-11-19,2025,19,11,16:00:00,121,203,30
2025-11-19,2025,19,11,17:00:00,109,104,14
2025-11-19,2025,19,11,18:00:00,65,41,5
2025-11-19,2025,19,11,19:00:00,24,14,0
2025-11-20,2025,20,11,05:00:00,1,0,0
2025-11-20,2025,20,11,08:00:00,2,0,0
2025-11-20,2025,20,11,09:00:00,19,79,10
2025-11-20,2025,20,11,10:00:00,88,54,19
2025-11-20,2025,20,11,11:00:00,48,57,13
2025-11-20,2025,20,11,12:00:00,26,26,14
2025-11-20,2025,20,11,13:00:00,66,62,14
2025-11-20,2025,20,11,14:00:00,80,39,17
2025-11-20,2025,20,11,15:00:00,94,35,19
2025-11-20,2025,20,11,16:00:00,38,71,19
2025-11-20,2025,20,11,17:00:00,57,76,19
2025-11-20,2025,20,11,18:00:00,57,76,9
2025-11-21,2025,21,11,08:00:00,1,0,0
2025-11-21,2025,21,11,09:00:00,92,39,9
2025-11-21,2025,21,11,10:00:00,97,84,12
2025-11-21,2025,21,11,11:00:00,13,75,11
2025-11-21,2025,21,11,12:00:00,23,65,16
2025-11-21,2025,21,11,13:00:00,85,69,13
2025-11-21,2025,21,11,14:00:00,43,23,20
2025-11-21,2025,21,11,15:00:00,62,85,20
2025-11-21,2025,21,11,16:00:00,41,83,22
2025-11-21,2025,21,11,17:00:00,91,72,19
2025-11-21,2025,21,11,18:00:00,42,90,8
2025-11-21,2025,21,11,19:00:00,9,0,0
2025-11-22,2025,22,11,08:00:00,1,0,0
2025-11-22,2025,22,11,09:00:00,13,20,12
2025-11-22,2025,22,11,10:00:00,173,176,13
2025-11-22,2025,22,11,11:00:00,70,83,11
2025-11-22,2025,22,11,12:00:00,86,76,13
2025-11-22,2025,22,11,13:00:00,152,204,27
2025-11-22,2025,22,11,14:00:00,240,194,36
2025-11-22,2025,22,11,15:00:00,199,159,36
2025-11-22,2025,22,11,16:00:00,218,243,40
2025-11-22,2025,22,11,17:00:00,152,212,19
2025-11-22,2025,22,11,18:00:00,158,146,12
2025-11-22,2025,22,11,19:00:00,5,0,0
2025-11-23,2025,23,11,10:00:00,4,0,0
2025-11-23,2025,23,11,11:00:00,1,0,0
2025-11-23,2025,23,11,12:00:00,16,0,0
2025-11-23,2025,23,11,13:00:00,45,0,0
2025-11-23,2025,23,11,14:00:00,182,177,48
2025-11-23,2025,23,11,15:00:00,387,318,38
2025-11-23,2025,23,11,16:00:00,183,332,24
2025-11-23,2025,23,11,17:00:00,78,167,26
2025-11-23,2025,23,11,18:00:00,5,1,0
2025-11-25,2025,25,11,08:00:00,10,0,0
2025-11-25,2025,25,11,09:00:00,62,26,21
2025-11-25,2025,25,11,10:00:00,110,103,23
2025-11-25,2025,25,11,11:00:00,118,90,14
2025-11-25,2025,25,11,12:00:00,114,95,22
2025-11-25,2025,25,11,13:00:00,98,91,35
2025-11-25,2025,25,11,14:00:00,50,105,27
2025-11-25,2025,25,11,15:00:00,86,71,27
2025-11-25,2025,25,11,16:00:00,104,98,35
2025-11-25,2025,25,11,17:00:00,74,58,33
2025-11-25,2025,25,11,18:00:00,70,60,14
2025-11-26,2025,26,11,07:00:00,2,0,0
2025-11-26,2025,26,11,08:00:00,16,0,0
2025-11-26,2025,26,11,09:00:00,73,30,0
2025-11-26,2025,26,11,10:00:00,321,133,0
2025-11-26,2025,26,11,11:00:00,254,285,21
2025-11-26,2025,26,11,12:00:00,162,146,19
2025-11-26,2025,26,11,13:00:00,160,133,44
2025-11-26,2025,26,11,14:00:00,175,195,24
2025-11-26,2025,26,11,15:00:00,243,204,40
2025-11-26,2025,26,11,16:00:00,158,155,33
2025-11-26,2025,26,11,17:00:00,118,203,13
2025-11-26,2025,26,11,18:00:00,103,137,19
2025-11-26,2025,26,11,19:00:00,10,3,0
2025-11-27,2025,27,11,08:00:00,2,0,0
2025-11-27,2025,27,11,09:00:00,24,16,15
2025-11-27,2025,27,11,10:00:00,145,117,25
2025-11-27,2025,27,11,11:00:00,32,21,20
2025-11-27,2025,27,11,12:00:00,37,43,20
2025-11-27,2025,27,11,13:00:00,115,84,24
2025-11-27,2025,27,11,14:00:00,69,91,15
2025-11-27,2025,27,11,15:00:00,77,139,27
2025-11-27,2025,27,11,16:00:00,33,40,22
2025-11-27,2025,27,11,17:00:00,61,76,16
2025-11-27,2025,27,11,18:00:00,25,24,11
2025-11-28,2025,28,11,08:00:00,1,0,0
2025-11-28,2025,28,11,09:00:00,24,7,16
2025-11-28,2025,28,11,10:00:00,278,88,16
2025-11-28,2025,28,11,11:00:00,29,61,15
2025-11-28,2025,28,11,12:00:00,45,66,11
2025-11-28,2025,28,11,13:00:00,64,59,21
2025-11-28,2025,28,11,14:00:00,66,62,29
2025-11-28,2025,28,11,15:00:00,97,57,21
2025-11-28,2025,28,11,16:00:00,82,64,29
2025-11-28,2025,28,11,17:00:00,70,71,31
2025-11-28,2025,28,11,18:00:00,66,121,17
2025-11-28,2025,28,11,19:00:00,34,0,0
2025-11-29,2025,29,11,09:00:00,58,23,17
2025-11-29,2025,29,11,10:00:00,95,92,24
2025-11-29,2025,29,11,11:00:00,288,301,20
2025-11-29,2025,29,11,12:00:00,129,211,32
2025-11-29,2025,29,11,13:00:00,158,93,20
2025-11-29,2025,29,11,14:00:00,245,203,37
2025-11-29,2025,29,11,15:00:00,300,329,41
2025-11-29,2025,29,11,16:00:00,159,242,29
2025-11-29,2025,29,11,17:00:00,269,223,20
2025-11-29,2025,29,11,18:00:00,111,183,15
2025-11-29,2025,29,11,19:00:00,2,1,0
2025-11-30,2025,30,11,14:00:00,129,62,26
2025-11-30,2025,30,11,15:00:00,174,289,28
2025-11-30,2025,30,11,16:00:00,253,228,27
2025-11-30,2025,30,11,17:00:00,95,171,29
2025-12-02,2025,2,12,08:00:00,4,0,0
2025-12-02,2025,2,12,09:00:00,84,23,27
2025-12-02,2025,2,12,10:00:00,175,118,33
2025-12-02,2025,2,12,11:00:00,67,104,27
2025-12-02,2025,2,12,12:00:00,95,92,20
2025-12-02,2025,2,12,13:00:00,104,73,27
2025-12-02,2025,2,12,14:00:00,177,63,33
2025-12-02,2025,2,12,15:00:00,185,123,42
2025-12-02,2025,2,12,16:00:00,121,118,31
2025-12-02,2025,2,12,17:00:00,157,115,18
2025-12-02,2025,2,12,18:00:00,62,75,14
2025-12-03,2025,3,12,08:00:00,4,0,0
2025-12-03,2025,3,12,09:00:00,56,11,19
2025-12-03,2025,3,12,10:00:00,109,53,24
2025-12-03,2025,3,12,11:00:00,213,203,28
2025-12-03,2025,3,12,12:00:00,111,141,23
2025-12-03,2025,3,12,13:00:00,160,207,34
2025-12-03,2025,3,12,14:00:00,267,154,25
2025-12-03,2025,3,12,15:00:00,200,252,28
2025-12-03,2025,3,12,16:00:00,207,219,40
2025-12-03,2025,3,12,17:00:00,157,125,28
2025-12-03,2025,3,12,18:00:00,35,62,21
2025-12-03,2025,3,12,19:00:00,8,0,0
2025-12-04,2025,4,12,07:00:00,4,0,0
2025-12-04,2025,4,12,08:00:00,2,0,1
2025-12-04,2025,4,12,09:00:00,14,3,21
2025-12-04,2025,4,12,10:00:00,77,42,21
2025-12-04,2025,4,12,11:00:00,31,109,17
2025-12-04,2025,4,12,12:00:00,99,42,16
2025-12-04,2025,4,12,13:00:00,56,65,14
2025-12-04,2025,4,12,14:00:00,88,50,18
2025-12-04,2025,4,12,15:00:00,107,68,20
2025-12-04,2025,4,12,16:00:00,46,60,27
2025-12-04,2025,4,12,17:00:00,53,54,32
2025-12-04,2025,4,12,18:00:00,25,38,21
2025-12-04,2025,4,12,19:00:00,2,0,0
2025-12-05,2025,5,12,08:00:00,5,0,0
2025-12-05,2025,5,12,09:00:00,38,18,27
2025-12-05,2025,5,12,10:00:00,97,68,21
2025-12-05,2025,5,12,11:00:00,39,30,15
2025-12-05,2025,5,12,12:00:00,84,78,15
2025-12-05,2025,5,12,13:00:00,69,85,11
2025-12-05,2025,5,12,14:00:00,103,102,27
2025-12-05,2025,5,12,15:00:00,82,58,23
2025-12-05,2025,5,12,16:00:00,65,62,33
2025-12-05,2025,5,12,17:00:00,104,122,18
2025-12-05,2025,5,12,18:00:00,67,33,11
2025-12-06,2025,6,12,08:00:00,1,0,0
2025-12-06,2025,6,12,09:00:00,34,24,11
2025-12-06,2025,6,12,10:00:00,154,128,20
2025-12-06,2025,6,12,11:00:00,128,135,37
2025-12-06,2025,6,12,12:00:00,113,118,12
2025-12-06,2025,6,12,13:00:00,65,85,17
2025-12-06,2025,6,12,14:00:00,127,107,26
2025-12-06,2025,6,12,15:00:00,263,228,43
2025-12-06,2025,6,12,16:00:00,277,336,35
2025-12-06,2025,6,12,17:00:00,166,168,34
2025-12-06,2025,6,12,18:00:00,78,169,6
2025-12-06,2025,6,12,19:00:00,2,0,0
2025-12-07,2025,7,12,10:00:00,1,0,0
2025-12-07,2025,7,12,11:00:00,8,0,0
2025-12-07,2025,7,12,12:00:00,2,0,0
2025-12-07,2025,7,12,13:00:00,7,0,0
2025-12-07,2025,7,12,14:00:00,188,198,36
2025-12-07,2025,7,12,15:00:00,265,281,34
2025-12-07,2025,7,12,16:00:00,299,252,30
2025-12-07,2025,7,12,17:00:00,160,235,19
2025-12-07,2025,7,12,18:00:00,6,0,0
2025-12-08,2025,8,12,07:00:00,1,0,0
2025-12-08,2025,8,12,08:00:00,2,0,0
2025-12-08,2025,8,12,09:00:00,15,0,0
2025-12-08,2025,8,12,10:00:00,2,0,0
2025-12-08,2025,8,12,11:00:00,1,0,0
2025-12-08,2025,8,12,12:00:00,1,0,0
2025-12-08,2025,8,12,13:00:00,6,0,0
2025-12-08,2025,8,12,14:00:00,15,0,0
2025-12-08,2025,8,12,16:00:00,1,0,0
2025-12-08,2025,8,12,17:00:00,8,0,0
2025-12-09,2025,9,12,06:00:00,1,0,0
2025-12-09,2025,9,12,08:00:00,11,0,0
2025-12-09,2025,9,12,09:00:00,42,32,17
2025-12-09,2025,9,12,10:00:00,136,165,26
2025-12-09,2025,9,12,11:00:00,50,232,16
2025-12-09,2025,9,12,12:00:00,65,70,20
2025-12-09,2025,9,12,13:00:00,101,70,16
2025-12-09,2025,9,12,14:00:00,85,123,34
2025-12-09,2025,9,12,15:00:00,58,103,33
2025-12-09,2025,9,12,16:00:00,112,390,32
2025-12-09,2025,9,12,17:00:00,113,163,32
2025-12-09,2025,9,12,18:00:00,57,53,23
2025-12-09,2025,9,12,19:00:00,1,0,0
2025-12-10,2025,10,12,07:00:00,1,0,0
2025-12-10,2025,10,12,08:00:00,1,0,0
2025-12-10,2025,10,12,09:00:00,26,373,16
2025-12-10,2025,10,12,10:00:00,161,112,22
2025-12-10,2025,10,12,11:00:00,211,223,23
2025-12-10,2025,10,12,12:00:00,109,143,28
2025-12-10,2025,10,12,13:00:00,243,151,27
2025-12-10,2025,10,12,14:00:00,254,145,35
2025-12-10,2025,10,12,15:00:00,214,223,59
2025-12-10,2025,10,12,16:00:00,174,177,41
2025-12-10,2025,10,12,17:00:00,168,160,27
2025-12-10,2025,10,12,18:00:00,38,79,11
2025-12-10,2025,10,12,19:00:00,1,1,0
2025-12-11,2025,11,12,08:00:00,2,0,0
2025-12-11,2025,11,12,09:00:00,59,8,27
2025-12-11,2025,11,12,10:00:00,39,78,26
2025-12-11,2025,11,12,11:00:00,52,28,20
2025-12-11,2025,11,12,12:00:00,72,55,15
2025-12-11,2025,11,12,13:00:00,70,92,20
2025-12-11,2025,11,12,14:00:00,106,130,21
2025-12-11,2025,11,12,15:00:00,53,42,23
2025-12-11,2025,11,12,16:00:00,41,59,30
2025-12-11,2025,11,12,17:00:00,39,45,26
2025-12-11,2025,11,12,18:00:00,29,46,12
2025-12-11,2025,11,12,19:00:00,7,0,0
2025-12-12,2025,12,12,06:00:00,3,0,0
2025-12-12,2025,12,12,07:00:00,21,0,0
2025-12-12,2025,12,12,08:00:00,5,0,0
2025-12-12,2025,12,12,09:00:00,31,39,26
2025-12-12,2025,12,12,10:00:00,122,91,18
2025-12-12,2025,12,12,11:00:00,74,61,13
2025-12-12,2025,12,12,12:00:00,60,65,21
2025-12-12,2025,12,12,13:00:00,56,64,17
2025-12-12,2025,12,12,14:00:00,73,129,30
2025-12-12,2025,12,12,15:00:00,82,89,28
2025-12-12,2025,12,12,16:00:00,52,50,16
2025-12-12,2025,12,12,17:00:00,61,41,24
2025-12-12,2025,12,12,18:00:00,76,75,14
2025-12-12,2025,12,12,19:00:00,2,0,0
2025-12-13,2025,13,12,07:00:00,1,0,0
2025-12-13,2025,13,12,08:00:00,3,0,0
2025-12-13,2025,13,12,09:00:00,32,22,11
2025-12-13,2025,13,12,10:00:00,140,90,28
2025-12-13,2025,13,12,11:00:00,66,86,15
2025-12-13,2025,13,12,12:00:00,117,93,28
2025-12-13,2025,13,12,13:00:00,42,99,16
2025-12-13,2025,13,12,14:00:00,230,128,27
2025-12-13,2025,13,12,15:00:00,236,255,23
2025-12-13,2025,13,12,16:00:00,167,172,32
2025-12-13,2025,13,12,17:00:00,280,267,25
2025-12-13,2025,13,12,18:00:00,113,231,14
2025-12-13,2025,13,12,19:00:00,9,0,0
2025-12-14,2025,14,12,09:00:00,7,0,0
2025-12-14,2025,14,12,10:00:00,7,0,0
2025-12-14,2025,14,12,11:00:00,5,0,0
2025-12-14,2025,14,12,12:00:00,1,0,0
2025-12-14,2025,14,12,13:00:00,19,0,0
2025-12-14,2025,14,12,14:00:00,181,134,24
2025-12-14,2025,14,12,15:00:00,159,186,23
2025-12-14,2025,14,12,16:00:00,213,202,21
2025-12-14,2025,14,12,17:00:00,140,174,17
2025-12-14,2025,14,12,18:00:00,16,0,0
2025-12-14,2025,14,12,19:00:00,1,0,0
2025-12-15,2025,15,12,07:00:00,20,0,0
2025-12-15,2025,15,12,08:00:00,2,0,0
2025-12-15,2025,15,12,09:00:00,3,0,0
2025-12-15,2025,15,12,10:00:00,16,0,0
2025-12-15,2025,15,12,11:00:00,10,0,0
2025-12-15,2025,15,12,12:00:00,4,0,0
2025-12-15,2025,15,12,13:00:00,5,0,0
2025-12-15,2025,15,12,14:00:00,4,0,0
2025-12-15,2025,15,12,15:00:00,25,0,0
2025-12-15,2025,15,12,16:00:00,4,0,0
2025-12-15,2025,15,12,17:00:00,2,0,0
2025-12-15,2025,15,12,18:00:00,7,0,0
2025-12-15,2025,15,12,19:00:00,2,0,0
2025-12-16,2025,16,12,06:00:00,1,0,0
2025-12-16,2025,16,12,07:00:00,2,0,0
2025-12-16,2025,16,12,08:00:00,9,0,0
2025-12-16,2025,16,12,09:00:00,39,48,22
2025-12-16,2025,16,12,10:00:00,109,55,36
2025-12-16,2025,16,12,11:00:00,65,76,29
2025-12-16,2025,16,12,12:00:00,166,71,26
2025-12-16,2025,16,12,13:00:00,228,197,15
2025-12-16,2025,16,12,14:00:00,277,196,25
2025-12-16,2025,16,12,15:00:00,210,179,38
2025-12-16,2025,16,12,16:00:00,312,179,27
2025-12-16,2025,16,12,17:00:00,468,372,20
2025-12-16,2025,16,12,18:00:00,110,95,12
2025-12-17,2025,17,12,08:00:00,13,0,0
2025-12-17,2025,17,12,09:00:00,241,135,21
2025-12-17,2025,17,12,10:00:00,433,255,25
2025-12-17,2025,17,12,11:00:00,348,328,19
2025-12-17,2025,17,12,12:00:00,115,123,20
2025-12-17,2025,17,12,13:00:00,132,84,23
2025-12-17,2025,17,12,14:00:00,257,198,39
2025-12-17,2025,17,12,15:00:00,235,199,28
2025-12-17,2025,17,12,16:00:00,159,182,30
2025-12-17,2025,17,12,17:00:00,117,149,33
2025-12-17,2025,17,12,18:00:00,91,69,23
2025-12-17,2025,17,12,19:00:00,1,0,0
2025-12-18,2025,18,12,06:00:00,2,0,0
2025-12-18,2025,18,12,07:00:00,4,0,0
2025-12-18,2025,18,12,08:00:00,15,0,0
2025-12-18,2025,18,12,09:00:00,15,7,12
2025-12-18,2025,18,12,10:00:00,95,73,14
2025-12-18,2025,18,12,11:00:00,67,42,12
2025-12-18,2025,18,12,12:00:00,140,144,22
2025-12-18,2025,18,12,13:00:00,151,91,23
2025-12-18,2025,18,12,14:00:00,177,151,22
2025-12-18,2025,18,12,15:00:00,294,192,17
2025-12-18,2025,18,12,16:00:00,214,103,31
2025-12-18,2025,18,12,17:00:00,306,260,29
2025-12-18,2025,18,12,18:00:00,44,54,10
2025-12-18,2025,18,12,19:00:00,4,0,0
2025-12-19,2025,19,12,08:00:00,20,0,0
2025-12-19,2025,19,12,09:00:00,61,29,29
2025-12-19,2025,19,12,10:00:00,222,242,9
2025-12-19,2025,19,12,11:00:00,283,248,16
2025-12-19,2025,19,12,12:00:00,58,66,20
2025-12-19,2025,19,12,13:00:00,111,97,22
2025-12-19,2025,19,12,14:00:00,235,136,23
2025-12-19,2025,19,12,15:00:00,295,137,17
2025-12-19,2025,19,12,16:00:00,499,493,20
2025-12-19,2025,19,12,17:00:00,359,301,25
2025-12-19,2025,19,12,18:00:00,93,75,17
2025-12-19,2025,19,12,19:00:00,3,0,0
2025-12-20,2025,20,12,08:00:00,1,0,0
2025-12-20,2025,20,12,09:00:00,271,202,17
2025-12-20,2025,20,12,10:00:00,251,143,15
2025-12-20,2025,20,12,11:00:00,407,346,26
2025-12-20,2025,20,12,12:00:00,181,147,8
2025-12-20,2025,20,12,13:00:00,79,85,28
2025-12-20,2025,20,12,14:00:00,432,363,40
2025-12-20,2025,20,12,15:00:00,421,328,45
2025-12-20,2025,20,12,16:00:00,322,385,31
2025-12-20,2025,20,12,17:00:00,205,284,31
2025-12-20,2025,20,12,18:00:00,89,110,13
2025-12-20,2025,20,12,19:00:00,3,9,0
2025-12-21,2025,21,12,10:00:00,5,0,0
2025-12-21,2025,21,12,11:00:00,13,0,0
2025-12-21,2025,21,12,12:00:00,3,0,0
2025-12-21,2025,21,12,13:00:00,8,0,0
2025-12-21,2025,21,12,14:00:00,22,0,0
2025-12-21,2025,21,12,15:00:00,10,0,0
2025-12-21,2025,21,12,16:00:00,11,0,0
2025-12-21,2025,21,12,17:00:00,6,0,0
2025-12-21,2025,21,12,18:00:00,19,0,0
2025-12-22,2025,22,12,07:00:00,8,0,0
2025-12-22,2025,22,12,08:00:00,12,0,0
2025-12-22,2025,22,12,09:00:00,3,0,0
2025-12-22,2025,22,12,10:00:00,45,0,0
2025-12-22,2025,22,12,11:00:00,23,0,0
2025-12-22,2025,22,12,12:00:00,3,0,0
2025-12-22,2025,22,12,13:00:00,1,0,0
2025-12-22,2025,22,12,14:00:00,26,0,0
2025-12-22,2025,22,12,15:00:00,1,0,0
2025-12-22,2025,22,12,16:00:00,18,0,0
2025-12-22,2025,22,12,17:00:00,11,0,0
2025-12-23,2025,23,12,06:00:00,17,0,0
2025-12-23,2025,23,12,08:00:00,4,0,0
2025-12-23,2025,23,12,09:00:00,42,11,18
2025-12-23,2025,23,12,10:00:00,123,205,23
2025-12-23,2025,23,12,11:00:00,207,238,24
2025-12-23,2025,23,12,12:00:00,115,153,30
2025-12-23,2025,23,12,13:00:00,114,127,27
2025-12-23,2025,23,12,14:00:00,215,175,36
2025-12-23,2025,23,12,15:00:00,178,299,42
2025-12-23,2025,23,12,16:00:00,196,288,43
2025-12-23,2025,23,12,17:00:00,132,286,30
2025-12-23,2025,23,12,18:00:00,20,17,0
2025-12-23,2025,23,12,19:00:00,1,0,0
2025-12-24,2025,24,12,08:00:00,3,0,0
2025-12-24,2025,24,12,09:00:00,11,10,25
2025-12-24,2025,24,12,10:00:00,115,101,19
2025-12-24,2025,24,12,11:00:00,81,128,30
2025-12-24,2025,24,12,12:00:00,152,178,16
2025-12-24,2025,24,12,13:00:00,38,13,0
2025-12-24,2025,24,12,14:00:00,1,0,0
2025-12-24,2025,24,12,15:00:00,12,0,0
2025-12-24,2025,24,12,16:00:00,3,0,0
2025-12-25,2025,25,12,12:00:00,1,0,0
2025-12-25,2025,25,12,14:00:00,2,0,0
2025-12-25,2025,25,12,15:00:00,2,0,0
2025-12-25,2025,25,12,18:00:00,4,0,0
2025-12-26,2025,26,12,08:00:00,9,0,0
2025-12-26,2025,26,12,09:00:00,26,16,10
2025-12-26,2025,26,12,10:00:00,85,111,12
2025-12-26,2025,26,12,11:00:00,70,97,17
2025-12-26,2025,26,12,12:00:00,122,50,15
2025-12-26,2025,26,12,13:00:00,147,128,29
2025-12-26,2025,26,12,14:00:00,162,189,28
2025-12-26,2025,26,12,15:00:00,103,80,32
2025-12-26,2025,26,12,16:00:00,179,190,44
2025-12-26,2025,26,12,17:00:00,162,199,16
2025-12-26,2025,26,12,18:00:00,4,5,0
2025-12-27,2025,27,12,09:00:00,18,3,9
2025-12-27,2025,27,12,10:00:00,107,102,17
2025-12-27,2025,27,12,11:00:00,139,143,23
2025-12-27,2025,27,12,12:00:00,54,116,25
2025-12-27,2025,27,12,13:00:00,121,106,22
2025-12-27,2025,27,12,14:00:00,189,134,34
2025-12-27,2025,27,12,15:00:00,207,302,30
2025-12-27,2025,27,12,16:00:00,221,229,19
2025-12-27,2025,27,12,17:00:00,70,254,15
2025-12-27,2025,27,12,18:00:00,17,0,0
2025-12-28,2025,28,12,11:00:00,1,0,0
2025-12-28,2025,28,12,13:00:00,20,0,0
2025-12-28,2025,28,12,14:00:00,12,0,0
2025-12-28,2025,28,12,15:00:00,3,0,0
2025-12-28,2025,28,12,16:00:00,25,0,0
2025-12-28,2025,28,12,17:00:00,5,0,0
2025-12-29,2025,29,12,07:00:00,2,0,0
2025-12-29,2025,29,12,09:00:00,14,0,0
2025-12-29,2025,29,12,10:00:00,10,0,0
2025-12-29,2025,29,12,11:00:00,4,0,0
2025-12-29,2025,29,12,12:00:00,13,0,0
2025-12-29,2025,29,12,13:00:00,3,0,0
2025-12-29,2025,29,12,14:00:00,14,0,0
2025-12-29,2025,29,12,15:00:00,34,0,0
2025-12-29,2025,29,12,16:00:00,1,0,0
2025-12-29,2025,29,12,18:00:00,2,0,0
2025-12-30,2025,30,12,07:00:00,11,0,0
2025-12-30,2025,30,12,08:00:00,7,0,0
2025-12-30,2025,30,12,09:00:00,43,2,10
2025-12-30,2025,30,12,10:00:00,133,100,15
2025-12-30,2025,30,12,11:00:00,131,166,18
2025-12-30,2025,30,12,12:00:00,149,181,37
2025-12-30,2025,30,12,13:00:00,196,180,41
2025-12-30,2025,30,12,14:00:00,187,204,35
2025-12-30,2025,30,12,15:00:00,337,356,48
2025-12-30,2025,30,12,16:00:00,266,297,39
2025-12-30,2025,30,12,17:00:00,181,310,37
2025-12-30,2025,30,12,18:00:00,9,26,0
2025-12-31,2025,31,12,08:00:00,6,0,0
2025-12-31,2025,31,12,09:00:00,14,20,23
2025-12-31,2025,31,12,10:00:00,164,131,24
2025-12-31,2025,31,12,11:00:00,82,121,22
2025-12-31,2025,31,12,12:00:00,102,160,18
2025-12-31,2025,31,12,13:00:00,26,9,0
2025-12-31,2025,31,12,15:00:00,13,0,0
2025-12-31,2025,31,12,17:00:00,14,0,0
2025-12-31,2025,31,12,18:00:00,3,0,0
